0 verbose cli C:\Program Files\nodejs\node.exe C:\Users\Administrator\AppData\Roaming\npm\node_modules\npm\bin\npm-cli.js
1 info using npm@11.11.0
2 info using node@v26.1.0
3 silly config load:file:C:\Users\Administrator\AppData\Roaming\npm\node_modules\npm\npmrc
4 silly config load:file:C:\Users\Administrator\Desktop\새 폴더 (2)\project\algostudy\.npmrc
5 silly config load:file:C:\Users\Administrator\.npmrc
6 silly config load:file:C:\Users\Administrator\AppData\Roaming\npm\etc\npmrc
7 verbose title npm install
8 verbose argv "install" "--cache" ".npm-cache"
9 verbose logfile logs-max:10 dir:C:\Users\Administrator\Desktop\새 폴더 (2)\project\algostudy\.npm-cache\_logs\2026-08-12T13_09_58_928Z-
10 verbose logfile C:\Users\Administrator\Desktop\새 폴더 (2)\project\algostudy\.npm-cache\_logs\2026-08-12T13_09_58_928Z-debug-0.log
11 silly logfile done cleaning log files
12 silly packumentCache heap:4395630592 maxSize:1098907648 maxEntrySize:549453824
13 silly idealTree buildDeps
14 silly fetch manifest @monaco-editor/react@^4.7.0
15 silly packumentCache full:https://registry.npmjs.org/@monaco-editor%2freact cache-miss
16 http fetch GET 200 https://registry.npmjs.org/@monaco-editor%2freact 430ms (cache miss)
17 silly packumentCache full:https://registry.npmjs.org/@monaco-editor%2freact set size:undefined disposed:false
18 silly fetch manifest monaco-editor@>= 0.25.0 < 1
19 silly packumentCache full:https://registry.npmjs.org/monaco-editor cache-miss
20 http fetch GET 200 https://registry.npmjs.org/monaco-editor 90ms (cache miss)
21 silly packumentCache full:https://registry.npmjs.org/monaco-editor set size:undefined disposed:false
22 silly fetch manifest react@^19.0.0
23 silly packumentCache full:https://registry.npmjs.org/react cache-miss
24 http fetch GET 200 https://registry.npmjs.org/react 150ms (cache miss)
25 silly packumentCache full:https://registry.npmjs.org/react set size:undefined disposed:false
26 silly fetch manifest react-dom@^19.0.0
27 silly packumentCache full:https://registry.npmjs.org/react-dom cache-miss
28 http fetch GET 200 https://registry.npmjs.org/react-dom 155ms (cache miss)
29 silly packumentCache full:https://registry.npmjs.org/react-dom set size:undefined disposed:false
30 silly fetch manifest @supabase/supabase-js@^2.57.0
31 silly packumentCache full:https://registry.npmjs.org/@supabase%2fsupabase-js cache-miss
32 http fetch GET 200 https://registry.npmjs.org/@supabase%2fsupabase-js 106ms (cache miss)
33 silly packumentCache full:https://registry.npmjs.org/@supabase%2fsupabase-js set size:undefined disposed:false
34 silly fetch manifest @opentelemetry/api@>=1.0.0
35 silly packumentCache full:https://registry.npmjs.org/@opentelemetry%2fapi cache-miss
36 http fetch GET 200 https://registry.npmjs.org/@opentelemetry%2fapi 37ms (cache miss)
37 silly packumentCache full:https://registry.npmjs.org/@opentelemetry%2fapi set size:undefined disposed:false
38 silly fetch manifest date-fns@^4.1.0
39 silly packumentCache full:https://registry.npmjs.org/date-fns cache-miss
40 http fetch GET 200 https://registry.npmjs.org/date-fns 283ms (cache miss)
41 silly packumentCache full:https://registry.npmjs.org/date-fns set size:undefined disposed:false
42 silly fetch manifest lucide-react@^0.468.0
43 silly packumentCache full:https://registry.npmjs.org/lucide-react cache-miss
44 http fetch GET 200 https://registry.npmjs.org/lucide-react 68ms (cache miss)
45 silly packumentCache full:https://registry.npmjs.org/lucide-react set size:undefined disposed:false
46 silly fetch manifest next@^16.0.0
47 silly packumentCache full:https://registry.npmjs.org/next cache-miss
48 http fetch GET 200 https://registry.npmjs.org/next 402ms (cache miss)
49 silly packumentCache full:https://registry.npmjs.org/next set size:undefined disposed:false
50 silly fetch manifest @opentelemetry/api@^1.1.0
51 silly packumentCache full:https://registry.npmjs.org/@opentelemetry%2fapi cache-miss
52 http cache https://registry.npmjs.org/@opentelemetry%2fapi 14ms (cache hit)
53 silly packumentCache full:https://registry.npmjs.org/@opentelemetry%2fapi set size:272967 disposed:false
54 silly fetch manifest @playwright/test@^1.51.1
55 silly packumentCache full:https://registry.npmjs.org/@playwright%2ftest cache-miss
56 http fetch GET 200 https://registry.npmjs.org/@playwright%2ftest 197ms (cache miss)
57 silly packumentCache full:https://registry.npmjs.org/@playwright%2ftest set size:undefined disposed:false
58 silly fetch manifest babel-plugin-react-compiler@*
59 silly packumentCache full:https://registry.npmjs.org/babel-plugin-react-compiler cache-miss
60 http fetch GET 200 https://registry.npmjs.org/babel-plugin-react-compiler 45ms (cache miss)
61 silly packumentCache full:https://registry.npmjs.org/babel-plugin-react-compiler set size:undefined disposed:false
62 silly fetch manifest sass@^1.3.0
63 silly packumentCache full:https://registry.npmjs.org/sass cache-miss
64 http fetch GET 200 https://registry.npmjs.org/sass 226ms (cache miss)
65 silly packumentCache full:https://registry.npmjs.org/sass set size:undefined disposed:false
66 silly fetch manifest @eslint/eslintrc@^3.2.0
67 silly packumentCache full:https://registry.npmjs.org/@eslint%2feslintrc cache-miss
68 http fetch GET 200 https://registry.npmjs.org/@eslint%2feslintrc 40ms (cache miss)
69 silly packumentCache full:https://registry.npmjs.org/@eslint%2feslintrc set size:undefined disposed:false
70 silly fetch manifest @testing-library/jest-dom@^6.6.3
71 silly packumentCache full:https://registry.npmjs.org/@testing-library%2fjest-dom cache-miss
72 http fetch GET 200 https://registry.npmjs.org/@testing-library%2fjest-dom 40ms (cache miss)
73 silly packumentCache full:https://registry.npmjs.org/@testing-library%2fjest-dom set size:undefined disposed:false
74 silly fetch manifest @testing-library/react@^16.1.0
75 silly packumentCache full:https://registry.npmjs.org/@testing-library%2freact cache-miss
76 http fetch GET 200 https://registry.npmjs.org/@testing-library%2freact 209ms (cache miss)
77 silly packumentCache full:https://registry.npmjs.org/@testing-library%2freact set size:undefined disposed:false
78 silly fetch manifest @testing-library/dom@^10.0.0
79 silly packumentCache full:https://registry.npmjs.org/@testing-library%2fdom cache-miss
80 http fetch GET 200 https://registry.npmjs.org/@testing-library%2fdom 220ms (cache miss)
81 silly packumentCache full:https://registry.npmjs.org/@testing-library%2fdom set size:undefined disposed:false
82 silly fetch manifest @types/react@^19.0.3
83 silly packumentCache full:https://registry.npmjs.org/@types%2freact cache-miss
84 http fetch GET 200 https://registry.npmjs.org/@types%2freact 74ms (cache miss)
85 silly packumentCache full:https://registry.npmjs.org/@types%2freact set size:undefined disposed:false
86 silly fetch manifest @types/react-dom@^19.0.2
87 silly packumentCache full:https://registry.npmjs.org/@types%2freact-dom cache-miss
88 http fetch GET 200 https://registry.npmjs.org/@types%2freact-dom 38ms (cache miss)
89 silly packumentCache full:https://registry.npmjs.org/@types%2freact-dom set size:undefined disposed:false
90 silly fetch manifest @types/node@^22.10.2
91 silly packumentCache full:https://registry.npmjs.org/@types%2fnode cache-miss
92 http fetch GET 200 https://registry.npmjs.org/@types%2fnode 177ms (cache miss)
93 silly packumentCache full:https://registry.npmjs.org/@types%2fnode set size:undefined disposed:false
94 silly fetch manifest eslint@^9.17.0
95 silly packumentCache full:https://registry.npmjs.org/eslint cache-miss
96 http fetch GET 200 https://registry.npmjs.org/eslint 73ms (cache miss)
97 silly packumentCache full:https://registry.npmjs.org/eslint set size:undefined disposed:false
98 silly fetch manifest jiti@*
99 silly packumentCache full:https://registry.npmjs.org/jiti cache-miss
100 http fetch GET 200 https://registry.npmjs.org/jiti 37ms (cache miss)
101 silly packumentCache full:https://registry.npmjs.org/jiti set size:undefined disposed:false
102 silly fetch manifest eslint-config-next@^16.0.0
103 silly packumentCache full:https://registry.npmjs.org/eslint-config-next cache-miss
104 http fetch GET 200 https://registry.npmjs.org/eslint-config-next 148ms (cache miss)
105 silly packumentCache full:https://registry.npmjs.org/eslint-config-next set size:undefined disposed:false
106 silly fetch manifest typescript@^5.7.2
107 silly packumentCache full:https://registry.npmjs.org/typescript cache-miss
108 http fetch GET 200 https://registry.npmjs.org/typescript 231ms (cache miss)
109 silly packumentCache full:https://registry.npmjs.org/typescript set size:undefined disposed:false
110 silly fetch manifest jsdom@^25.0.1
111 silly packumentCache full:https://registry.npmjs.org/jsdom cache-miss
112 http fetch GET 200 https://registry.npmjs.org/jsdom 45ms (cache miss)
113 silly packumentCache full:https://registry.npmjs.org/jsdom set size:undefined disposed:false
114 silly fetch manifest canvas@^2.11.2
115 silly packumentCache full:https://registry.npmjs.org/canvas cache-miss
116 http fetch GET 200 https://registry.npmjs.org/canvas 29ms (cache miss)
117 silly packumentCache full:https://registry.npmjs.org/canvas set size:undefined disposed:false
118 silly fetch manifest vitest@^2.1.8
119 silly packumentCache full:https://registry.npmjs.org/vitest cache-miss
120 http fetch GET 200 https://registry.npmjs.org/vitest 76ms (cache miss)
121 silly packumentCache full:https://registry.npmjs.org/vitest set size:undefined disposed:false
122 silly fetch manifest @edge-runtime/vm@*
123 silly packumentCache full:https://registry.npmjs.org/@edge-runtime%2fvm cache-miss
124 http fetch GET 200 https://registry.npmjs.org/@edge-runtime%2fvm 45ms (cache miss)
125 silly packumentCache full:https://registry.npmjs.org/@edge-runtime%2fvm set size:undefined disposed:false
126 silly fetch manifest @vitest/browser@2.1.9
127 silly packumentCache full:https://registry.npmjs.org/@vitest%2fbrowser cache-miss
128 http fetch GET 200 https://registry.npmjs.org/@vitest%2fbrowser 51ms (cache miss)
129 silly packumentCache full:https://registry.npmjs.org/@vitest%2fbrowser set size:undefined disposed:false
130 silly fetch manifest playwright@*
131 silly packumentCache full:https://registry.npmjs.org/playwright cache-miss
132 http fetch GET 200 https://registry.npmjs.org/playwright 399ms (cache miss)
133 silly packumentCache full:https://registry.npmjs.org/playwright set size:undefined disposed:false
134 silly fetch manifest webdriverio@*
135 silly packumentCache full:https://registry.npmjs.org/webdriverio cache-miss
136 http fetch GET 200 https://registry.npmjs.org/webdriverio 92ms (cache miss)
137 silly packumentCache full:https://registry.npmjs.org/webdriverio set size:undefined disposed:false
138 silly fetch manifest puppeteer-core@>=22.x || <=24.x
139 silly packumentCache full:https://registry.npmjs.org/puppeteer-core cache-miss
140 http fetch GET 200 https://registry.npmjs.org/puppeteer-core 52ms (cache miss)
141 silly packumentCache full:https://registry.npmjs.org/puppeteer-core set size:undefined disposed:false
142 silly fetch manifest @vitest/ui@2.1.9
143 silly packumentCache full:https://registry.npmjs.org/@vitest%2fui cache-miss
144 http fetch GET 200 https://registry.npmjs.org/@vitest%2fui 63ms (cache miss)
145 silly packumentCache full:https://registry.npmjs.org/@vitest%2fui set size:undefined disposed:false
146 silly fetch manifest happy-dom@*
147 silly packumentCache full:https://registry.npmjs.org/happy-dom cache-miss
148 http fetch GET 200 https://registry.npmjs.org/happy-dom 79ms (cache miss)
149 silly packumentCache full:https://registry.npmjs.org/happy-dom set size:undefined disposed:false
150 silly placeDep ROOT @eslint/eslintrc@3.3.6 OK for: algomate@0.1.0 want: ^3.2.0
151 silly placeDep ROOT @monaco-editor/react@4.7.0 OK for: algomate@0.1.0 want: ^4.7.0
152 silly placeDep ROOT react@19.2.8 OK for: @monaco-editor/react@4.7.0 want: ^16.8.0 || ^17.0.0 || ^18.0.0 || ^19.0.0
153 silly placeDep ROOT react-dom@19.2.8 OK for: @monaco-editor/react@4.7.0 want: ^16.8.0 || ^17.0.0 || ^18.0.0 || ^19.0.0
154 silly placeDep ROOT monaco-editor@0.56.0 OK for: @monaco-editor/react@4.7.0 want: >= 0.25.0 < 1
155 silly placeDep ROOT @supabase/supabase-js@2.112.3 OK for: algomate@0.1.0 want: ^2.57.0
156 silly placeDep ROOT @testing-library/jest-dom@6.9.1 OK for: algomate@0.1.0 want: ^6.6.3
157 silly placeDep ROOT @testing-library/react@16.3.2 OK for: algomate@0.1.0 want: ^16.1.0
158 silly placeDep ROOT @testing-library/dom@10.4.1 OK for: @testing-library/react@16.3.2 want: ^10.0.0
159 silly placeDep ROOT @types/node@22.20.1 OK for: algomate@0.1.0 want: ^22.10.2
160 silly placeDep ROOT @types/react@19.2.18 OK for: algomate@0.1.0 want: ^19.0.3
161 silly placeDep ROOT @types/react-dom@19.2.4 OK for: algomate@0.1.0 want: ^19.0.2
162 silly placeDep ROOT date-fns@4.4.0 OK for: algomate@0.1.0 want: ^4.1.0
163 silly placeDep ROOT eslint@9.39.5 OK for: algomate@0.1.0 want: ^9.17.0
164 silly placeDep ROOT eslint-config-next@16.3.0 OK for: algomate@0.1.0 want: ^16.0.0
165 silly placeDep ROOT jsdom@25.0.1 OK for: algomate@0.1.0 want: ^25.0.1
166 silly placeDep ROOT lucide-react@0.468.0 OK for: algomate@0.1.0 want: ^0.468.0
167 silly placeDep ROOT next@16.3.0 OK for: algomate@0.1.0 want: ^16.0.0
168 silly placeDep ROOT typescript@5.9.3 OK for: algomate@0.1.0 want: ^5.7.2
169 silly placeDep ROOT vitest@2.1.9 OK for: algomate@0.1.0 want: ^2.1.8
170 silly fetch manifest ajv@^6.14.0
171 silly packumentCache full:https://registry.npmjs.org/ajv cache-miss
172 silly fetch manifest debug@^4.3.2
173 silly packumentCache full:https://registry.npmjs.org/debug cache-miss
174 silly fetch manifest espree@^10.0.1
175 silly packumentCache full:https://registry.npmjs.org/espree cache-miss
176 silly fetch manifest globals@^14.0.0
177 silly packumentCache full:https://registry.npmjs.org/globals cache-miss
178 silly fetch manifest ignore@^5.2.0
179 silly packumentCache full:https://registry.npmjs.org/ignore cache-miss
180 silly fetch manifest import-fresh@^3.2.1
181 silly packumentCache full:https://registry.npmjs.org/import-fresh cache-miss
182 silly fetch manifest js-yaml@^4.3.0
183 silly packumentCache full:https://registry.npmjs.org/js-yaml cache-miss
184 silly fetch manifest minimatch@^3.1.5
185 silly packumentCache full:https://registry.npmjs.org/minimatch cache-miss
186 silly fetch manifest strip-json-comments@^3.1.1
187 silly packumentCache full:https://registry.npmjs.org/strip-json-comments cache-miss
188 silly fetch manifest @monaco-editor/loader@^1.5.0
189 silly packumentCache full:https://registry.npmjs.org/@monaco-editor%2floader cache-miss
190 silly fetch manifest marked@14.0.0
191 silly packumentCache full:https://registry.npmjs.org/marked cache-miss
192 http fetch GET 200 https://registry.npmjs.org/import-fresh 120ms (cache miss)
193 silly packumentCache full:https://registry.npmjs.org/import-fresh set size:undefined disposed:false
194 silly fetch manifest dompurify@3.4.8
195 silly packumentCache full:https://registry.npmjs.org/dompurify cache-miss
196 http fetch GET 200 https://registry.npmjs.org/strip-json-comments 125ms (cache miss)
197 silly packumentCache full:https://registry.npmjs.org/strip-json-comments set size:undefined disposed:false
198 silly fetch manifest scheduler@^0.27.0
199 silly packumentCache full:https://registry.npmjs.org/scheduler cache-miss
200 http fetch GET 200 https://registry.npmjs.org/ajv 136ms (cache miss)
201 silly packumentCache full:https://registry.npmjs.org/ajv set size:undefined disposed:false
202 silly fetch manifest @supabase/auth-js@2.112.3
203 silly packumentCache full:https://registry.npmjs.org/@supabase%2fauth-js cache-miss
204 http fetch GET 200 https://registry.npmjs.org/debug 166ms (cache miss)
205 silly packumentCache full:https://registry.npmjs.org/debug set size:undefined disposed:false
206 silly fetch manifest @supabase/storage-js@2.112.3
207 silly packumentCache full:https://registry.npmjs.org/@supabase%2fstorage-js cache-miss
208 http fetch GET 200 https://registry.npmjs.org/js-yaml 174ms (cache miss)
209 silly packumentCache full:https://registry.npmjs.org/js-yaml set size:undefined disposed:false
210 silly fetch manifest @supabase/realtime-js@2.112.3
211 silly packumentCache full:https://registry.npmjs.org/@supabase%2frealtime-js cache-miss
212 http fetch GET 200 https://registry.npmjs.org/ignore 290ms (cache miss)
213 silly packumentCache full:https://registry.npmjs.org/ignore set size:undefined disposed:false
214 silly fetch manifest @supabase/functions-js@2.112.3
215 silly packumentCache full:https://registry.npmjs.org/@supabase%2ffunctions-js cache-miss
216 http fetch GET 200 https://registry.npmjs.org/globals 313ms (cache miss)
217 silly packumentCache full:https://registry.npmjs.org/globals set size:undefined disposed:false
218 silly fetch manifest @supabase/postgrest-js@2.112.3
219 silly packumentCache full:https://registry.npmjs.org/@supabase%2fpostgrest-js cache-miss
220 http fetch GET 200 https://registry.npmjs.org/espree 321ms (cache miss)
221 silly packumentCache full:https://registry.npmjs.org/espree set size:undefined disposed:false
222 silly fetch manifest redent@^3.0.0
223 silly packumentCache full:https://registry.npmjs.org/redent cache-miss
224 http fetch GET 200 https://registry.npmjs.org/minimatch 349ms (cache miss)
225 silly packumentCache full:https://registry.npmjs.org/minimatch set size:undefined disposed:false
226 silly fetch manifest aria-query@^5.0.0
227 silly packumentCache full:https://registry.npmjs.org/aria-query cache-miss
228 http fetch GET 200 https://registry.npmjs.org/redent 70ms (cache miss)
229 silly packumentCache full:https://registry.npmjs.org/redent set size:undefined disposed:false
230 silly fetch manifest css.escape@^1.5.1
231 silly packumentCache full:https://registry.npmjs.org/css.escape cache-miss
232 http fetch GET 200 https://registry.npmjs.org/marked 416ms (cache miss)
233 silly packumentCache full:https://registry.npmjs.org/marked set size:undefined disposed:false
234 silly fetch manifest picocolors@^1.1.1
235 silly packumentCache full:https://registry.npmjs.org/picocolors cache-miss
236 http fetch GET 200 https://registry.npmjs.org/dompurify 316ms (cache miss)
237 silly packumentCache full:https://registry.npmjs.org/dompurify set size:undefined disposed:false
238 silly fetch manifest @adobe/css-tools@^4.4.0
239 silly packumentCache full:https://registry.npmjs.org/@adobe%2fcss-tools cache-miss
240 http fetch GET 200 https://registry.npmjs.org/aria-query 132ms (cache miss)
241 silly packumentCache full:https://registry.npmjs.org/aria-query set size:undefined disposed:false
242 silly fetch manifest dom-accessibility-api@^0.6.3
243 silly packumentCache full:https://registry.npmjs.org/dom-accessibility-api cache-miss
244 http fetch GET 200 https://registry.npmjs.org/picocolors 66ms (cache miss)
245 silly packumentCache full:https://registry.npmjs.org/picocolors set size:undefined disposed:false
246 silly fetch manifest @babel/runtime@^7.12.5
247 silly packumentCache full:https://registry.npmjs.org/@babel%2fruntime cache-miss
248 http fetch GET 200 https://registry.npmjs.org/@monaco-editor%2floader 504ms (cache miss)
249 silly packumentCache full:https://registry.npmjs.org/@monaco-editor%2floader set size:undefined disposed:false
250 silly fetch manifest lz-string@^1.5.0
251 silly packumentCache full:https://registry.npmjs.org/lz-string cache-miss
252 http fetch GET 200 https://registry.npmjs.org/@adobe%2fcss-tools 86ms (cache miss)
253 silly packumentCache full:https://registry.npmjs.org/@adobe%2fcss-tools set size:undefined disposed:false
254 silly fetch manifest aria-query@5.3.0
255 silly packumentCache full:https://registry.npmjs.org/aria-query cache-miss
256 http fetch GET 200 https://registry.npmjs.org/dom-accessibility-api 54ms (cache miss)
257 silly packumentCache full:https://registry.npmjs.org/dom-accessibility-api set size:undefined disposed:false
258 silly fetch manifest picocolors@1.1.1
259 silly packumentCache full:https://registry.npmjs.org/picocolors cache-miss
260 http fetch GET 200 https://registry.npmjs.org/lz-string 41ms (cache miss)
261 silly packumentCache full:https://registry.npmjs.org/lz-string set size:undefined disposed:false
262 silly fetch manifest pretty-format@^27.0.2
263 silly packumentCache full:https://registry.npmjs.org/pretty-format cache-miss
264 http fetch GET 200 https://registry.npmjs.org/@supabase%2fauth-js 409ms (cache miss)
265 silly packumentCache full:https://registry.npmjs.org/@supabase%2fauth-js set size:undefined disposed:false
266 silly fetch manifest @babel/runtime@^7.12.5
267 silly packumentCache full:https://registry.npmjs.org/@babel%2fruntime cache-miss
268 http fetch GET 200 https://registry.npmjs.org/@supabase%2ffunctions-js 270ms (cache miss)
269 silly packumentCache full:https://registry.npmjs.org/@supabase%2ffunctions-js set size:undefined disposed:false
270 silly fetch manifest @babel/code-frame@^7.10.4
271 silly packumentCache full:https://registry.npmjs.org/@babel%2fcode-frame cache-miss
272 http cache https://registry.npmjs.org/aria-query 42ms (cache hit)
273 silly packumentCache full:https://registry.npmjs.org/aria-query set size:98864 disposed:false
274 silly fetch manifest @types/aria-query@^5.0.1
275 silly packumentCache full:https://registry.npmjs.org/@types%2faria-query cache-miss
276 http fetch GET 200 https://registry.npmjs.org/@supabase%2fstorage-js 412ms (cache miss)
277 silly packumentCache full:https://registry.npmjs.org/@supabase%2fstorage-js set size:undefined disposed:false
278 silly fetch manifest dom-accessibility-api@^0.5.9
279 silly packumentCache full:https://registry.npmjs.org/dom-accessibility-api cache-miss
280 http cache https://registry.npmjs.org/picocolors 51ms (cache hit)
281 silly packumentCache full:https://registry.npmjs.org/picocolors set size:16648 disposed:false
282 silly fetch manifest undici-types@~6.21.0
283 silly packumentCache full:https://registry.npmjs.org/undici-types cache-miss
284 http cache https://registry.npmjs.org/dom-accessibility-api 21ms (cache hit)
285 silly packumentCache full:https://registry.npmjs.org/dom-accessibility-api set size:175425 disposed:false
286 silly fetch manifest csstype@^3.2.2
287 silly packumentCache full:https://registry.npmjs.org/csstype cache-miss
288 http fetch GET 200 https://registry.npmjs.org/css.escape 221ms (cache miss)
289 silly packumentCache full:https://registry.npmjs.org/css.escape set size:undefined disposed:false
290 silly fetch manifest chalk@^4.0.0
291 silly packumentCache full:https://registry.npmjs.org/chalk cache-miss
292 http fetch GET 200 https://registry.npmjs.org/@supabase%2fpostgrest-js 314ms (cache miss)
293 silly packumentCache full:https://registry.npmjs.org/@supabase%2fpostgrest-js set size:undefined disposed:false
294 silly fetch manifest espree@^10.4.0
295 silly packumentCache full:https://registry.npmjs.org/espree cache-miss
296 http cache https://registry.npmjs.org/espree 22ms (cache hit)
297 silly packumentCache full:https://registry.npmjs.org/espree set size:326080 disposed:false
298 silly fetch manifest esquery@^1.5.0
299 silly packumentCache full:https://registry.npmjs.org/esquery cache-miss
300 http fetch GET 200 https://registry.npmjs.org/@babel%2fcode-frame 96ms (cache miss)
301 silly packumentCache full:https://registry.npmjs.org/@babel%2fcode-frame set size:undefined disposed:false
302 silly fetch manifest esutils@^2.0.2
303 silly packumentCache full:https://registry.npmjs.org/esutils cache-miss
304 http fetch GET 200 https://registry.npmjs.org/undici-types 76ms (cache miss)
305 silly packumentCache full:https://registry.npmjs.org/undici-types set size:undefined disposed:false
306 silly fetch manifest find-up@^5.0.0
307 silly packumentCache full:https://registry.npmjs.org/find-up cache-miss
308 http fetch GET 200 https://registry.npmjs.org/chalk 61ms (cache miss)
309 silly packumentCache full:https://registry.npmjs.org/chalk set size:undefined disposed:false
310 silly fetch manifest is-glob@^4.0.0
311 silly packumentCache full:https://registry.npmjs.org/is-glob cache-miss
312 http fetch GET 200 https://registry.npmjs.org/csstype 76ms (cache miss)
313 silly packumentCache full:https://registry.npmjs.org/csstype set size:undefined disposed:false
314 silly fetch manifest @eslint/js@9.39.5
315 silly packumentCache full:https://registry.npmjs.org/@eslint%2fjs cache-miss
316 http fetch GET 200 https://registry.npmjs.org/esutils 33ms (cache miss)
317 silly packumentCache full:https://registry.npmjs.org/esutils set size:undefined disposed:false
318 silly fetch manifest optionator@^0.9.3
319 silly packumentCache full:https://registry.npmjs.org/optionator cache-miss
320 http fetch GET 200 https://registry.npmjs.org/esquery 42ms (cache miss)
321 silly packumentCache full:https://registry.npmjs.org/esquery set size:undefined disposed:false
322 silly fetch manifest cross-spawn@^7.0.6
323 silly packumentCache full:https://registry.npmjs.org/cross-spawn cache-miss
324 http fetch GET 200 https://registry.npmjs.org/find-up 35ms (cache miss)
325 silly packumentCache full:https://registry.npmjs.org/find-up set size:undefined disposed:false
326 silly fetch manifest glob-parent@^6.0.2
327 silly packumentCache full:https://registry.npmjs.org/glob-parent cache-miss
328 http fetch GET 200 https://registry.npmjs.org/is-glob 41ms (cache miss)
329 silly packumentCache full:https://registry.npmjs.org/is-glob set size:undefined disposed:false
330 silly fetch manifest imurmurhash@^0.1.4
331 silly packumentCache full:https://registry.npmjs.org/imurmurhash cache-miss
332 http fetch GET 200 https://registry.npmjs.org/@supabase%2frealtime-js 568ms (cache miss)
333 silly packumentCache full:https://registry.npmjs.org/@supabase%2frealtime-js set size:undefined disposed:false
334 silly fetch manifest @eslint/core@^0.17.0
335 silly packumentCache full:https://registry.npmjs.org/@eslint%2fcore cache-miss
336 http fetch GET 200 https://registry.npmjs.org/optionator 52ms (cache miss)
337 silly packumentCache full:https://registry.npmjs.org/optionator set size:undefined disposed:false
338 silly fetch manifest eslint-scope@^8.4.0
339 silly packumentCache full:https://registry.npmjs.org/eslint-scope cache-miss
340 http fetch GET 200 https://registry.npmjs.org/@eslint%2fjs 69ms (cache miss)
341 silly packumentCache full:https://registry.npmjs.org/@eslint%2fjs set size:undefined disposed:false
342 silly fetch manifest lodash.merge@^4.6.2
343 silly packumentCache full:https://registry.npmjs.org/lodash.merge cache-miss
344 http fetch GET 200 https://registry.npmjs.org/cross-spawn 58ms (cache miss)
345 silly packumentCache full:https://registry.npmjs.org/cross-spawn set size:undefined disposed:false
346 silly fetch manifest @humanfs/node@^0.16.6
347 silly packumentCache full:https://registry.npmjs.org/@humanfs%2fnode cache-miss
348 http fetch GET 200 https://registry.npmjs.org/glob-parent 55ms (cache miss)
349 silly packumentCache full:https://registry.npmjs.org/glob-parent set size:undefined disposed:false
350 silly fetch manifest @types/estree@^1.0.6
351 silly packumentCache full:https://registry.npmjs.org/@types%2festree cache-miss
352 http fetch GET 200 https://registry.npmjs.org/imurmurhash 60ms (cache miss)
353 silly packumentCache full:https://registry.npmjs.org/imurmurhash set size:undefined disposed:false
354 silly fetch manifest fast-deep-equal@^3.1.3
355 silly packumentCache full:https://registry.npmjs.org/fast-deep-equal cache-miss
356 http fetch GET 200 https://registry.npmjs.org/@types%2faria-query 217ms (cache miss)
357 silly packumentCache full:https://registry.npmjs.org/@types%2faria-query set size:undefined disposed:false
358 silly fetch manifest natural-compare@^1.4.0
359 silly packumentCache full:https://registry.npmjs.org/natural-compare cache-miss
360 http fetch GET 200 https://registry.npmjs.org/pretty-format 254ms (cache miss)
361 silly packumentCache full:https://registry.npmjs.org/pretty-format set size:undefined disposed:false
362 silly fetch manifest file-entry-cache@^8.0.0
363 silly packumentCache full:https://registry.npmjs.org/file-entry-cache cache-miss
364 http fetch GET 200 https://registry.npmjs.org/eslint-scope 54ms (cache miss)
365 silly packumentCache full:https://registry.npmjs.org/eslint-scope set size:undefined disposed:false
366 silly fetch manifest @eslint/plugin-kit@^0.4.1
367 silly packumentCache full:https://registry.npmjs.org/@eslint%2fplugin-kit cache-miss
368 http fetch GET 200 https://registry.npmjs.org/@eslint%2fcore 72ms (cache miss)
369 silly packumentCache full:https://registry.npmjs.org/@eslint%2fcore set size:undefined disposed:false
370 silly fetch manifest eslint-visitor-keys@^4.2.1
371 silly packumentCache full:https://registry.npmjs.org/eslint-visitor-keys cache-miss
372 http fetch GET 200 https://registry.npmjs.org/lodash.merge 64ms (cache miss)
373 silly packumentCache full:https://registry.npmjs.org/lodash.merge set size:undefined disposed:false
374 silly fetch manifest @eslint/config-array@^0.21.2
375 silly packumentCache full:https://registry.npmjs.org/@eslint%2fconfig-array cache-miss
376 http fetch GET 200 https://registry.npmjs.org/@types%2festree 65ms (cache miss)
377 silly packumentCache full:https://registry.npmjs.org/@types%2festree set size:undefined disposed:false
378 silly fetch manifest @humanwhocodes/retry@^0.4.2
379 silly packumentCache full:https://registry.npmjs.org/@humanwhocodes%2fretry cache-miss
380 http fetch GET 200 https://registry.npmjs.org/@babel%2fruntime 343ms (cache miss)
381 silly packumentCache full:https://registry.npmjs.org/@babel%2fruntime set size:undefined disposed:false
382 silly fetch manifest escape-string-regexp@^4.0.0
383 silly packumentCache full:https://registry.npmjs.org/escape-string-regexp cache-miss
384 http fetch GET 200 https://registry.npmjs.org/natural-compare 76ms (cache miss)
385 silly packumentCache full:https://registry.npmjs.org/natural-compare set size:undefined disposed:false
386 silly fetch manifest @eslint/config-helpers@^0.4.2
387 silly packumentCache full:https://registry.npmjs.org/@eslint%2fconfig-helpers cache-miss
388 http fetch GET 200 https://registry.npmjs.org/scheduler 747ms (cache miss)
389 silly packumentCache full:https://registry.npmjs.org/scheduler set size:undefined disposed:false
390 silly fetch manifest @eslint-community/regexpp@^4.12.1
391 silly packumentCache full:https://registry.npmjs.org/@eslint-community%2fregexpp cache-miss
392 http fetch GET 200 https://registry.npmjs.org/@humanfs%2fnode 144ms (cache miss)
393 silly packumentCache full:https://registry.npmjs.org/@humanfs%2fnode set size:undefined disposed:false
394 silly fetch manifest @eslint-community/eslint-utils@^4.8.0
395 silly packumentCache full:https://registry.npmjs.org/@eslint-community%2feslint-utils cache-miss
396 http fetch GET 200 https://registry.npmjs.org/fast-deep-equal 129ms (cache miss)
397 silly packumentCache full:https://registry.npmjs.org/fast-deep-equal set size:undefined disposed:false
398 silly fetch manifest @humanwhocodes/module-importer@^1.0.1
399 silly packumentCache full:https://registry.npmjs.org/@humanwhocodes%2fmodule-importer cache-miss
400 http fetch GET 200 https://registry.npmjs.org/file-entry-cache 143ms (cache miss)
401 silly packumentCache full:https://registry.npmjs.org/file-entry-cache set size:undefined disposed:false
402 silly fetch manifest json-stable-stringify-without-jsonify@^1.0.1
403 silly packumentCache full:https://registry.npmjs.org/json-stable-stringify-without-jsonify cache-miss
404 http fetch GET 200 https://registry.npmjs.org/eslint-visitor-keys 151ms (cache miss)
405 silly packumentCache full:https://registry.npmjs.org/eslint-visitor-keys set size:undefined disposed:false
406 silly fetch manifest globals@16.4.0
407 silly packumentCache full:https://registry.npmjs.org/globals cache-miss
408 http fetch GET 200 https://registry.npmjs.org/@eslint%2fplugin-kit 170ms (cache miss)
409 silly packumentCache full:https://registry.npmjs.org/@eslint%2fplugin-kit set size:undefined disposed:false
410 silly fetch manifest typescript-eslint@^8.46.0
411 silly packumentCache full:https://registry.npmjs.org/typescript-eslint cache-miss
412 http fetch GET 200 https://registry.npmjs.org/escape-string-regexp 144ms (cache miss)
413 silly packumentCache full:https://registry.npmjs.org/escape-string-regexp set size:undefined disposed:false
414 silly fetch manifest eslint-plugin-react@^7.37.0
415 silly packumentCache full:https://registry.npmjs.org/eslint-plugin-react cache-miss
416 http fetch GET 200 https://registry.npmjs.org/@humanwhocodes%2fretry 166ms (cache miss)
417 silly packumentCache full:https://registry.npmjs.org/@humanwhocodes%2fretry set size:undefined disposed:false
418 silly fetch manifest eslint-plugin-import@^2.32.0
419 silly packumentCache full:https://registry.npmjs.org/eslint-plugin-import cache-miss
420 http fetch GET 200 https://registry.npmjs.org/@eslint%2fconfig-array 191ms (cache miss)
421 silly packumentCache full:https://registry.npmjs.org/@eslint%2fconfig-array set size:undefined disposed:false
422 silly fetch manifest eslint-plugin-jsx-a11y@^6.10.0
423 silly packumentCache full:https://registry.npmjs.org/eslint-plugin-jsx-a11y cache-miss
424 http fetch GET 200 https://registry.npmjs.org/@humanwhocodes%2fmodule-importer 109ms (cache miss)
425 silly packumentCache full:https://registry.npmjs.org/@humanwhocodes%2fmodule-importer set size:undefined disposed:false
426 silly fetch manifest @next/eslint-plugin-next@16.3.0
427 silly packumentCache full:https://registry.npmjs.org/@next%2feslint-plugin-next cache-miss
428 http fetch GET 200 https://registry.npmjs.org/json-stable-stringify-without-jsonify 80ms (cache miss)
429 silly packumentCache full:https://registry.npmjs.org/json-stable-stringify-without-jsonify set size:undefined disposed:false
430 silly fetch manifest eslint-plugin-react-hooks@^7.0.0
431 silly packumentCache full:https://registry.npmjs.org/eslint-plugin-react-hooks cache-miss
432 http fetch GET 200 https://registry.npmjs.org/@eslint-community%2feslint-utils 121ms (cache miss)
433 silly packumentCache full:https://registry.npmjs.org/@eslint-community%2feslint-utils set size:undefined disposed:false
434 silly fetch manifest eslint-import-resolver-node@^0.3.6
435 silly packumentCache full:https://registry.npmjs.org/eslint-import-resolver-node cache-miss
436 http fetch GET 200 https://registry.npmjs.org/@eslint-community%2fregexpp 144ms (cache miss)
437 silly packumentCache full:https://registry.npmjs.org/@eslint-community%2fregexpp set size:undefined disposed:false
438 silly fetch manifest eslint-import-resolver-typescript@^3.5.2
439 silly packumentCache full:https://registry.npmjs.org/eslint-import-resolver-typescript cache-miss
440 http cache https://registry.npmjs.org/globals 62ms (cache hit)
441 silly packumentCache full:https://registry.npmjs.org/globals set size:335107 disposed:false
442 silly fetch manifest ws@^8.18.0
443 silly packumentCache full:https://registry.npmjs.org/ws cache-miss
444 http fetch GET 200 https://registry.npmjs.org/@eslint%2fconfig-helpers 176ms (cache miss)
445 silly packumentCache full:https://registry.npmjs.org/@eslint%2fconfig-helpers set size:undefined disposed:false
446 silly fetch manifest saxes@^6.0.0
447 silly packumentCache full:https://registry.npmjs.org/saxes cache-miss
448 http fetch GET 200 https://registry.npmjs.org/@babel%2fruntime 514ms (cache miss)
449 silly packumentCache full:https://registry.npmjs.org/@babel%2fruntime set size:undefined disposed:false
450 silly fetch manifest nwsapi@^2.2.12
451 silly packumentCache full:https://registry.npmjs.org/nwsapi cache-miss
452 http fetch GET 200 https://registry.npmjs.org/eslint-import-resolver-node 79ms (cache miss)
453 silly packumentCache full:https://registry.npmjs.org/eslint-import-resolver-node set size:undefined disposed:false
454 silly fetch manifest parse5@^7.1.2
455 silly packumentCache full:https://registry.npmjs.org/parse5 cache-miss
456 http fetch GET 200 https://registry.npmjs.org/eslint-plugin-import 114ms (cache miss)
457 silly packumentCache full:https://registry.npmjs.org/eslint-plugin-import set size:undefined disposed:false
458 silly fetch manifest cssstyle@^4.1.0
459 silly packumentCache full:https://registry.npmjs.org/cssstyle cache-miss
460 http fetch GET 200 https://registry.npmjs.org/eslint-plugin-jsx-a11y 109ms (cache miss)
461 silly packumentCache full:https://registry.npmjs.org/eslint-plugin-jsx-a11y set size:undefined disposed:false
462 silly fetch manifest data-urls@^5.0.0
463 silly packumentCache full:https://registry.npmjs.org/data-urls cache-miss
464 http fetch GET 200 https://registry.npmjs.org/eslint-plugin-react 134ms (cache miss)
465 silly packumentCache full:https://registry.npmjs.org/eslint-plugin-react set size:undefined disposed:false
466 silly fetch manifest form-data@^4.0.0
467 silly packumentCache full:https://registry.npmjs.org/form-data cache-miss
468 http fetch GET 200 https://registry.npmjs.org/saxes 102ms (cache miss)
469 silly packumentCache full:https://registry.npmjs.org/saxes set size:undefined disposed:false
470 silly fetch manifest decimal.js@^10.4.3
471 silly packumentCache full:https://registry.npmjs.org/decimal.js cache-miss
472 http fetch GET 200 https://registry.npmjs.org/nwsapi 63ms (cache miss)
473 silly packumentCache full:https://registry.npmjs.org/nwsapi set size:undefined disposed:false
474 silly fetch manifest whatwg-url@^14.0.0
475 silly packumentCache full:https://registry.npmjs.org/whatwg-url cache-miss
476 http fetch GET 200 https://registry.npmjs.org/ws 120ms (cache miss)
477 silly packumentCache full:https://registry.npmjs.org/ws set size:undefined disposed:false
478 silly fetch manifest rrweb-cssom@^0.7.1
479 silly packumentCache full:https://registry.npmjs.org/rrweb-cssom cache-miss
480 http fetch GET 200 https://registry.npmjs.org/parse5 64ms (cache miss)
481 silly packumentCache full:https://registry.npmjs.org/parse5 set size:undefined disposed:false
482 silly fetch manifest symbol-tree@^3.2.4
483 silly packumentCache full:https://registry.npmjs.org/symbol-tree cache-miss
484 http fetch GET 200 https://registry.npmjs.org/data-urls 55ms (cache miss)
485 silly packumentCache full:https://registry.npmjs.org/data-urls set size:undefined disposed:false
486 silly fetch manifest tough-cookie@^5.0.0
487 silly packumentCache full:https://registry.npmjs.org/tough-cookie cache-miss
488 http fetch GET 200 https://registry.npmjs.org/cssstyle 69ms (cache miss)
489 silly packumentCache full:https://registry.npmjs.org/cssstyle set size:undefined disposed:false
490 silly fetch manifest whatwg-encoding@^3.1.1
491 silly packumentCache full:https://registry.npmjs.org/whatwg-encoding cache-miss
492 http fetch GET 200 https://registry.npmjs.org/form-data 60ms (cache miss)
493 silly packumentCache full:https://registry.npmjs.org/form-data set size:undefined disposed:false
494 silly fetch manifest whatwg-mimetype@^4.0.0
495 silly packumentCache full:https://registry.npmjs.org/whatwg-mimetype cache-miss
496 http fetch GET 200 https://registry.npmjs.org/decimal.js 54ms (cache miss)
497 silly packumentCache full:https://registry.npmjs.org/decimal.js set size:undefined disposed:false
498 silly fetch manifest http-proxy-agent@^7.0.2
499 silly packumentCache full:https://registry.npmjs.org/http-proxy-agent cache-miss
500 http fetch GET 200 https://registry.npmjs.org/rrweb-cssom 46ms (cache miss)
501 silly packumentCache full:https://registry.npmjs.org/rrweb-cssom set size:undefined disposed:false
502 silly fetch manifest https-proxy-agent@^7.0.5
503 silly packumentCache full:https://registry.npmjs.org/https-proxy-agent cache-miss
504 http fetch GET 200 https://registry.npmjs.org/whatwg-url 67ms (cache miss)
505 silly packumentCache full:https://registry.npmjs.org/whatwg-url set size:undefined disposed:false
506 silly fetch manifest w3c-xmlserializer@^5.0.0
507 silly packumentCache full:https://registry.npmjs.org/w3c-xmlserializer cache-miss
508 http fetch GET 200 https://registry.npmjs.org/symbol-tree 56ms (cache miss)
509 silly packumentCache full:https://registry.npmjs.org/symbol-tree set size:undefined disposed:false
510 silly fetch manifest webidl-conversions@^7.0.0
511 silly packumentCache full:https://registry.npmjs.org/webidl-conversions cache-miss
512 http fetch GET 200 https://registry.npmjs.org/whatwg-mimetype 60ms (cache miss)
513 silly packumentCache full:https://registry.npmjs.org/whatwg-mimetype set size:undefined disposed:false
514 silly fetch manifest xml-name-validator@^5.0.0
515 silly packumentCache full:https://registry.npmjs.org/xml-name-validator cache-miss
516 http fetch GET 200 https://registry.npmjs.org/whatwg-encoding 69ms (cache miss)
517 silly packumentCache full:https://registry.npmjs.org/whatwg-encoding set size:undefined disposed:false
518 silly fetch manifest html-encoding-sniffer@^4.0.0
519 silly packumentCache full:https://registry.npmjs.org/html-encoding-sniffer cache-miss
520 http fetch GET 200 https://registry.npmjs.org/tough-cookie 78ms (cache miss)
521 silly packumentCache full:https://registry.npmjs.org/tough-cookie set size:undefined disposed:false
522 silly fetch manifest is-potential-custom-element-name@^1.0.1
523 silly packumentCache full:https://registry.npmjs.org/is-potential-custom-element-name cache-miss
524 http fetch GET 200 https://registry.npmjs.org/http-proxy-agent 65ms (cache miss)
525 silly packumentCache full:https://registry.npmjs.org/http-proxy-agent set size:undefined disposed:false
526 silly fetch manifest postcss@8.5.23
527 silly packumentCache full:https://registry.npmjs.org/postcss cache-miss
528 http fetch GET 200 https://registry.npmjs.org/https-proxy-agent 61ms (cache miss)
529 silly packumentCache full:https://registry.npmjs.org/https-proxy-agent set size:undefined disposed:false
530 silly fetch manifest @next/env@16.3.0
531 silly packumentCache full:https://registry.npmjs.org/@next%2fenv cache-miss
532 http fetch GET 200 https://registry.npmjs.org/w3c-xmlserializer 64ms (cache miss)
533 silly packumentCache full:https://registry.npmjs.org/w3c-xmlserializer set size:undefined disposed:false
534 silly fetch manifest styled-jsx@5.1.6
535 silly packumentCache full:https://registry.npmjs.org/styled-jsx cache-miss
536 http fetch GET 200 https://registry.npmjs.org/eslint-import-resolver-typescript 254ms (cache miss)
537 silly packumentCache full:https://registry.npmjs.org/eslint-import-resolver-typescript set size:undefined disposed:false
538 silly fetch manifest @swc/helpers@0.5.15
539 silly packumentCache full:https://registry.npmjs.org/@swc%2fhelpers cache-miss
540 http fetch GET 200 https://registry.npmjs.org/webidl-conversions 60ms (cache miss)
541 silly packumentCache full:https://registry.npmjs.org/webidl-conversions set size:undefined disposed:false
542 silly fetch manifest caniuse-lite@^1.0.30001579
543 silly packumentCache full:https://registry.npmjs.org/caniuse-lite cache-miss
544 http fetch GET 200 https://registry.npmjs.org/xml-name-validator 47ms (cache miss)
545 silly packumentCache full:https://registry.npmjs.org/xml-name-validator set size:undefined disposed:false
546 silly fetch manifest baseline-browser-mapping@^2.9.19
547 silly packumentCache full:https://registry.npmjs.org/baseline-browser-mapping cache-miss
548 http fetch GET 200 https://registry.npmjs.org/html-encoding-sniffer 50ms (cache miss)
549 silly packumentCache full:https://registry.npmjs.org/html-encoding-sniffer set size:undefined disposed:false
550 silly fetch manifest sharp@^0.35.3
551 silly packumentCache full:https://registry.npmjs.org/sharp cache-miss
552 http fetch GET 200 https://registry.npmjs.org/is-potential-custom-element-name 49ms (cache miss)
553 silly packumentCache full:https://registry.npmjs.org/is-potential-custom-element-name set size:undefined disposed:false
554 silly fetch manifest @next/swc-darwin-x64@16.3.0
555 silly packumentCache full:https://registry.npmjs.org/@next%2fswc-darwin-x64 cache-miss
556 http fetch GET 200 https://registry.npmjs.org/postcss 67ms (cache miss)
557 silly packumentCache full:https://registry.npmjs.org/postcss set size:undefined disposed:false
558 silly fetch manifest @next/swc-darwin-arm64@16.3.0
559 silly packumentCache full:https://registry.npmjs.org/@next%2fswc-darwin-arm64 cache-miss
560 http fetch GET 200 https://registry.npmjs.org/baseline-browser-mapping 71ms (cache miss)
561 silly packumentCache full:https://registry.npmjs.org/baseline-browser-mapping set size:undefined disposed:false
562 silly fetch manifest @next/swc-linux-x64-gnu@16.3.0
563 silly packumentCache full:https://registry.npmjs.org/@next%2fswc-linux-x64-gnu cache-miss
564 http fetch GET 200 https://registry.npmjs.org/@swc%2fhelpers 114ms (cache miss)
565 silly packumentCache full:https://registry.npmjs.org/@swc%2fhelpers set size:undefined disposed:false
566 silly fetch manifest @next/swc-linux-x64-musl@16.3.0
567 silly packumentCache full:https://registry.npmjs.org/@next%2fswc-linux-x64-musl cache-miss
568 http fetch GET 200 https://registry.npmjs.org/typescript-eslint 439ms (cache miss)
569 silly packumentCache full:https://registry.npmjs.org/typescript-eslint set size:undefined disposed:false
570 silly fetch manifest @next/swc-win32-x64-msvc@16.3.0
571 silly packumentCache full:https://registry.npmjs.org/@next%2fswc-win32-x64-msvc cache-miss
572 http fetch GET 200 https://registry.npmjs.org/sharp 169ms (cache miss)
573 silly packumentCache full:https://registry.npmjs.org/sharp set size:undefined disposed:false
574 silly fetch manifest @next/swc-linux-arm64-gnu@16.3.0
575 silly packumentCache full:https://registry.npmjs.org/@next%2fswc-linux-arm64-gnu cache-miss
576 http fetch GET 200 https://registry.npmjs.org/caniuse-lite 258ms (cache miss)
577 silly packumentCache full:https://registry.npmjs.org/caniuse-lite set size:undefined disposed:false
578 silly fetch manifest @next/swc-linux-arm64-musl@16.3.0
579 silly packumentCache full:https://registry.npmjs.org/@next%2fswc-linux-arm64-musl cache-miss
580 http fetch GET 200 https://registry.npmjs.org/styled-jsx 284ms (cache miss)
581 silly packumentCache full:https://registry.npmjs.org/styled-jsx set size:undefined disposed:false
582 silly fetch manifest @next/swc-win32-arm64-msvc@16.3.0
583 silly packumentCache full:https://registry.npmjs.org/@next%2fswc-win32-arm64-msvc cache-miss
584 http fetch GET 200 https://registry.npmjs.org/@next%2feslint-plugin-next 593ms (cache miss)
585 silly packumentCache full:https://registry.npmjs.org/@next%2feslint-plugin-next set size:undefined disposed:false
586 silly fetch manifest chai@^5.1.2
587 silly packumentCache full:https://registry.npmjs.org/chai cache-miss
588 http fetch GET 200 https://registry.npmjs.org/eslint-plugin-react-hooks 646ms (cache miss)
589 silly packumentCache full:https://registry.npmjs.org/eslint-plugin-react-hooks set size:undefined disposed:false
590 silly fetch manifest vite@^5.0.0
591 silly packumentCache full:https://registry.npmjs.org/vite cache-miss
592 http fetch GET 200 https://registry.npmjs.org/chai 86ms (cache miss)
593 silly packumentCache full:https://registry.npmjs.org/chai set size:undefined disposed:false
594 silly fetch manifest debug@^4.3.7
595 silly packumentCache full:https://registry.npmjs.org/debug cache-miss
596 http cache https://registry.npmjs.org/debug 25ms (cache hit)
597 silly packumentCache full:https://registry.npmjs.org/debug set size:195840 disposed:false
598 silly fetch manifest pathe@^1.1.2
599 silly packumentCache full:https://registry.npmjs.org/pathe cache-miss
600 http fetch GET 200 https://registry.npmjs.org/pathe 40ms (cache miss)
601 silly packumentCache full:https://registry.npmjs.org/pathe set size:undefined disposed:false
602 silly fetch manifest std-env@^3.8.0
603 silly packumentCache full:https://registry.npmjs.org/std-env cache-miss
604 http fetch GET 200 https://registry.npmjs.org/@next%2fswc-darwin-x64 498ms (cache miss)
605 silly packumentCache full:https://registry.npmjs.org/@next%2fswc-darwin-x64 set size:undefined disposed:false
606 silly fetch manifest tinyexec@^0.3.1
607 silly packumentCache full:https://registry.npmjs.org/tinyexec cache-miss
608 http fetch GET 200 https://registry.npmjs.org/std-env 60ms (cache miss)
609 silly packumentCache full:https://registry.npmjs.org/std-env set size:undefined disposed:false
610 silly fetch manifest tinypool@^1.0.1
611 silly packumentCache full:https://registry.npmjs.org/tinypool cache-miss
612 http fetch GET 200 https://registry.npmjs.org/@next%2fswc-darwin-arm64 529ms (cache miss)
613 silly packumentCache full:https://registry.npmjs.org/@next%2fswc-darwin-arm64 set size:undefined disposed:false
614 silly fetch manifest tinybench@^2.9.0
615 silly packumentCache full:https://registry.npmjs.org/tinybench cache-miss
616 http fetch GET 200 https://registry.npmjs.org/@next%2fswc-linux-x64-gnu 528ms (cache miss)
617 silly packumentCache full:https://registry.npmjs.org/@next%2fswc-linux-x64-gnu set size:undefined disposed:false
618 silly fetch manifest vite-node@2.1.9
619 silly packumentCache full:https://registry.npmjs.org/vite-node cache-miss
620 http fetch GET 200 https://registry.npmjs.org/tinyexec 101ms (cache miss)
621 silly packumentCache full:https://registry.npmjs.org/tinyexec set size:undefined disposed:false
622 silly fetch manifest @vitest/spy@2.1.9
623 silly packumentCache full:https://registry.npmjs.org/@vitest%2fspy cache-miss
624 http fetch GET 200 https://registry.npmjs.org/tinypool 85ms (cache miss)
625 silly packumentCache full:https://registry.npmjs.org/tinypool set size:undefined disposed:false
626 silly fetch manifest expect-type@^1.1.0
627 silly packumentCache full:https://registry.npmjs.org/expect-type cache-miss
628 http fetch GET 200 https://registry.npmjs.org/@next%2fswc-linux-x64-musl 544ms (cache miss)
629 silly packumentCache full:https://registry.npmjs.org/@next%2fswc-linux-x64-musl set size:undefined disposed:false
630 silly fetch manifest tinyrainbow@^1.2.0
631 silly packumentCache full:https://registry.npmjs.org/tinyrainbow cache-miss
632 http fetch GET 200 https://registry.npmjs.org/tinybench 99ms (cache miss)
633 silly packumentCache full:https://registry.npmjs.org/tinybench set size:undefined disposed:false
634 silly fetch manifest magic-string@^0.30.12
635 silly packumentCache full:https://registry.npmjs.org/magic-string cache-miss
636 http fetch GET 200 https://registry.npmjs.org/@next%2fenv 724ms (cache miss)
637 silly packumentCache full:https://registry.npmjs.org/@next%2fenv set size:undefined disposed:false
638 silly fetch manifest @vitest/utils@2.1.9
639 silly packumentCache full:https://registry.npmjs.org/@vitest%2futils cache-miss
640 http fetch GET 200 https://registry.npmjs.org/@next%2fswc-win32-x64-msvc 590ms (cache miss)
641 silly packumentCache full:https://registry.npmjs.org/@next%2fswc-win32-x64-msvc set size:undefined disposed:false
642 silly fetch manifest @vitest/expect@2.1.9
643 silly packumentCache full:https://registry.npmjs.org/@vitest%2fexpect cache-miss
644 http fetch GET 200 https://registry.npmjs.org/expect-type 132ms (cache miss)
645 silly packumentCache full:https://registry.npmjs.org/expect-type set size:undefined disposed:false
646 silly fetch manifest @vitest/mocker@2.1.9
647 silly packumentCache full:https://registry.npmjs.org/@vitest%2fmocker cache-miss
648 http fetch GET 200 https://registry.npmjs.org/tinyrainbow 110ms (cache miss)
649 silly packumentCache full:https://registry.npmjs.org/tinyrainbow set size:undefined disposed:false
650 silly fetch manifest @vitest/runner@2.1.9
651 silly packumentCache full:https://registry.npmjs.org/@vitest%2frunner cache-miss
652 http fetch GET 200 https://registry.npmjs.org/@vitest%2fspy 159ms (cache miss)
653 silly packumentCache full:https://registry.npmjs.org/@vitest%2fspy set size:undefined disposed:false
654 silly fetch manifest @vitest/snapshot@2.1.9
655 silly packumentCache full:https://registry.npmjs.org/@vitest%2fsnapshot cache-miss
656 http fetch GET 200 https://registry.npmjs.org/magic-string 123ms (cache miss)
657 silly packumentCache full:https://registry.npmjs.org/magic-string set size:undefined disposed:false
658 silly fetch manifest why-is-node-running@^2.3.0
659 silly packumentCache full:https://registry.npmjs.org/why-is-node-running cache-miss
660 http fetch GET 200 https://registry.npmjs.org/@next%2fswc-linux-arm64-gnu 642ms (cache miss)
661 silly packumentCache full:https://registry.npmjs.org/@next%2fswc-linux-arm64-gnu set size:undefined disposed:false
662 silly fetch manifest @vitest/pretty-format@^2.1.9
663 silly packumentCache full:https://registry.npmjs.org/@vitest%2fpretty-format cache-miss
664 http fetch GET 200 https://registry.npmjs.org/@vitest%2futils 135ms (cache miss)
665 silly packumentCache full:https://registry.npmjs.org/@vitest%2futils set size:undefined disposed:false
666 http fetch GET 200 https://registry.npmjs.org/vite-node 247ms (cache miss)
667 silly packumentCache full:https://registry.npmjs.org/vite-node set size:undefined disposed:false
668 http fetch GET 200 https://registry.npmjs.org/why-is-node-running 70ms (cache miss)
669 silly packumentCache full:https://registry.npmjs.org/why-is-node-running set size:undefined disposed:false
670 http fetch GET 200 https://registry.npmjs.org/@vitest%2fexpect 141ms (cache miss)
671 silly packumentCache full:https://registry.npmjs.org/@vitest%2fexpect set size:undefined disposed:false
672 http fetch GET 200 https://registry.npmjs.org/@vitest%2fmocker 115ms (cache miss)
673 silly packumentCache full:https://registry.npmjs.org/@vitest%2fmocker set size:undefined disposed:false
674 http fetch GET 200 https://registry.npmjs.org/@vitest%2frunner 115ms (cache miss)
675 silly packumentCache full:https://registry.npmjs.org/@vitest%2frunner set size:undefined disposed:false
676 http fetch GET 200 https://registry.npmjs.org/@vitest%2fsnapshot 119ms (cache miss)
677 silly packumentCache full:https://registry.npmjs.org/@vitest%2fsnapshot set size:undefined disposed:false
678 http fetch GET 200 https://registry.npmjs.org/@next%2fswc-win32-arm64-msvc 652ms (cache miss)
679 silly packumentCache full:https://registry.npmjs.org/@next%2fswc-win32-arm64-msvc set size:undefined disposed:false
680 http fetch GET 200 https://registry.npmjs.org/@next%2fswc-linux-arm64-musl 688ms (cache miss)
681 silly packumentCache full:https://registry.npmjs.org/@next%2fswc-linux-arm64-musl set size:undefined disposed:false
682 http fetch GET 200 https://registry.npmjs.org/@vitest%2fpretty-format 140ms (cache miss)
683 silly packumentCache full:https://registry.npmjs.org/@vitest%2fpretty-format set size:undefined disposed:false
684 http fetch GET 200 https://registry.npmjs.org/vite 1134ms (cache miss)
685 silly packumentCache full:https://registry.npmjs.org/vite set size:undefined disposed:false
686 silly placeDep ROOT ajv@6.15.0 OK for: @eslint/eslintrc@3.3.6 want: ^6.14.0
687 silly placeDep ROOT debug@4.4.3 OK for: @eslint/eslintrc@3.3.6 want: ^4.3.2
688 silly placeDep ROOT espree@10.4.0 OK for: @eslint/eslintrc@3.3.6 want: ^10.0.1
689 silly placeDep ROOT globals@14.0.0 OK for: @eslint/eslintrc@3.3.6 want: ^14.0.0
690 silly placeDep ROOT ignore@5.3.2 OK for: @eslint/eslintrc@3.3.6 want: ^5.2.0
691 silly placeDep ROOT import-fresh@3.3.1 OK for: @eslint/eslintrc@3.3.6 want: ^3.2.1
692 silly placeDep ROOT js-yaml@4.3.1 OK for: @eslint/eslintrc@3.3.6 want: ^4.3.0
693 silly placeDep ROOT minimatch@3.1.5 OK for: @eslint/eslintrc@3.3.6 want: ^3.1.5
694 silly placeDep ROOT strip-json-comments@3.1.1 OK for: @eslint/eslintrc@3.3.6 want: ^3.1.1
695 silly fetch manifest uri-js@^4.2.2
696 silly packumentCache full:https://registry.npmjs.org/uri-js cache-miss
697 silly fetch manifest fast-deep-equal@^3.1.1
698 silly packumentCache full:https://registry.npmjs.org/fast-deep-equal cache-miss
699 silly fetch manifest json-schema-traverse@^0.4.1
700 silly packumentCache full:https://registry.npmjs.org/json-schema-traverse cache-miss
701 silly fetch manifest fast-json-stable-stringify@^2.0.0
702 silly packumentCache full:https://registry.npmjs.org/fast-json-stable-stringify cache-miss
703 silly fetch manifest ms@^2.1.3
704 silly packumentCache full:https://registry.npmjs.org/ms cache-miss
705 silly fetch manifest acorn@^8.15.0
706 silly packumentCache full:https://registry.npmjs.org/acorn cache-miss
707 silly fetch manifest acorn-jsx@^5.3.2
708 silly packumentCache full:https://registry.npmjs.org/acorn-jsx cache-miss
709 silly fetch manifest resolve-from@^4.0.0
710 silly packumentCache full:https://registry.npmjs.org/resolve-from cache-miss
711 silly fetch manifest parent-module@^1.0.0
712 silly packumentCache full:https://registry.npmjs.org/parent-module cache-miss
713 silly fetch manifest argparse@^2.0.1
714 silly packumentCache full:https://registry.npmjs.org/argparse cache-miss
715 silly fetch manifest brace-expansion@^1.1.7
716 silly packumentCache full:https://registry.npmjs.org/brace-expansion cache-miss
717 http cache https://registry.npmjs.org/fast-deep-equal 21ms (cache hit)
718 silly packumentCache full:https://registry.npmjs.org/fast-deep-equal set size:48634 disposed:false
719 http fetch GET 200 https://registry.npmjs.org/resolve-from 64ms (cache miss)
720 silly packumentCache full:https://registry.npmjs.org/resolve-from set size:undefined disposed:false
721 http fetch GET 200 https://registry.npmjs.org/parent-module 66ms (cache miss)
722 silly packumentCache full:https://registry.npmjs.org/parent-module set size:undefined disposed:false
723 http fetch GET 200 https://registry.npmjs.org/json-schema-traverse 69ms (cache miss)
724 silly packumentCache full:https://registry.npmjs.org/json-schema-traverse set size:undefined disposed:false
725 http fetch GET 200 https://registry.npmjs.org/uri-js 72ms (cache miss)
726 silly packumentCache full:https://registry.npmjs.org/uri-js set size:undefined disposed:false
727 http fetch GET 200 https://registry.npmjs.org/ms 72ms (cache miss)
728 silly packumentCache full:https://registry.npmjs.org/ms set size:undefined disposed:false
729 http fetch GET 200 https://registry.npmjs.org/fast-json-stable-stringify 74ms (cache miss)
730 silly packumentCache full:https://registry.npmjs.org/fast-json-stable-stringify set size:undefined disposed:false
731 http fetch GET 200 https://registry.npmjs.org/argparse 72ms (cache miss)
732 silly packumentCache full:https://registry.npmjs.org/argparse set size:undefined disposed:false
733 http fetch GET 200 https://registry.npmjs.org/acorn-jsx 76ms (cache miss)
734 silly packumentCache full:https://registry.npmjs.org/acorn-jsx set size:undefined disposed:false
735 http fetch GET 200 https://registry.npmjs.org/brace-expansion 75ms (cache miss)
736 silly packumentCache full:https://registry.npmjs.org/brace-expansion set size:undefined disposed:false
737 http fetch GET 200 https://registry.npmjs.org/acorn 82ms (cache miss)
738 silly packumentCache full:https://registry.npmjs.org/acorn set size:undefined disposed:false
739 silly placeDep ROOT @monaco-editor/loader@1.7.0 OK for: @monaco-editor/react@4.7.0 want: ^1.5.0
740 silly fetch manifest state-local@^1.0.6
741 silly packumentCache full:https://registry.npmjs.org/state-local cache-miss
742 http fetch GET 200 https://registry.npmjs.org/state-local 194ms (cache miss)
743 silly packumentCache full:https://registry.npmjs.org/state-local set size:undefined disposed:false
744 silly placeDep ROOT state-local@1.0.7 OK for: @monaco-editor/loader@1.7.0 want: ^1.0.6
745 silly placeDep ROOT @supabase/auth-js@2.112.3 OK for: @supabase/supabase-js@2.112.3 want: 2.112.3
746 silly placeDep ROOT @supabase/functions-js@2.112.3 OK for: @supabase/supabase-js@2.112.3 want: 2.112.3
747 silly placeDep ROOT @supabase/postgrest-js@2.112.3 OK for: @supabase/supabase-js@2.112.3 want: 2.112.3
748 silly placeDep ROOT @supabase/realtime-js@2.112.3 OK for: @supabase/supabase-js@2.112.3 want: 2.112.3
749 silly placeDep ROOT @supabase/storage-js@2.112.3 OK for: @supabase/supabase-js@2.112.3 want: 2.112.3
750 silly fetch manifest tslib@2.8.1
751 silly packumentCache full:https://registry.npmjs.org/tslib cache-miss
752 silly fetch manifest tslib@2.8.1
753 silly packumentCache full:https://registry.npmjs.org/tslib cache-miss
754 silly fetch manifest tslib@2.8.1
755 silly packumentCache full:https://registry.npmjs.org/tslib cache-miss
756 silly fetch manifest tslib@2.8.1
757 silly packumentCache full:https://registry.npmjs.org/tslib cache-miss
758 silly fetch manifest @supabase/phoenix@0.4.5
759 silly packumentCache full:https://registry.npmjs.org/@supabase%2fphoenix cache-miss
760 silly fetch manifest tslib@2.8.1
761 silly packumentCache full:https://registry.npmjs.org/tslib cache-miss
762 silly fetch manifest iceberg-js@^0.8.1
763 silly packumentCache full:https://registry.npmjs.org/iceberg-js cache-miss
764 http fetch GET 200 https://registry.npmjs.org/iceberg-js 40ms (cache miss)
765 silly packumentCache full:https://registry.npmjs.org/iceberg-js set size:undefined disposed:false
766 http fetch GET 200 https://registry.npmjs.org/tslib 47ms (cache miss)
767 silly packumentCache full:https://registry.npmjs.org/tslib set size:undefined disposed:false
768 http fetch GET 200 https://registry.npmjs.org/tslib 49ms (cache miss)
769 silly packumentCache full:https://registry.npmjs.org/tslib set size:undefined disposed:false
770 http fetch GET 200 https://registry.npmjs.org/tslib 50ms (cache miss)
771 silly packumentCache full:https://registry.npmjs.org/tslib set size:undefined disposed:false
772 http fetch GET 200 https://registry.npmjs.org/tslib 53ms (cache miss)
773 silly packumentCache full:https://registry.npmjs.org/tslib set size:undefined disposed:false
774 http fetch GET 200 https://registry.npmjs.org/tslib 57ms (cache miss)
775 silly packumentCache full:https://registry.npmjs.org/tslib set size:undefined disposed:false
776 http fetch GET 200 https://registry.npmjs.org/@supabase%2fphoenix 61ms (cache miss)
777 silly packumentCache full:https://registry.npmjs.org/@supabase%2fphoenix set size:undefined disposed:false
778 silly placeDep ROOT tslib@2.8.1 OK for: @supabase/auth-js@2.112.3 want: 2.8.1
779 silly placeDep ROOT @supabase/phoenix@0.4.5 OK for: @supabase/realtime-js@2.112.3 want: 0.4.5
780 silly placeDep ROOT iceberg-js@0.8.1 OK for: @supabase/storage-js@2.112.3 want: ^0.8.1
781 silly placeDep ROOT @babel/code-frame@7.29.7 OK for: @testing-library/dom@10.4.1 want: ^7.10.4
782 silly placeDep ROOT @babel/runtime@7.29.7 OK for: @testing-library/dom@10.4.1 want: ^7.12.5
783 silly placeDep ROOT @types/aria-query@5.0.4 OK for: @testing-library/dom@10.4.1 want: ^5.0.1
784 silly placeDep ROOT aria-query@5.3.0 OK for: @testing-library/dom@10.4.1 want: 5.3.0
785 silly placeDep ROOT dom-accessibility-api@0.5.16 OK for: @testing-library/dom@10.4.1 want: ^0.5.9
786 silly placeDep ROOT lz-string@1.5.0 OK for: @testing-library/dom@10.4.1 want: ^1.5.0
787 silly placeDep ROOT picocolors@1.1.1 OK for: @testing-library/dom@10.4.1 want: 1.1.1
788 silly placeDep ROOT pretty-format@27.5.1 OK for: @testing-library/dom@10.4.1 want: ^27.0.2
789 silly fetch manifest js-tokens@^4.0.0
790 silly packumentCache full:https://registry.npmjs.org/js-tokens cache-miss
791 silly fetch manifest @babel/helper-validator-identifier@^7.29.7
792 silly packumentCache full:https://registry.npmjs.org/@babel%2fhelper-validator-identifier cache-miss
793 silly fetch manifest dequal@^2.0.3
794 silly packumentCache full:https://registry.npmjs.org/dequal cache-miss
795 silly fetch manifest react-is@^17.0.1
796 silly packumentCache full:https://registry.npmjs.org/react-is cache-miss
797 silly fetch manifest ansi-regex@^5.0.1
798 silly packumentCache full:https://registry.npmjs.org/ansi-regex cache-miss
799 silly fetch manifest ansi-styles@^5.0.0
800 silly packumentCache full:https://registry.npmjs.org/ansi-styles cache-miss
801 http fetch GET 200 https://registry.npmjs.org/js-tokens 33ms (cache miss)
802 silly packumentCache full:https://registry.npmjs.org/js-tokens set size:undefined disposed:false
803 http fetch GET 200 https://registry.npmjs.org/ansi-regex 37ms (cache miss)
804 silly packumentCache full:https://registry.npmjs.org/ansi-regex set size:undefined disposed:false
805 http fetch GET 200 https://registry.npmjs.org/ansi-styles 47ms (cache miss)
806 silly packumentCache full:https://registry.npmjs.org/ansi-styles set size:undefined disposed:false
807 http fetch GET 200 https://registry.npmjs.org/dequal 48ms (cache miss)
808 silly packumentCache full:https://registry.npmjs.org/dequal set size:undefined disposed:false
809 http fetch GET 200 https://registry.npmjs.org/@babel%2fhelper-validator-identifier 51ms (cache miss)
810 silly packumentCache full:https://registry.npmjs.org/@babel%2fhelper-validator-identifier set size:undefined disposed:false
811 http fetch GET 200 https://registry.npmjs.org/react-is 143ms (cache miss)
812 silly packumentCache full:https://registry.npmjs.org/react-is set size:undefined disposed:false
813 silly placeDep ROOT @babel/helper-validator-identifier@7.29.7 OK for: @babel/code-frame@7.29.7 want: ^7.29.7
814 silly placeDep ROOT js-tokens@4.0.0 OK for: @babel/code-frame@7.29.7 want: ^4.0.0
815 silly placeDep ROOT @adobe/css-tools@4.5.0 OK for: @testing-library/jest-dom@6.9.1 want: ^4.4.0
816 silly placeDep ROOT css.escape@1.5.1 OK for: @testing-library/jest-dom@6.9.1 want: ^1.5.1
817 silly placeDep node_modules/@testing-library/jest-dom dom-accessibility-api@0.6.3 OK for: @testing-library/jest-dom@6.9.1 want: ^0.6.3
818 silly placeDep ROOT redent@3.0.0 OK for: @testing-library/jest-dom@6.9.1 want: ^3.0.0
819 silly fetch manifest indent-string@^4.0.0
820 silly packumentCache full:https://registry.npmjs.org/indent-string cache-miss
821 silly fetch manifest strip-indent@^3.0.0
822 silly packumentCache full:https://registry.npmjs.org/strip-indent cache-miss
823 http fetch GET 200 https://registry.npmjs.org/strip-indent 25ms (cache miss)
824 silly packumentCache full:https://registry.npmjs.org/strip-indent set size:undefined disposed:false
825 http fetch GET 200 https://registry.npmjs.org/indent-string 26ms (cache miss)
826 silly packumentCache full:https://registry.npmjs.org/indent-string set size:undefined disposed:false
827 silly placeDep ROOT undici-types@6.21.0 OK for: @types/node@22.20.1 want: ~6.21.0
828 silly placeDep ROOT csstype@3.2.3 OK for: @types/react@19.2.18 want: ^3.2.2
829 silly placeDep ROOT fast-deep-equal@3.1.3 OK for: ajv@6.15.0 want: ^3.1.1
830 silly placeDep ROOT fast-json-stable-stringify@2.1.0 OK for: ajv@6.15.0 want: ^2.0.0
831 silly placeDep ROOT json-schema-traverse@0.4.1 OK for: ajv@6.15.0 want: ^0.4.1
832 silly placeDep ROOT uri-js@4.4.1 OK for: ajv@6.15.0 want: ^4.2.2
833 silly fetch manifest punycode@^2.1.0
834 silly packumentCache full:https://registry.npmjs.org/punycode cache-miss
835 http fetch GET 200 https://registry.npmjs.org/punycode 25ms (cache miss)
836 silly packumentCache full:https://registry.npmjs.org/punycode set size:undefined disposed:false
837 silly placeDep ROOT dequal@2.0.3 OK for: aria-query@5.3.0 want: ^2.0.3
838 silly placeDep ROOT ms@2.1.3 OK for: debug@4.4.3 want: ^2.1.3
839 silly fetch manifest eslint@^6.0.0 || ^7.0.0 || >=8.0.0
840 silly packumentCache full:https://registry.npmjs.org/eslint cache-miss
841 http cache https://registry.npmjs.org/eslint 11ms (cache hit)
842 silly packumentCache full:https://registry.npmjs.org/eslint set size:2048190 disposed:false
843 silly placeDep ROOT @eslint-community/eslint-utils@4.10.1 OK for: eslint@9.39.5 want: ^4.8.0
844 silly placeDep ROOT @eslint-community/regexpp@4.12.2 OK for: eslint@9.39.5 want: ^4.12.1
845 silly placeDep ROOT @eslint/config-array@0.21.2 OK for: eslint@9.39.5 want: ^0.21.2
846 silly placeDep ROOT @eslint/config-helpers@0.4.2 OK for: eslint@9.39.5 want: ^0.4.2
847 silly placeDep ROOT @eslint/core@0.17.0 OK for: eslint@9.39.5 want: ^0.17.0
848 silly placeDep ROOT @eslint/js@9.39.5 OK for: eslint@9.39.5 want: 9.39.5
849 silly placeDep ROOT @eslint/plugin-kit@0.4.1 OK for: eslint@9.39.5 want: ^0.4.1
850 silly placeDep ROOT @humanfs/node@0.16.8 OK for: eslint@9.39.5 want: ^0.16.6
851 silly placeDep ROOT @humanwhocodes/module-importer@1.0.1 OK for: eslint@9.39.5 want: ^1.0.1
852 silly placeDep ROOT @humanwhocodes/retry@0.4.3 OK for: eslint@9.39.5 want: ^0.4.2
853 silly placeDep ROOT @types/estree@1.0.9 OK for: eslint@9.39.5 want: ^1.0.6
854 silly placeDep ROOT chalk@4.1.2 OK for: eslint@9.39.5 want: ^4.0.0
855 silly placeDep ROOT cross-spawn@7.0.6 OK for: eslint@9.39.5 want: ^7.0.6
856 silly placeDep ROOT escape-string-regexp@4.0.0 OK for: eslint@9.39.5 want: ^4.0.0
857 silly placeDep ROOT eslint-scope@8.4.0 OK for: eslint@9.39.5 want: ^8.4.0
858 silly placeDep ROOT eslint-visitor-keys@4.2.1 OK for: eslint@9.39.5 want: ^4.2.1
859 silly placeDep ROOT esquery@1.7.0 OK for: eslint@9.39.5 want: ^1.5.0
860 silly placeDep ROOT esutils@2.0.3 OK for: eslint@9.39.5 want: ^2.0.2
861 silly placeDep ROOT file-entry-cache@8.0.0 OK for: eslint@9.39.5 want: ^8.0.0
862 silly placeDep ROOT find-up@5.0.0 OK for: eslint@9.39.5 want: ^5.0.0
863 silly placeDep ROOT glob-parent@6.0.2 OK for: eslint@9.39.5 want: ^6.0.2
864 silly placeDep ROOT imurmurhash@0.1.4 OK for: eslint@9.39.5 want: ^0.1.4
865 silly placeDep ROOT is-glob@4.0.3 OK for: eslint@9.39.5 want: ^4.0.0
866 silly placeDep ROOT json-stable-stringify-without-jsonify@1.0.1 OK for: eslint@9.39.5 want: ^1.0.1
867 silly placeDep ROOT lodash.merge@4.6.2 OK for: eslint@9.39.5 want: ^4.6.2
868 silly placeDep ROOT natural-compare@1.4.0 OK for: eslint@9.39.5 want: ^1.4.0
869 silly placeDep ROOT optionator@0.9.4 OK for: eslint@9.39.5 want: ^0.9.3
870 silly fetch manifest eslint-visitor-keys@^3.4.3
871 silly packumentCache full:https://registry.npmjs.org/eslint-visitor-keys cache-miss
872 silly fetch manifest @eslint/object-schema@^2.1.7
873 silly packumentCache full:https://registry.npmjs.org/@eslint%2fobject-schema cache-miss
874 silly fetch manifest @types/json-schema@^7.0.15
875 silly packumentCache full:https://registry.npmjs.org/@types%2fjson-schema cache-miss
876 silly fetch manifest levn@^0.4.1
877 silly packumentCache full:https://registry.npmjs.org/levn cache-miss
878 silly fetch manifest @humanwhocodes/retry@^0.4.0
879 silly packumentCache full:https://registry.npmjs.org/@humanwhocodes%2fretry cache-miss
880 silly fetch manifest @humanfs/core@^0.19.2
881 silly packumentCache full:https://registry.npmjs.org/@humanfs%2fcore cache-miss
882 silly fetch manifest @humanfs/types@^0.15.0
883 silly packumentCache full:https://registry.npmjs.org/@humanfs%2ftypes cache-miss
884 silly fetch manifest ansi-styles@^4.1.0
885 silly packumentCache full:https://registry.npmjs.org/ansi-styles cache-miss
886 silly fetch manifest supports-color@^7.1.0
887 silly packumentCache full:https://registry.npmjs.org/supports-color cache-miss
888 silly fetch manifest which@^2.0.1
889 silly packumentCache full:https://registry.npmjs.org/which cache-miss
890 silly fetch manifest path-key@^3.1.0
891 silly packumentCache full:https://registry.npmjs.org/path-key cache-miss
892 http cache https://registry.npmjs.org/ansi-styles 16ms (cache hit)
893 silly packumentCache full:https://registry.npmjs.org/ansi-styles set size:71772 disposed:false
894 silly fetch manifest shebang-command@^2.0.0
895 silly packumentCache full:https://registry.npmjs.org/shebang-command cache-miss
896 http cache https://registry.npmjs.org/@humanwhocodes%2fretry 19ms (cache hit)
897 silly packumentCache full:https://registry.npmjs.org/@humanwhocodes%2fretry set size:42348 disposed:false
898 silly fetch manifest esrecurse@^4.3.0
899 silly packumentCache full:https://registry.npmjs.org/esrecurse cache-miss
900 http cache https://registry.npmjs.org/eslint-visitor-keys 23ms (cache hit)
901 silly packumentCache full:https://registry.npmjs.org/eslint-visitor-keys set size:69949 disposed:false
902 silly fetch manifest estraverse@^5.2.0
903 silly packumentCache full:https://registry.npmjs.org/estraverse cache-miss
904 http fetch GET 200 https://registry.npmjs.org/path-key 29ms (cache miss)
905 silly packumentCache full:https://registry.npmjs.org/path-key set size:undefined disposed:false
906 silly fetch manifest estraverse@^5.1.0
907 silly packumentCache full:https://registry.npmjs.org/estraverse cache-miss
908 http fetch GET 200 https://registry.npmjs.org/@types%2fjson-schema 37ms (cache miss)
909 silly packumentCache full:https://registry.npmjs.org/@types%2fjson-schema set size:undefined disposed:false
910 silly fetch manifest flat-cache@^4.0.0
911 silly packumentCache full:https://registry.npmjs.org/flat-cache cache-miss
912 http fetch GET 200 https://registry.npmjs.org/levn 40ms (cache miss)
913 silly packumentCache full:https://registry.npmjs.org/levn set size:undefined disposed:false
914 silly fetch manifest locate-path@^6.0.0
915 silly packumentCache full:https://registry.npmjs.org/locate-path cache-miss
916 http fetch GET 200 https://registry.npmjs.org/which 43ms (cache miss)
917 silly packumentCache full:https://registry.npmjs.org/which set size:undefined disposed:false
918 silly fetch manifest path-exists@^4.0.0
919 silly packumentCache full:https://registry.npmjs.org/path-exists cache-miss
920 http fetch GET 200 https://registry.npmjs.org/@humanfs%2ftypes 54ms (cache miss)
921 silly packumentCache full:https://registry.npmjs.org/@humanfs%2ftypes set size:undefined disposed:false
922 silly fetch manifest is-glob@^4.0.3
923 silly packumentCache full:https://registry.npmjs.org/is-glob cache-miss
924 http fetch GET 200 https://registry.npmjs.org/esrecurse 37ms (cache miss)
925 silly packumentCache full:https://registry.npmjs.org/esrecurse set size:undefined disposed:false
926 silly fetch manifest is-extglob@^2.1.1
927 silly packumentCache full:https://registry.npmjs.org/is-extglob cache-miss
928 http fetch GET 200 https://registry.npmjs.org/@humanfs%2fcore 60ms (cache miss)
929 silly packumentCache full:https://registry.npmjs.org/@humanfs%2fcore set size:undefined disposed:false
930 silly fetch manifest prelude-ls@^1.2.1
931 silly packumentCache full:https://registry.npmjs.org/prelude-ls cache-miss
932 http fetch GET 200 https://registry.npmjs.org/estraverse 42ms (cache miss)
933 silly packumentCache full:https://registry.npmjs.org/estraverse set size:undefined disposed:false
934 silly fetch manifest deep-is@^0.1.3
935 silly packumentCache full:https://registry.npmjs.org/deep-is cache-miss
936 http fetch GET 200 https://registry.npmjs.org/@eslint%2fobject-schema 67ms (cache miss)
937 silly packumentCache full:https://registry.npmjs.org/@eslint%2fobject-schema set size:undefined disposed:false
938 silly fetch manifest word-wrap@^1.2.5
939 silly packumentCache full:https://registry.npmjs.org/word-wrap cache-miss
940 http fetch GET 200 https://registry.npmjs.org/shebang-command 51ms (cache miss)
941 silly packumentCache full:https://registry.npmjs.org/shebang-command set size:undefined disposed:false
942 silly fetch manifest type-check@^0.4.0
943 silly packumentCache full:https://registry.npmjs.org/type-check cache-miss
944 http fetch GET 200 https://registry.npmjs.org/supports-color 68ms (cache miss)
945 silly packumentCache full:https://registry.npmjs.org/supports-color set size:undefined disposed:false
946 silly fetch manifest fast-levenshtein@^2.0.6
947 silly packumentCache full:https://registry.npmjs.org/fast-levenshtein cache-miss
948 http fetch GET 200 https://registry.npmjs.org/estraverse 44ms (cache miss)
949 silly packumentCache full:https://registry.npmjs.org/estraverse set size:undefined disposed:false
950 http fetch GET 200 https://registry.npmjs.org/path-exists 99ms (cache miss)
951 silly packumentCache full:https://registry.npmjs.org/path-exists set size:undefined disposed:false
952 http cache https://registry.npmjs.org/is-glob 153ms (cache hit)
953 silly packumentCache full:https://registry.npmjs.org/is-glob set size:40530 disposed:false
954 http fetch GET 200 https://registry.npmjs.org/locate-path 171ms (cache miss)
955 silly packumentCache full:https://registry.npmjs.org/locate-path set size:undefined disposed:false
956 http fetch GET 200 https://registry.npmjs.org/flat-cache 175ms (cache miss)
957 silly packumentCache full:https://registry.npmjs.org/flat-cache set size:undefined disposed:false
958 http fetch GET 200 https://registry.npmjs.org/is-extglob 161ms (cache miss)
959 silly packumentCache full:https://registry.npmjs.org/is-extglob set size:undefined disposed:false
960 http fetch GET 200 https://registry.npmjs.org/prelude-ls 157ms (cache miss)
961 silly packumentCache full:https://registry.npmjs.org/prelude-ls set size:undefined disposed:false
962 http fetch GET 200 https://registry.npmjs.org/type-check 150ms (cache miss)
963 silly packumentCache full:https://registry.npmjs.org/type-check set size:undefined disposed:false
964 http fetch GET 200 https://registry.npmjs.org/fast-levenshtein 148ms (cache miss)
965 silly packumentCache full:https://registry.npmjs.org/fast-levenshtein set size:undefined disposed:false
966 http fetch GET 200 https://registry.npmjs.org/deep-is 156ms (cache miss)
967 silly packumentCache full:https://registry.npmjs.org/deep-is set size:undefined disposed:false
968 http fetch GET 200 https://registry.npmjs.org/word-wrap 156ms (cache miss)
969 silly packumentCache full:https://registry.npmjs.org/word-wrap set size:undefined disposed:false
970 silly placeDep node_modules/@eslint-community/eslint-utils eslint-visitor-keys@3.4.3 OK for: @eslint-community/eslint-utils@4.10.1 want: ^3.4.3
971 silly placeDep ROOT @eslint/object-schema@2.1.7 OK for: @eslint/config-array@0.21.2 want: ^2.1.7
972 silly placeDep ROOT @types/json-schema@7.0.15 OK for: @eslint/core@0.17.0 want: ^7.0.15
973 silly placeDep ROOT levn@0.4.1 OK for: @eslint/plugin-kit@0.4.1 want: ^0.4.1
974 silly fetch manifest type-check@~0.4.0
975 silly packumentCache full:https://registry.npmjs.org/type-check cache-miss
976 http cache https://registry.npmjs.org/type-check 7ms (cache hit)
977 silly packumentCache full:https://registry.npmjs.org/type-check set size:21221 disposed:false
978 silly placeDep ROOT @humanfs/core@0.19.2 OK for: @humanfs/node@0.16.8 want: ^0.19.2
979 silly placeDep ROOT @humanfs/types@0.15.0 OK for: @humanfs/node@0.16.8 want: ^0.15.0
980 silly placeDep ROOT ansi-styles@4.3.0 OK for: chalk@4.1.2 want: ^4.1.0
981 silly placeDep ROOT supports-color@7.2.0 OK for: chalk@4.1.2 want: ^7.1.0
982 silly fetch manifest color-convert@^2.0.1
983 silly packumentCache full:https://registry.npmjs.org/color-convert cache-miss
984 silly fetch manifest has-flag@^4.0.0
985 silly packumentCache full:https://registry.npmjs.org/has-flag cache-miss
986 http fetch GET 200 https://registry.npmjs.org/has-flag 21ms (cache miss)
987 silly packumentCache full:https://registry.npmjs.org/has-flag set size:undefined disposed:false
988 http fetch GET 200 https://registry.npmjs.org/color-convert 23ms (cache miss)
989 silly packumentCache full:https://registry.npmjs.org/color-convert set size:undefined disposed:false
990 silly placeDep ROOT color-convert@2.0.1 OK for: ansi-styles@4.3.0 want: ^2.0.1
991 silly fetch manifest color-name@~1.1.4
992 silly packumentCache full:https://registry.npmjs.org/color-name cache-miss
993 http fetch GET 200 https://registry.npmjs.org/color-name 26ms (cache miss)
994 silly packumentCache full:https://registry.npmjs.org/color-name set size:undefined disposed:false
995 silly placeDep ROOT color-name@1.1.4 OK for: color-convert@2.0.1 want: ~1.1.4
996 silly placeDep ROOT path-key@3.1.1 OK for: cross-spawn@7.0.6 want: ^3.1.0
997 silly placeDep ROOT shebang-command@2.0.0 OK for: cross-spawn@7.0.6 want: ^2.0.0
998 silly placeDep ROOT which@2.0.2 OK for: cross-spawn@7.0.6 want: ^2.0.1
999 silly fetch manifest shebang-regex@^3.0.0
1000 silly packumentCache full:https://registry.npmjs.org/shebang-regex cache-miss
1001 silly fetch manifest isexe@^2.0.0
1002 silly packumentCache full:https://registry.npmjs.org/isexe cache-miss
1003 http fetch GET 200 https://registry.npmjs.org/shebang-regex 27ms (cache miss)
1004 silly packumentCache full:https://registry.npmjs.org/shebang-regex set size:undefined disposed:false
1005 http fetch GET 200 https://registry.npmjs.org/isexe 27ms (cache miss)
1006 silly packumentCache full:https://registry.npmjs.org/isexe set size:undefined disposed:false
1007 silly fetch manifest eslint@>=9.0.0
1008 silly packumentCache full:https://registry.npmjs.org/eslint cache-miss
1009 http cache https://registry.npmjs.org/eslint 10ms (cache hit)
1010 silly packumentCache full:https://registry.npmjs.org/eslint set size:2048190 disposed:false
1011 silly fetch manifest typescript@>=3.3.1
1012 silly packumentCache full:https://registry.npmjs.org/typescript cache-miss
1013 http cache https://registry.npmjs.org/typescript 35ms (cache hit)
1014 silly packumentCache full:https://registry.npmjs.org/typescript set size:15547442 disposed:false
1015 silly fetch manifest typescript@>=4.8.4 <6.1.0
1016 silly packumentCache full:https://registry.npmjs.org/typescript cache-miss
1017 http cache https://registry.npmjs.org/typescript 64ms (cache hit)
1018 silly packumentCache full:https://registry.npmjs.org/typescript set size:15547442 disposed:false
1019 silly fetch manifest eslint@^3 || ^4 || ^5 || ^6 || ^7 || ^8 || ^9.7
1020 silly packumentCache full:https://registry.npmjs.org/eslint cache-miss
1021 http cache https://registry.npmjs.org/eslint 29ms (cache hit)
1022 silly packumentCache full:https://registry.npmjs.org/eslint set size:2048190 disposed:false
1023 silly fetch manifest eslint@^2 || ^3 || ^4 || ^5 || ^6 || ^7.2.0 || ^8 || ^9
1024 silly packumentCache full:https://registry.npmjs.org/eslint cache-miss
1025 http cache https://registry.npmjs.org/eslint 15ms (cache hit)
1026 silly packumentCache full:https://registry.npmjs.org/eslint set size:2048190 disposed:false
1027 silly fetch manifest eslint@^3 || ^4 || ^5 || ^6 || ^7 || ^8 || ^9
1028 silly packumentCache full:https://registry.npmjs.org/eslint cache-miss
1029 http cache https://registry.npmjs.org/eslint 12ms (cache hit)
1030 silly packumentCache full:https://registry.npmjs.org/eslint set size:2048190 disposed:false
1031 silly fetch manifest eslint-plugin-import-x@*
1032 silly packumentCache full:https://registry.npmjs.org/eslint-plugin-import-x cache-miss
1033 http fetch GET 200 https://registry.npmjs.org/eslint-plugin-import-x 31ms (cache miss)
1034 silly packumentCache full:https://registry.npmjs.org/eslint-plugin-import-x set size:undefined disposed:false
1035 silly fetch manifest @typescript-eslint/utils@^8.56.0
1036 silly packumentCache full:https://registry.npmjs.org/@typescript-eslint%2futils cache-miss
1037 http fetch GET 200 https://registry.npmjs.org/@typescript-eslint%2futils 294ms (cache miss)
1038 silly packumentCache full:https://registry.npmjs.org/@typescript-eslint%2futils set size:undefined disposed:false
1039 silly placeDep ROOT @next/eslint-plugin-next@16.3.0 OK for: eslint-config-next@16.3.0 want: 16.3.0
1040 silly placeDep ROOT eslint-import-resolver-node@0.3.10 OK for: eslint-config-next@16.3.0 want: ^0.3.6
1041 silly placeDep ROOT eslint-import-resolver-typescript@3.10.1 OK for: eslint-config-next@16.3.0 want: ^3.5.2
1042 silly placeDep ROOT eslint-plugin-import@2.32.0 OK for: eslint-config-next@16.3.0 want: ^2.32.0
1043 silly placeDep ROOT eslint-plugin-jsx-a11y@6.10.2 OK for: eslint-config-next@16.3.0 want: ^6.10.0
1044 silly placeDep ROOT eslint-plugin-react@7.37.5 OK for: eslint-config-next@16.3.0 want: ^7.37.0
1045 silly placeDep ROOT eslint-plugin-react-hooks@7.1.1 OK for: eslint-config-next@16.3.0 want: ^7.0.0
1046 silly placeDep node_modules/eslint-config-next globals@16.4.0 OK for: eslint-config-next@16.3.0 want: 16.4.0
1047 silly placeDep ROOT typescript-eslint@8.67.0 OK for: eslint-config-next@16.3.0 want: ^8.46.0
1048 silly fetch manifest fast-glob@3.3.1
1049 silly packumentCache full:https://registry.npmjs.org/fast-glob cache-miss
1050 silly fetch manifest @eslint-community/eslint-utils@4.9.1
1051 silly packumentCache full:https://registry.npmjs.org/@eslint-community%2feslint-utils cache-miss
1052 silly fetch manifest debug@^3.2.7
1053 silly packumentCache full:https://registry.npmjs.org/debug cache-hit
1054 silly fetch manifest resolve@^2.0.0-next.6
1055 silly packumentCache full:https://registry.npmjs.org/resolve cache-miss
1056 silly fetch manifest is-core-module@^2.16.1
1057 silly packumentCache full:https://registry.npmjs.org/is-core-module cache-miss
1058 silly fetch manifest tinyglobby@^0.2.13
1059 silly packumentCache full:https://registry.npmjs.org/tinyglobby cache-miss
1060 silly fetch manifest stable-hash@^0.0.5
1061 silly packumentCache full:https://registry.npmjs.org/stable-hash cache-miss
1062 silly fetch manifest get-tsconfig@^4.10.0
1063 silly packumentCache full:https://registry.npmjs.org/get-tsconfig cache-miss
1064 silly fetch manifest is-bun-module@^2.0.0
1065 silly packumentCache full:https://registry.npmjs.org/is-bun-module cache-miss
1066 silly fetch manifest unrs-resolver@^1.6.2
1067 silly packumentCache full:https://registry.npmjs.org/unrs-resolver cache-miss
1068 silly fetch manifest @nolyfill/is-core-module@1.0.39
1069 silly packumentCache full:https://registry.npmjs.org/@nolyfill%2fis-core-module cache-miss
1070 silly fetch manifest @rtsao/scc@^1.1.0
1071 silly packumentCache full:https://registry.npmjs.org/@rtsao%2fscc cache-miss
1072 http cache https://registry.npmjs.org/@eslint-community%2feslint-utils 36ms (cache hit)
1073 silly packumentCache full:https://registry.npmjs.org/@eslint-community%2feslint-utils set size:108339 disposed:false
1074 silly fetch manifest array-includes@^3.1.9
1075 silly packumentCache full:https://registry.npmjs.org/array-includes cache-miss
1076 http fetch GET 200 https://registry.npmjs.org/stable-hash 48ms (cache miss)
1077 silly packumentCache full:https://registry.npmjs.org/stable-hash set size:undefined disposed:false
1078 silly fetch manifest array.prototype.findlastindex@^1.2.6
1079 silly packumentCache full:https://registry.npmjs.org/array.prototype.findlastindex cache-miss
1080 http fetch GET 200 https://registry.npmjs.org/tinyglobby 59ms (cache miss)
1081 silly packumentCache full:https://registry.npmjs.org/tinyglobby set size:undefined disposed:false
1082 silly fetch manifest array.prototype.flat@^1.3.3
1083 silly packumentCache full:https://registry.npmjs.org/array.prototype.flat cache-miss
1084 http fetch GET 200 https://registry.npmjs.org/is-bun-module 60ms (cache miss)
1085 silly packumentCache full:https://registry.npmjs.org/is-bun-module set size:undefined disposed:false
1086 silly fetch manifest array.prototype.flatmap@^1.3.3
1087 silly packumentCache full:https://registry.npmjs.org/array.prototype.flatmap cache-miss
1088 http fetch GET 200 https://registry.npmjs.org/is-core-module 73ms (cache miss)
1089 silly packumentCache full:https://registry.npmjs.org/is-core-module set size:undefined disposed:false
1090 silly fetch manifest doctrine@^2.1.0
1091 silly packumentCache full:https://registry.npmjs.org/doctrine cache-miss
1092 http fetch GET 200 https://registry.npmjs.org/@nolyfill%2fis-core-module 80ms (cache miss)
1093 silly packumentCache full:https://registry.npmjs.org/@nolyfill%2fis-core-module set size:undefined disposed:false
1094 silly fetch manifest eslint-module-utils@^2.12.1
1095 silly packumentCache full:https://registry.npmjs.org/eslint-module-utils cache-miss
1096 http fetch GET 200 https://registry.npmjs.org/@rtsao%2fscc 79ms (cache miss)
1097 silly packumentCache full:https://registry.npmjs.org/@rtsao%2fscc set size:undefined disposed:false
1098 silly fetch manifest hasown@^2.0.2
1099 silly packumentCache full:https://registry.npmjs.org/hasown cache-miss
1100 http fetch GET 200 https://registry.npmjs.org/resolve 97ms (cache miss)
1101 silly packumentCache full:https://registry.npmjs.org/resolve set size:undefined disposed:false
1102 silly fetch manifest object.fromentries@^2.0.8
1103 silly packumentCache full:https://registry.npmjs.org/object.fromentries cache-miss
1104 http fetch GET 200 https://registry.npmjs.org/unrs-resolver 99ms (cache miss)
1105 silly packumentCache full:https://registry.npmjs.org/unrs-resolver set size:undefined disposed:false
1106 silly fetch manifest object.groupby@^1.0.3
1107 silly packumentCache full:https://registry.npmjs.org/object.groupby cache-miss
1108 http fetch GET 200 https://registry.npmjs.org/fast-glob 111ms (cache miss)
1109 silly packumentCache full:https://registry.npmjs.org/fast-glob set size:undefined disposed:false
1110 silly fetch manifest object.values@^1.2.1
1111 silly packumentCache full:https://registry.npmjs.org/object.values cache-miss
1112 http fetch GET 200 https://registry.npmjs.org/get-tsconfig 122ms (cache miss)
1113 silly packumentCache full:https://registry.npmjs.org/get-tsconfig set size:undefined disposed:false
1114 silly fetch manifest semver@^6.3.1
1115 silly packumentCache full:https://registry.npmjs.org/semver cache-miss
1116 http fetch GET 200 https://registry.npmjs.org/array.prototype.findlastindex 89ms (cache miss)
1117 silly packumentCache full:https://registry.npmjs.org/array.prototype.findlastindex set size:undefined disposed:false
1118 silly fetch manifest string.prototype.trimend@^1.0.9
1119 silly packumentCache full:https://registry.npmjs.org/string.prototype.trimend cache-miss
1120 http fetch GET 200 https://registry.npmjs.org/array-includes 109ms (cache miss)
1121 silly packumentCache full:https://registry.npmjs.org/array-includes set size:undefined disposed:false
1122 silly fetch manifest tsconfig-paths@^3.15.0
1123 silly packumentCache full:https://registry.npmjs.org/tsconfig-paths cache-miss
1124 http fetch GET 200 https://registry.npmjs.org/array.prototype.flat 89ms (cache miss)
1125 silly packumentCache full:https://registry.npmjs.org/array.prototype.flat set size:undefined disposed:false
1126 silly fetch manifest aria-query@^5.3.2
1127 silly packumentCache full:https://registry.npmjs.org/aria-query cache-hit
1128 silly fetch manifest array-includes@^3.1.8
1129 silly packumentCache full:https://registry.npmjs.org/array-includes cache-miss
1130 http fetch GET 200 https://registry.npmjs.org/array.prototype.flatmap 93ms (cache miss)
1131 silly packumentCache full:https://registry.npmjs.org/array.prototype.flatmap set size:undefined disposed:false
1132 silly fetch manifest array.prototype.flatmap@^1.3.2
1133 silly packumentCache full:https://registry.npmjs.org/array.prototype.flatmap cache-miss
1134 http fetch GET 200 https://registry.npmjs.org/hasown 67ms (cache miss)
1135 silly packumentCache full:https://registry.npmjs.org/hasown set size:undefined disposed:false
1136 silly fetch manifest ast-types-flow@^0.0.8
1137 silly packumentCache full:https://registry.npmjs.org/ast-types-flow cache-miss
1138 http fetch GET 200 https://registry.npmjs.org/doctrine 87ms (cache miss)
1139 silly packumentCache full:https://registry.npmjs.org/doctrine set size:undefined disposed:false
1140 silly fetch manifest axe-core@^4.10.0
1141 silly packumentCache full:https://registry.npmjs.org/axe-core cache-miss
1142 http fetch GET 200 https://registry.npmjs.org/eslint-module-utils 85ms (cache miss)
1143 silly packumentCache full:https://registry.npmjs.org/eslint-module-utils set size:undefined disposed:false
1144 silly fetch manifest axobject-query@^4.1.0
1145 silly packumentCache full:https://registry.npmjs.org/axobject-query cache-miss
1146 http fetch GET 200 https://registry.npmjs.org/object.groupby 75ms (cache miss)
1147 silly packumentCache full:https://registry.npmjs.org/object.groupby set size:undefined disposed:false
1148 silly fetch manifest damerau-levenshtein@^1.0.8
1149 silly packumentCache full:https://registry.npmjs.org/damerau-levenshtein cache-miss
1150 http fetch GET 200 https://registry.npmjs.org/object.fromentries 83ms (cache miss)
1151 silly packumentCache full:https://registry.npmjs.org/object.fromentries set size:undefined disposed:false
1152 silly fetch manifest emoji-regex@^9.2.2
1153 silly packumentCache full:https://registry.npmjs.org/emoji-regex cache-miss
1154 http fetch GET 200 https://registry.npmjs.org/object.values 82ms (cache miss)
1155 silly packumentCache full:https://registry.npmjs.org/object.values set size:undefined disposed:false
1156 silly fetch manifest jsx-ast-utils@^3.3.5
1157 silly packumentCache full:https://registry.npmjs.org/jsx-ast-utils cache-miss
1158 http cache https://registry.npmjs.org/array-includes 45ms (cache hit)
1159 silly packumentCache full:https://registry.npmjs.org/array-includes set size:77143 disposed:false
1160 silly fetch manifest language-tags@^1.0.9
1161 silly packumentCache full:https://registry.npmjs.org/language-tags cache-miss
1162 http fetch GET 200 https://registry.npmjs.org/string.prototype.trimend 61ms (cache miss)
1163 silly packumentCache full:https://registry.npmjs.org/string.prototype.trimend set size:undefined disposed:false
1164 silly fetch manifest safe-regex-test@^1.0.3
1165 silly packumentCache full:https://registry.npmjs.org/safe-regex-test cache-miss
1166 http cache https://registry.npmjs.org/array.prototype.flatmap 44ms (cache hit)
1167 silly packumentCache full:https://registry.npmjs.org/array.prototype.flatmap set size:51458 disposed:false
1168 silly fetch manifest string.prototype.includes@^2.0.1
1169 silly packumentCache full:https://registry.npmjs.org/string.prototype.includes cache-miss
1170 http fetch GET 200 https://registry.npmjs.org/ast-types-flow 58ms (cache miss)
1171 silly packumentCache full:https://registry.npmjs.org/ast-types-flow set size:undefined disposed:false
1172 silly fetch manifest array.prototype.findlast@^1.2.5
1173 silly packumentCache full:https://registry.npmjs.org/array.prototype.findlast cache-miss
1174 http fetch GET 200 https://registry.npmjs.org/axobject-query 54ms (cache miss)
1175 silly packumentCache full:https://registry.npmjs.org/axobject-query set size:undefined disposed:false
1176 silly fetch manifest array.prototype.tosorted@^1.1.4
1177 silly packumentCache full:https://registry.npmjs.org/array.prototype.tosorted cache-miss
1178 http fetch GET 200 https://registry.npmjs.org/semver 103ms (cache miss)
1179 silly packumentCache full:https://registry.npmjs.org/semver set size:undefined disposed:false
1180 silly fetch manifest es-iterator-helpers@^1.2.1
1181 silly packumentCache full:https://registry.npmjs.org/es-iterator-helpers cache-miss
1182 http fetch GET 200 https://registry.npmjs.org/tsconfig-paths 89ms (cache miss)
1183 silly packumentCache full:https://registry.npmjs.org/tsconfig-paths set size:undefined disposed:false
1184 silly fetch manifest estraverse@^5.3.0
1185 silly packumentCache full:https://registry.npmjs.org/estraverse cache-miss
1186 http fetch GET 200 https://registry.npmjs.org/damerau-levenshtein 68ms (cache miss)
1187 silly packumentCache full:https://registry.npmjs.org/damerau-levenshtein set size:undefined disposed:false
1188 silly fetch manifest jsx-ast-utils@^2.4.1 || ^3.0.0
1189 silly packumentCache full:https://registry.npmjs.org/jsx-ast-utils cache-miss
1190 http fetch GET 200 https://registry.npmjs.org/language-tags 64ms (cache miss)
1191 silly packumentCache full:https://registry.npmjs.org/language-tags set size:undefined disposed:false
1192 silly fetch manifest object.entries@^1.1.9
1193 silly packumentCache full:https://registry.npmjs.org/object.entries cache-miss
1194 http fetch GET 200 https://registry.npmjs.org/emoji-regex 81ms (cache miss)
1195 silly packumentCache full:https://registry.npmjs.org/emoji-regex set size:undefined disposed:false
1196 silly fetch manifest prop-types@^15.8.1
1197 silly packumentCache full:https://registry.npmjs.org/prop-types cache-miss
1198 http fetch GET 200 https://registry.npmjs.org/jsx-ast-utils 88ms (cache miss)
1199 silly packumentCache full:https://registry.npmjs.org/jsx-ast-utils set size:undefined disposed:false
1200 silly fetch manifest resolve@^2.0.0-next.5
1201 silly packumentCache full:https://registry.npmjs.org/resolve cache-miss
1202 http fetch GET 200 https://registry.npmjs.org/string.prototype.includes 94ms (cache miss)
1203 silly packumentCache full:https://registry.npmjs.org/string.prototype.includes set size:undefined disposed:false
1204 silly fetch manifest string.prototype.matchall@^4.0.12
1205 silly packumentCache full:https://registry.npmjs.org/string.prototype.matchall cache-miss
1206 http cache https://registry.npmjs.org/estraverse 127ms (cache hit)
1207 silly packumentCache full:https://registry.npmjs.org/estraverse set size:62412 disposed:false
1208 silly fetch manifest string.prototype.repeat@^1.0.0
1209 silly packumentCache full:https://registry.npmjs.org/string.prototype.repeat cache-miss
1210 http fetch GET 200 https://registry.npmjs.org/safe-regex-test 167ms (cache miss)
1211 silly packumentCache full:https://registry.npmjs.org/safe-regex-test set size:undefined disposed:false
1212 silly fetch manifest zod@^3.25.0 || ^4.0.0
1213 silly packumentCache full:https://registry.npmjs.org/zod cache-miss
1214 http fetch GET 200 https://registry.npmjs.org/array.prototype.findlast 203ms (cache miss)
1215 silly packumentCache full:https://registry.npmjs.org/array.prototype.findlast set size:undefined disposed:false
1216 silly fetch manifest @babel/core@^7.24.4
1217 silly packumentCache full:https://registry.npmjs.org/@babel%2fcore cache-miss
1218 http fetch GET 200 https://registry.npmjs.org/array.prototype.tosorted 224ms (cache miss)
1219 silly packumentCache full:https://registry.npmjs.org/array.prototype.tosorted set size:undefined disposed:false
1220 silly fetch manifest @babel/parser@^7.24.4
1221 silly packumentCache full:https://registry.npmjs.org/@babel%2fparser cache-miss
1222 http cache https://registry.npmjs.org/resolve 187ms (cache hit)
1223 silly packumentCache full:https://registry.npmjs.org/resolve set size:244568 disposed:false
1224 silly fetch manifest hermes-parser@^0.25.1
1225 silly packumentCache full:https://registry.npmjs.org/hermes-parser cache-miss
1226 http fetch GET 200 https://registry.npmjs.org/object.entries 215ms (cache miss)
1227 silly packumentCache full:https://registry.npmjs.org/object.entries set size:undefined disposed:false
1228 silly fetch manifest zod-validation-error@^3.5.0 || ^4.0.0
1229 silly packumentCache full:https://registry.npmjs.org/zod-validation-error cache-miss
1230 http fetch GET 200 https://registry.npmjs.org/string.prototype.repeat 119ms (cache miss)
1231 silly packumentCache full:https://registry.npmjs.org/string.prototype.repeat set size:undefined disposed:false
1232 silly fetch manifest @typescript-eslint/utils@8.67.0
1233 silly packumentCache full:https://registry.npmjs.org/@typescript-eslint%2futils cache-miss
1234 http fetch GET 200 https://registry.npmjs.org/jsx-ast-utils 238ms (cache miss)
1235 silly packumentCache full:https://registry.npmjs.org/jsx-ast-utils set size:undefined disposed:false
1236 silly fetch manifest @typescript-eslint/parser@8.67.0
1237 silly packumentCache full:https://registry.npmjs.org/@typescript-eslint%2fparser cache-miss
1238 http fetch GET 200 https://registry.npmjs.org/prop-types 234ms (cache miss)
1239 silly packumentCache full:https://registry.npmjs.org/prop-types set size:undefined disposed:false
1240 silly fetch manifest @typescript-eslint/eslint-plugin@8.67.0
1241 silly packumentCache full:https://registry.npmjs.org/@typescript-eslint%2feslint-plugin cache-miss
1242 http fetch GET 200 https://registry.npmjs.org/string.prototype.matchall 172ms (cache miss)
1243 silly packumentCache full:https://registry.npmjs.org/string.prototype.matchall set size:undefined disposed:false
1244 silly fetch manifest @typescript-eslint/typescript-estree@8.67.0
1245 silly packumentCache full:https://registry.npmjs.org/@typescript-eslint%2ftypescript-estree cache-miss
1246 http fetch GET 200 https://registry.npmjs.org/es-iterator-helpers 295ms (cache miss)
1247 silly packumentCache full:https://registry.npmjs.org/es-iterator-helpers set size:undefined disposed:false
1248 http cache https://registry.npmjs.org/@typescript-eslint%2futils 64ms (cache hit)
1249 silly packumentCache full:https://registry.npmjs.org/@typescript-eslint%2futils set size:10673890 disposed:false
1250 http fetch GET 200 https://registry.npmjs.org/hermes-parser 155ms (cache miss)
1251 silly packumentCache full:https://registry.npmjs.org/hermes-parser set size:undefined disposed:false
1252 http fetch GET 200 https://registry.npmjs.org/zod-validation-error 150ms (cache miss)
1253 silly packumentCache full:https://registry.npmjs.org/zod-validation-error set size:undefined disposed:false
1254 http fetch GET 200 https://registry.npmjs.org/@babel%2fparser 202ms (cache miss)
1255 silly packumentCache full:https://registry.npmjs.org/@babel%2fparser set size:undefined disposed:false
1256 http fetch GET 200 https://registry.npmjs.org/@babel%2fcore 241ms (cache miss)
1257 silly packumentCache full:https://registry.npmjs.org/@babel%2fcore set size:undefined disposed:false
1258 http fetch GET 200 https://registry.npmjs.org/zod 377ms (cache miss)
1259 silly packumentCache full:https://registry.npmjs.org/zod set size:undefined disposed:false
1260 http fetch GET 200 https://registry.npmjs.org/axe-core 706ms (cache miss)
1261 silly packumentCache full:https://registry.npmjs.org/axe-core set size:undefined disposed:false
1262 http fetch GET 200 https://registry.npmjs.org/@typescript-eslint%2fparser 511ms (cache miss)
1263 silly packumentCache full:https://registry.npmjs.org/@typescript-eslint%2fparser set size:undefined disposed:false
1264 http fetch GET 200 https://registry.npmjs.org/@typescript-eslint%2ftypescript-estree 569ms (cache miss)
1265 silly packumentCache full:https://registry.npmjs.org/@typescript-eslint%2ftypescript-estree set size:undefined disposed:false
1266 http fetch GET 200 https://registry.npmjs.org/@typescript-eslint%2feslint-plugin 684ms (cache miss)
1267 silly packumentCache full:https://registry.npmjs.org/@typescript-eslint%2feslint-plugin set size:undefined disposed:false
1268 silly placeDep node_modules/@next/eslint-plugin-next @eslint-community/eslint-utils@4.9.1 OK for: @next/eslint-plugin-next@16.3.0 want: 4.9.1
1269 silly placeDep ROOT fast-glob@3.3.1 OK for: @next/eslint-plugin-next@16.3.0 want: 3.3.1
1270 silly fetch manifest merge2@^1.3.0
1271 silly packumentCache full:https://registry.npmjs.org/merge2 cache-miss
1272 silly fetch manifest micromatch@^4.0.4
1273 silly packumentCache full:https://registry.npmjs.org/micromatch cache-miss
1274 silly fetch manifest glob-parent@^5.1.2
1275 silly packumentCache full:https://registry.npmjs.org/glob-parent cache-miss
1276 silly fetch manifest @nodelib/fs.stat@^2.0.2
1277 silly packumentCache full:https://registry.npmjs.org/@nodelib%2ffs.stat cache-miss
1278 silly fetch manifest @nodelib/fs.walk@^1.2.3
1279 silly packumentCache full:https://registry.npmjs.org/@nodelib%2ffs.walk cache-miss
1280 http cache https://registry.npmjs.org/glob-parent 9ms (cache hit)
1281 silly packumentCache full:https://registry.npmjs.org/glob-parent set size:42445 disposed:false
1282 http fetch GET 200 https://registry.npmjs.org/merge2 29ms (cache miss)
1283 silly packumentCache full:https://registry.npmjs.org/merge2 set size:undefined disposed:false
1284 http fetch GET 200 https://registry.npmjs.org/micromatch 32ms (cache miss)
1285 silly packumentCache full:https://registry.npmjs.org/micromatch set size:undefined disposed:false
1286 http fetch GET 200 https://registry.npmjs.org/@nodelib%2ffs.stat 39ms (cache miss)
1287 silly packumentCache full:https://registry.npmjs.org/@nodelib%2ffs.stat set size:undefined disposed:false
1288 http fetch GET 200 https://registry.npmjs.org/@nodelib%2ffs.walk 42ms (cache miss)
1289 silly packumentCache full:https://registry.npmjs.org/@nodelib%2ffs.walk set size:undefined disposed:false
1290 silly placeDep node_modules/eslint-import-resolver-node debug@3.2.7 OK for: eslint-import-resolver-node@0.3.10 want: ^3.2.7
1291 silly placeDep ROOT is-core-module@2.16.2 OK for: eslint-import-resolver-node@0.3.10 want: ^2.16.1
1292 silly placeDep ROOT resolve@2.0.0-next.7 OK for: eslint-import-resolver-node@0.3.10 want: ^2.0.0-next.6
1293 silly fetch manifest hasown@^2.0.3
1294 silly packumentCache full:https://registry.npmjs.org/hasown cache-miss
1295 silly fetch manifest es-errors@^1.3.0
1296 silly packumentCache full:https://registry.npmjs.org/es-errors cache-miss
1297 silly fetch manifest node-exports-info@^1.6.0
1298 silly packumentCache full:https://registry.npmjs.org/node-exports-info cache-miss
1299 silly fetch manifest object-keys@^1.1.1
1300 silly packumentCache full:https://registry.npmjs.org/object-keys cache-miss
1301 silly fetch manifest path-parse@^1.0.7
1302 silly packumentCache full:https://registry.npmjs.org/path-parse cache-miss
1303 silly fetch manifest supports-preserve-symlinks-flag@^1.0.0
1304 silly packumentCache full:https://registry.npmjs.org/supports-preserve-symlinks-flag cache-miss
1305 http cache https://registry.npmjs.org/hasown 20ms (cache hit)
1306 silly packumentCache full:https://registry.npmjs.org/hasown set size:18361 disposed:false
1307 http fetch GET 200 https://registry.npmjs.org/path-parse 39ms (cache miss)
1308 silly packumentCache full:https://registry.npmjs.org/path-parse set size:undefined disposed:false
1309 http fetch GET 200 https://registry.npmjs.org/object-keys 40ms (cache miss)
1310 silly packumentCache full:https://registry.npmjs.org/object-keys set size:undefined disposed:false
1311 http fetch GET 200 https://registry.npmjs.org/es-errors 44ms (cache miss)
1312 silly packumentCache full:https://registry.npmjs.org/es-errors set size:undefined disposed:false
1313 http fetch GET 200 https://registry.npmjs.org/supports-preserve-symlinks-flag 44ms (cache miss)
1314 silly packumentCache full:https://registry.npmjs.org/supports-preserve-symlinks-flag set size:undefined disposed:false
1315 http fetch GET 200 https://registry.npmjs.org/node-exports-info 48ms (cache miss)
1316 silly packumentCache full:https://registry.npmjs.org/node-exports-info set size:undefined disposed:false
1317 silly placeDep ROOT @nolyfill/is-core-module@1.0.39 OK for: eslint-import-resolver-typescript@3.10.1 want: 1.0.39
1318 silly placeDep ROOT get-tsconfig@4.14.1 OK for: eslint-import-resolver-typescript@3.10.1 want: ^4.10.0
1319 silly placeDep ROOT is-bun-module@2.0.0 OK for: eslint-import-resolver-typescript@3.10.1 want: ^2.0.0
1320 silly placeDep ROOT stable-hash@0.0.5 OK for: eslint-import-resolver-typescript@3.10.1 want: ^0.0.5
1321 silly placeDep ROOT tinyglobby@0.2.17 OK for: eslint-import-resolver-typescript@3.10.1 want: ^0.2.13
1322 silly placeDep ROOT unrs-resolver@1.12.2 OK for: eslint-import-resolver-typescript@3.10.1 want: ^1.6.2
1323 silly fetch manifest resolve-pkg-maps@^1.0.0
1324 silly packumentCache full:https://registry.npmjs.org/resolve-pkg-maps cache-miss
1325 silly fetch manifest semver@^7.7.1
1326 silly packumentCache full:https://registry.npmjs.org/semver cache-miss
1327 silly fetch manifest fdir@^6.5.0
1328 silly packumentCache full:https://registry.npmjs.org/fdir cache-miss
1329 silly fetch manifest picomatch@^4.0.4
1330 silly packumentCache full:https://registry.npmjs.org/picomatch cache-miss
1331 silly fetch manifest napi-postinstall@^0.3.4
1332 silly packumentCache full:https://registry.npmjs.org/napi-postinstall cache-miss
1333 silly fetch manifest @unrs/resolver-binding-darwin-arm64@1.12.2
1334 silly packumentCache full:https://registry.npmjs.org/@unrs%2fresolver-binding-darwin-arm64 cache-miss
1335 silly fetch manifest @unrs/resolver-binding-android-arm64@1.12.2
1336 silly packumentCache full:https://registry.npmjs.org/@unrs%2fresolver-binding-android-arm64 cache-miss
1337 silly fetch manifest @unrs/resolver-binding-win32-arm64-msvc@1.12.2
1338 silly packumentCache full:https://registry.npmjs.org/@unrs%2fresolver-binding-win32-arm64-msvc cache-miss
1339 silly fetch manifest @unrs/resolver-binding-linux-arm64-gnu@1.12.2
1340 silly packumentCache full:https://registry.npmjs.org/@unrs%2fresolver-binding-linux-arm64-gnu cache-miss
1341 silly fetch manifest @unrs/resolver-binding-linux-arm64-musl@1.12.2
1342 silly packumentCache full:https://registry.npmjs.org/@unrs%2fresolver-binding-linux-arm64-musl cache-miss
1343 silly fetch manifest @unrs/resolver-binding-openharmony-arm64@1.12.2
1344 silly packumentCache full:https://registry.npmjs.org/@unrs%2fresolver-binding-openharmony-arm64 cache-miss
1345 http cache https://registry.npmjs.org/semver 24ms (cache hit)
1346 silly packumentCache full:https://registry.npmjs.org/semver set size:246069 disposed:false
1347 silly fetch manifest @unrs/resolver-binding-android-arm-eabi@1.12.2
1348 silly packumentCache full:https://registry.npmjs.org/@unrs%2fresolver-binding-android-arm-eabi cache-miss
1349 http fetch GET 200 https://registry.npmjs.org/resolve-pkg-maps 38ms (cache miss)
1350 silly packumentCache full:https://registry.npmjs.org/resolve-pkg-maps set size:undefined disposed:false
1351 silly fetch manifest @unrs/resolver-binding-linux-arm-gnueabihf@1.12.2
1352 silly packumentCache full:https://registry.npmjs.org/@unrs%2fresolver-binding-linux-arm-gnueabihf cache-miss
1353 http fetch GET 200 https://registry.npmjs.org/fdir 51ms (cache miss)
1354 silly packumentCache full:https://registry.npmjs.org/fdir set size:undefined disposed:false
1355 silly fetch manifest @unrs/resolver-binding-linux-arm-musleabihf@1.12.2
1356 silly packumentCache full:https://registry.npmjs.org/@unrs%2fresolver-binding-linux-arm-musleabihf cache-miss
1357 http fetch GET 200 https://registry.npmjs.org/napi-postinstall 56ms (cache miss)
1358 silly packumentCache full:https://registry.npmjs.org/napi-postinstall set size:undefined disposed:false
1359 silly fetch manifest @unrs/resolver-binding-win32-ia32-msvc@1.12.2
1360 silly packumentCache full:https://registry.npmjs.org/@unrs%2fresolver-binding-win32-ia32-msvc cache-miss
1361 http fetch GET 200 https://registry.npmjs.org/@unrs%2fresolver-binding-android-arm64 61ms (cache miss)
1362 silly packumentCache full:https://registry.npmjs.org/@unrs%2fresolver-binding-android-arm64 set size:undefined disposed:false
1363 silly fetch manifest @unrs/resolver-binding-linux-loong64-gnu@1.12.2
1364 silly packumentCache full:https://registry.npmjs.org/@unrs%2fresolver-binding-linux-loong64-gnu cache-miss
1365 http fetch GET 200 https://registry.npmjs.org/picomatch 64ms (cache miss)
1366 silly packumentCache full:https://registry.npmjs.org/picomatch set size:undefined disposed:false
1367 silly fetch manifest @unrs/resolver-binding-linux-loong64-musl@1.12.2
1368 silly packumentCache full:https://registry.npmjs.org/@unrs%2fresolver-binding-linux-loong64-musl cache-miss
1369 http fetch GET 200 https://registry.npmjs.org/@unrs%2fresolver-binding-linux-arm64-gnu 66ms (cache miss)
1370 silly packumentCache full:https://registry.npmjs.org/@unrs%2fresolver-binding-linux-arm64-gnu set size:undefined disposed:false
1371 silly fetch manifest @unrs/resolver-binding-linux-ppc64-gnu@1.12.2
1372 silly packumentCache full:https://registry.npmjs.org/@unrs%2fresolver-binding-linux-ppc64-gnu cache-miss
1373 http fetch GET 200 https://registry.npmjs.org/@unrs%2fresolver-binding-win32-arm64-msvc 71ms (cache miss)
1374 silly packumentCache full:https://registry.npmjs.org/@unrs%2fresolver-binding-win32-arm64-msvc set size:undefined disposed:false
1375 silly fetch manifest @unrs/resolver-binding-linux-riscv64-gnu@1.12.2
1376 silly packumentCache full:https://registry.npmjs.org/@unrs%2fresolver-binding-linux-riscv64-gnu cache-miss
1377 http fetch GET 200 https://registry.npmjs.org/@unrs%2fresolver-binding-linux-arm64-musl 73ms (cache miss)
1378 silly packumentCache full:https://registry.npmjs.org/@unrs%2fresolver-binding-linux-arm64-musl set size:undefined disposed:false
1379 silly fetch manifest @unrs/resolver-binding-linux-riscv64-musl@1.12.2
1380 silly packumentCache full:https://registry.npmjs.org/@unrs%2fresolver-binding-linux-riscv64-musl cache-miss
1381 http fetch GET 200 https://registry.npmjs.org/@unrs%2fresolver-binding-darwin-arm64 77ms (cache miss)
1382 silly packumentCache full:https://registry.npmjs.org/@unrs%2fresolver-binding-darwin-arm64 set size:undefined disposed:false
1383 silly fetch manifest @unrs/resolver-binding-linux-s390x-gnu@1.12.2
1384 silly packumentCache full:https://registry.npmjs.org/@unrs%2fresolver-binding-linux-s390x-gnu cache-miss
1385 http fetch GET 200 https://registry.npmjs.org/@unrs%2fresolver-binding-openharmony-arm64 80ms (cache miss)
1386 silly packumentCache full:https://registry.npmjs.org/@unrs%2fresolver-binding-openharmony-arm64 set size:undefined disposed:false
1387 silly fetch manifest @unrs/resolver-binding-wasm32-wasi@1.12.2
1388 silly packumentCache full:https://registry.npmjs.org/@unrs%2fresolver-binding-wasm32-wasi cache-miss
1389 http fetch GET 200 https://registry.npmjs.org/@unrs%2fresolver-binding-linux-arm-gnueabihf 55ms (cache miss)
1390 silly packumentCache full:https://registry.npmjs.org/@unrs%2fresolver-binding-linux-arm-gnueabihf set size:undefined disposed:false
1391 silly fetch manifest @unrs/resolver-binding-darwin-x64@1.12.2
1392 silly packumentCache full:https://registry.npmjs.org/@unrs%2fresolver-binding-darwin-x64 cache-miss
1393 http fetch GET 200 https://registry.npmjs.org/@unrs%2fresolver-binding-android-arm-eabi 72ms (cache miss)
1394 silly packumentCache full:https://registry.npmjs.org/@unrs%2fresolver-binding-android-arm-eabi set size:undefined disposed:false
1395 silly fetch manifest @unrs/resolver-binding-win32-x64-msvc@1.12.2
1396 silly packumentCache full:https://registry.npmjs.org/@unrs%2fresolver-binding-win32-x64-msvc cache-miss
1397 http fetch GET 200 https://registry.npmjs.org/@unrs%2fresolver-binding-win32-ia32-msvc 50ms (cache miss)
1398 silly packumentCache full:https://registry.npmjs.org/@unrs%2fresolver-binding-win32-ia32-msvc set size:undefined disposed:false
1399 silly fetch manifest @unrs/resolver-binding-freebsd-x64@1.12.2
1400 silly packumentCache full:https://registry.npmjs.org/@unrs%2fresolver-binding-freebsd-x64 cache-miss
1401 http fetch GET 200 https://registry.npmjs.org/@unrs%2fresolver-binding-linux-arm-musleabihf 58ms (cache miss)
1402 silly packumentCache full:https://registry.npmjs.org/@unrs%2fresolver-binding-linux-arm-musleabihf set size:undefined disposed:false
1403 silly fetch manifest @unrs/resolver-binding-linux-x64-gnu@1.12.2
1404 silly packumentCache full:https://registry.npmjs.org/@unrs%2fresolver-binding-linux-x64-gnu cache-miss
1405 http fetch GET 200 https://registry.npmjs.org/@unrs%2fresolver-binding-linux-loong64-gnu 54ms (cache miss)
1406 silly packumentCache full:https://registry.npmjs.org/@unrs%2fresolver-binding-linux-loong64-gnu set size:undefined disposed:false
1407 silly fetch manifest @unrs/resolver-binding-linux-x64-musl@1.12.2
1408 silly packumentCache full:https://registry.npmjs.org/@unrs%2fresolver-binding-linux-x64-musl cache-miss
1409 http fetch GET 200 https://registry.npmjs.org/@unrs%2fresolver-binding-linux-ppc64-gnu 51ms (cache miss)
1410 silly packumentCache full:https://registry.npmjs.org/@unrs%2fresolver-binding-linux-ppc64-gnu set size:undefined disposed:false
1411 http fetch GET 200 https://registry.npmjs.org/@unrs%2fresolver-binding-linux-loong64-musl 54ms (cache miss)
1412 silly packumentCache full:https://registry.npmjs.org/@unrs%2fresolver-binding-linux-loong64-musl set size:undefined disposed:false
1413 http fetch GET 200 https://registry.npmjs.org/@unrs%2fresolver-binding-linux-riscv64-gnu 54ms (cache miss)
1414 silly packumentCache full:https://registry.npmjs.org/@unrs%2fresolver-binding-linux-riscv64-gnu set size:undefined disposed:false
1415 http fetch GET 200 https://registry.npmjs.org/@unrs%2fresolver-binding-linux-riscv64-musl 54ms (cache miss)
1416 silly packumentCache full:https://registry.npmjs.org/@unrs%2fresolver-binding-linux-riscv64-musl set size:undefined disposed:false
1417 http fetch GET 200 https://registry.npmjs.org/@unrs%2fresolver-binding-linux-s390x-gnu 54ms (cache miss)
1418 silly packumentCache full:https://registry.npmjs.org/@unrs%2fresolver-binding-linux-s390x-gnu set size:undefined disposed:false
1419 http fetch GET 200 https://registry.npmjs.org/@unrs%2fresolver-binding-wasm32-wasi 60ms (cache miss)
1420 silly packumentCache full:https://registry.npmjs.org/@unrs%2fresolver-binding-wasm32-wasi set size:undefined disposed:false
1421 http fetch GET 200 https://registry.npmjs.org/@unrs%2fresolver-binding-win32-x64-msvc 47ms (cache miss)
1422 silly packumentCache full:https://registry.npmjs.org/@unrs%2fresolver-binding-win32-x64-msvc set size:undefined disposed:false
1423 http fetch GET 200 https://registry.npmjs.org/@unrs%2fresolver-binding-darwin-x64 52ms (cache miss)
1424 silly packumentCache full:https://registry.npmjs.org/@unrs%2fresolver-binding-darwin-x64 set size:undefined disposed:false
1425 http fetch GET 200 https://registry.npmjs.org/@unrs%2fresolver-binding-freebsd-x64 41ms (cache miss)
1426 silly packumentCache full:https://registry.npmjs.org/@unrs%2fresolver-binding-freebsd-x64 set size:undefined disposed:false
1427 http fetch GET 200 https://registry.npmjs.org/@unrs%2fresolver-binding-linux-x64-gnu 40ms (cache miss)
1428 silly packumentCache full:https://registry.npmjs.org/@unrs%2fresolver-binding-linux-x64-gnu set size:undefined disposed:false
1429 http fetch GET 200 https://registry.npmjs.org/@unrs%2fresolver-binding-linux-x64-musl 41ms (cache miss)
1430 silly packumentCache full:https://registry.npmjs.org/@unrs%2fresolver-binding-linux-x64-musl set size:undefined disposed:false
1431 silly placeDep ROOT @rtsao/scc@1.1.0 OK for: eslint-plugin-import@2.32.0 want: ^1.1.0
1432 silly placeDep ROOT array-includes@3.1.9 OK for: eslint-plugin-import@2.32.0 want: ^3.1.9
1433 silly placeDep ROOT array.prototype.findlastindex@1.2.6 OK for: eslint-plugin-import@2.32.0 want: ^1.2.6
1434 silly placeDep ROOT array.prototype.flat@1.3.3 OK for: eslint-plugin-import@2.32.0 want: ^1.3.3
1435 silly placeDep ROOT array.prototype.flatmap@1.3.3 OK for: eslint-plugin-import@2.32.0 want: ^1.3.3
1436 silly placeDep node_modules/eslint-plugin-import debug@3.2.7 OK for: eslint-plugin-import@2.32.0 want: ^3.2.7
1437 silly placeDep ROOT doctrine@2.1.0 OK for: eslint-plugin-import@2.32.0 want: ^2.1.0
1438 silly placeDep ROOT eslint-module-utils@2.14.0 OK for: eslint-plugin-import@2.32.0 want: ^2.12.1
1439 silly placeDep ROOT hasown@2.0.4 OK for: eslint-plugin-import@2.32.0 want: ^2.0.2
1440 silly placeDep ROOT object.fromentries@2.0.8 OK for: eslint-plugin-import@2.32.0 want: ^2.0.8
1441 silly placeDep ROOT object.groupby@1.0.3 OK for: eslint-plugin-import@2.32.0 want: ^1.0.3
1442 silly placeDep ROOT object.values@1.2.1 OK for: eslint-plugin-import@2.32.0 want: ^1.2.1
1443 silly placeDep ROOT semver@6.3.1 OK for: eslint-plugin-import@2.32.0 want: ^6.3.1
1444 silly placeDep ROOT string.prototype.trimend@1.0.10 OK for: eslint-plugin-import@2.32.0 want: ^1.0.9
1445 silly placeDep ROOT tsconfig-paths@3.15.0 OK for: eslint-plugin-import@2.32.0 want: ^3.15.0
1446 silly fetch manifest call-bind@^1.0.8
1447 silly packumentCache full:https://registry.npmjs.org/call-bind cache-miss
1448 silly fetch manifest call-bound@^1.0.4
1449 silly packumentCache full:https://registry.npmjs.org/call-bound cache-miss
1450 silly fetch manifest define-properties@^1.2.1
1451 silly packumentCache full:https://registry.npmjs.org/define-properties cache-miss
1452 silly fetch manifest es-abstract@^1.24.0
1453 silly packumentCache full:https://registry.npmjs.org/es-abstract cache-miss
1454 silly fetch manifest es-object-atoms@^1.1.1
1455 silly packumentCache full:https://registry.npmjs.org/es-object-atoms cache-miss
1456 silly fetch manifest get-intrinsic@^1.3.0
1457 silly packumentCache full:https://registry.npmjs.org/get-intrinsic cache-miss
1458 silly fetch manifest is-string@^1.1.1
1459 silly packumentCache full:https://registry.npmjs.org/is-string cache-miss
1460 silly fetch manifest math-intrinsics@^1.1.0
1461 silly packumentCache full:https://registry.npmjs.org/math-intrinsics cache-miss
1462 silly fetch manifest call-bind@^1.0.8
1463 silly packumentCache full:https://registry.npmjs.org/call-bind cache-miss
1464 silly fetch manifest call-bound@^1.0.4
1465 silly packumentCache full:https://registry.npmjs.org/call-bound cache-miss
1466 silly fetch manifest define-properties@^1.2.1
1467 silly packumentCache full:https://registry.npmjs.org/define-properties cache-miss
1468 http fetch GET 200 https://registry.npmjs.org/call-bound 39ms (cache miss)
1469 silly packumentCache full:https://registry.npmjs.org/call-bound set size:undefined disposed:false
1470 silly fetch manifest es-abstract@^1.23.9
1471 silly packumentCache full:https://registry.npmjs.org/es-abstract cache-miss
1472 http fetch GET 200 https://registry.npmjs.org/define-properties 42ms (cache miss)
1473 silly packumentCache full:https://registry.npmjs.org/define-properties set size:undefined disposed:false
1474 silly fetch manifest es-object-atoms@^1.1.1
1475 silly packumentCache full:https://registry.npmjs.org/es-object-atoms cache-miss
1476 http fetch GET 200 https://registry.npmjs.org/call-bind 46ms (cache miss)
1477 silly packumentCache full:https://registry.npmjs.org/call-bind set size:undefined disposed:false
1478 silly fetch manifest es-shim-unscopables@^1.1.0
1479 silly packumentCache full:https://registry.npmjs.org/es-shim-unscopables cache-miss
1480 http fetch GET 200 https://registry.npmjs.org/define-properties 45ms (cache miss)
1481 silly packumentCache full:https://registry.npmjs.org/define-properties set size:undefined disposed:false
1482 silly fetch manifest es-abstract@^1.23.5
1483 silly packumentCache full:https://registry.npmjs.org/es-abstract cache-miss
1484 http fetch GET 200 https://registry.npmjs.org/call-bind 47ms (cache miss)
1485 silly packumentCache full:https://registry.npmjs.org/call-bind set size:undefined disposed:false
1486 silly fetch manifest es-shim-unscopables@^1.0.2
1487 silly packumentCache full:https://registry.npmjs.org/es-shim-unscopables cache-miss
1488 http fetch GET 200 https://registry.npmjs.org/call-bound 49ms (cache miss)
1489 silly packumentCache full:https://registry.npmjs.org/call-bound set size:undefined disposed:false
1490 silly fetch manifest es-abstract@^1.23.5
1491 silly packumentCache full:https://registry.npmjs.org/es-abstract cache-miss
1492 http fetch GET 200 https://registry.npmjs.org/is-string 50ms (cache miss)
1493 silly packumentCache full:https://registry.npmjs.org/is-string set size:undefined disposed:false
1494 silly fetch manifest es-shim-unscopables@^1.0.2
1495 silly packumentCache full:https://registry.npmjs.org/es-shim-unscopables cache-miss
1496 http fetch GET 200 https://registry.npmjs.org/math-intrinsics 51ms (cache miss)
1497 silly packumentCache full:https://registry.npmjs.org/math-intrinsics set size:undefined disposed:false
1498 silly fetch manifest function-bind@^1.1.2
1499 silly packumentCache full:https://registry.npmjs.org/function-bind cache-miss
1500 http fetch GET 200 https://registry.npmjs.org/es-object-atoms 56ms (cache miss)
1501 silly packumentCache full:https://registry.npmjs.org/es-object-atoms set size:undefined disposed:false
1502 silly fetch manifest call-bind@^1.0.7
1503 silly packumentCache full:https://registry.npmjs.org/call-bind cache-miss
1504 http fetch GET 200 https://registry.npmjs.org/get-intrinsic 60ms (cache miss)
1505 silly packumentCache full:https://registry.npmjs.org/get-intrinsic set size:undefined disposed:false
1506 silly fetch manifest es-abstract@^1.23.2
1507 silly packumentCache full:https://registry.npmjs.org/es-abstract cache-miss
1508 http fetch GET 200 https://registry.npmjs.org/es-object-atoms 27ms (cache miss)
1509 silly packumentCache full:https://registry.npmjs.org/es-object-atoms set size:undefined disposed:false
1510 silly fetch manifest es-object-atoms@^1.0.0
1511 silly packumentCache full:https://registry.npmjs.org/es-object-atoms cache-miss
1512 http fetch GET 200 https://registry.npmjs.org/es-abstract 74ms (cache miss)
1513 silly packumentCache full:https://registry.npmjs.org/es-abstract set size:undefined disposed:false
1514 silly fetch manifest call-bind@^1.0.7
1515 silly packumentCache full:https://registry.npmjs.org/call-bind cache-miss
1516 http cache https://registry.npmjs.org/call-bind 22ms (cache hit)
1517 silly packumentCache full:https://registry.npmjs.org/call-bind set size:32985 disposed:false
1518 silly fetch manifest es-abstract@^1.23.2
1519 silly packumentCache full:https://registry.npmjs.org/es-abstract cache-miss
1520 http fetch GET 200 https://registry.npmjs.org/es-shim-unscopables 39ms (cache miss)
1521 silly packumentCache full:https://registry.npmjs.org/es-shim-unscopables set size:undefined disposed:false
1522 silly fetch manifest call-bound@^1.0.3
1523 silly packumentCache full:https://registry.npmjs.org/call-bound cache-miss
1524 http fetch GET 200 https://registry.npmjs.org/es-shim-unscopables 41ms (cache miss)
1525 silly packumentCache full:https://registry.npmjs.org/es-shim-unscopables set size:undefined disposed:false
1526 silly fetch manifest es-object-atoms@^1.0.0
1527 silly packumentCache full:https://registry.npmjs.org/es-object-atoms cache-miss
1528 http fetch GET 200 https://registry.npmjs.org/es-shim-unscopables 42ms (cache miss)
1529 silly packumentCache full:https://registry.npmjs.org/es-shim-unscopables set size:undefined disposed:false
1530 silly fetch manifest call-bind@^1.0.9
1531 silly packumentCache full:https://registry.npmjs.org/call-bind cache-hit
1532 silly fetch manifest es-object-atoms@^1.1.2
1533 silly packumentCache full:https://registry.npmjs.org/es-object-atoms cache-miss
1534 http fetch GET 200 https://registry.npmjs.org/function-bind 45ms (cache miss)
1535 silly packumentCache full:https://registry.npmjs.org/function-bind set size:undefined disposed:false
1536 silly fetch manifest json5@^1.0.2
1537 silly packumentCache full:https://registry.npmjs.org/json5 cache-miss
1538 http cache https://registry.npmjs.org/call-bind 24ms (cache hit)
1539 silly packumentCache full:https://registry.npmjs.org/call-bind set size:32985 disposed:false
1540 silly packumentCache full:https://registry.npmjs.org/call-bind dispose
1541 silly fetch manifest minimist@^1.2.6
1542 silly packumentCache full:https://registry.npmjs.org/minimist cache-miss
1543 http cache https://registry.npmjs.org/es-object-atoms 35ms (cache hit)
1544 silly packumentCache full:https://registry.npmjs.org/es-object-atoms set size:18278 disposed:false
1545 silly fetch manifest strip-bom@^3.0.0
1546 silly packumentCache full:https://registry.npmjs.org/strip-bom cache-miss
1547 http cache https://registry.npmjs.org/es-abstract 27ms (cache hit)
1548 silly packumentCache full:https://registry.npmjs.org/es-abstract set size:384124 disposed:false
1549 silly fetch manifest @types/json5@^0.0.29
1550 silly packumentCache full:https://registry.npmjs.org/@types%2fjson5 cache-miss
1551 http fetch GET 200 https://registry.npmjs.org/es-abstract 72ms (cache miss)
1552 silly packumentCache full:https://registry.npmjs.org/es-abstract set size:undefined disposed:false
1553 silly packumentCache full:https://registry.npmjs.org/es-abstract dispose
1554 http cache https://registry.npmjs.org/call-bound 31ms (cache hit)
1555 silly packumentCache full:https://registry.npmjs.org/call-bound set size:15317 disposed:false
1556 http cache https://registry.npmjs.org/es-object-atoms 29ms (cache hit)
1557 silly packumentCache full:https://registry.npmjs.org/es-object-atoms set size:18278 disposed:false
1558 silly packumentCache full:https://registry.npmjs.org/es-object-atoms dispose
1559 http fetch GET 200 https://registry.npmjs.org/es-abstract 74ms (cache miss)
1560 silly packumentCache full:https://registry.npmjs.org/es-abstract set size:undefined disposed:true
1561 http fetch GET 200 https://registry.npmjs.org/es-abstract 75ms (cache miss)
1562 silly packumentCache full:https://registry.npmjs.org/es-abstract set size:undefined disposed:false
1563 http fetch GET 200 https://registry.npmjs.org/es-object-atoms 35ms (cache miss)
1564 silly packumentCache full:https://registry.npmjs.org/es-object-atoms set size:undefined disposed:true
1565 silly packumentCache full:https://registry.npmjs.org/es-object-atoms dispose
1566 http fetch GET 200 https://registry.npmjs.org/es-abstract 73ms (cache miss)
1567 silly packumentCache full:https://registry.npmjs.org/es-abstract set size:undefined disposed:false
1568 http fetch GET 200 https://registry.npmjs.org/json5 39ms (cache miss)
1569 silly packumentCache full:https://registry.npmjs.org/json5 set size:undefined disposed:false
1570 http fetch GET 200 https://registry.npmjs.org/strip-bom 36ms (cache miss)
1571 silly packumentCache full:https://registry.npmjs.org/strip-bom set size:undefined disposed:false
1572 http fetch GET 200 https://registry.npmjs.org/minimist 40ms (cache miss)
1573 silly packumentCache full:https://registry.npmjs.org/minimist set size:undefined disposed:false
1574 http fetch GET 200 https://registry.npmjs.org/@types%2fjson5 36ms (cache miss)
1575 silly packumentCache full:https://registry.npmjs.org/@types%2fjson5 set size:undefined disposed:false
1576 silly placeDep ROOT call-bind@1.0.9 OK for: array-includes@3.1.9 want: ^1.0.8
1577 silly placeDep ROOT call-bound@1.0.4 OK for: array-includes@3.1.9 want: ^1.0.4
1578 silly placeDep ROOT define-properties@1.2.1 OK for: array-includes@3.1.9 want: ^1.2.1
1579 silly placeDep ROOT es-abstract@1.24.2 OK for: array-includes@3.1.9 want: ^1.24.0
1580 silly placeDep ROOT es-object-atoms@1.1.2 OK for: array-includes@3.1.9 want: ^1.1.1
1581 silly placeDep ROOT get-intrinsic@1.3.0 OK for: array-includes@3.1.9 want: ^1.3.0
1582 silly placeDep ROOT is-string@1.1.1 OK for: array-includes@3.1.9 want: ^1.1.1
1583 silly placeDep ROOT math-intrinsics@1.1.0 OK for: array-includes@3.1.9 want: ^1.1.0
1584 silly fetch manifest call-bind-apply-helpers@^1.0.2
1585 silly packumentCache full:https://registry.npmjs.org/call-bind-apply-helpers cache-miss
1586 silly fetch manifest es-define-property@^1.0.1
1587 silly packumentCache full:https://registry.npmjs.org/es-define-property cache-miss
1588 silly fetch manifest set-function-length@^1.2.2
1589 silly packumentCache full:https://registry.npmjs.org/set-function-length cache-miss
1590 silly fetch manifest call-bind-apply-helpers@^1.0.2
1591 silly packumentCache full:https://registry.npmjs.org/call-bind-apply-helpers cache-miss
1592 silly fetch manifest define-data-property@^1.0.1
1593 silly packumentCache full:https://registry.npmjs.org/define-data-property cache-miss
1594 silly fetch manifest has-property-descriptors@^1.0.0
1595 silly packumentCache full:https://registry.npmjs.org/has-property-descriptors cache-miss
1596 silly fetch manifest array-buffer-byte-length@^1.0.2
1597 silly packumentCache full:https://registry.npmjs.org/array-buffer-byte-length cache-miss
1598 silly fetch manifest arraybuffer.prototype.slice@^1.0.4
1599 silly packumentCache full:https://registry.npmjs.org/arraybuffer.prototype.slice cache-miss
1600 silly fetch manifest available-typed-arrays@^1.0.7
1601 silly packumentCache full:https://registry.npmjs.org/available-typed-arrays cache-miss
1602 silly fetch manifest data-view-buffer@^1.0.2
1603 silly packumentCache full:https://registry.npmjs.org/data-view-buffer cache-miss
1604 silly fetch manifest data-view-byte-length@^1.0.2
1605 silly packumentCache full:https://registry.npmjs.org/data-view-byte-length cache-miss
1606 http fetch GET 200 https://registry.npmjs.org/es-define-property 39ms (cache miss)
1607 silly packumentCache full:https://registry.npmjs.org/es-define-property set size:undefined disposed:false
1608 silly fetch manifest data-view-byte-offset@^1.0.1
1609 silly packumentCache full:https://registry.npmjs.org/data-view-byte-offset cache-miss
1610 http fetch GET 200 https://registry.npmjs.org/set-function-length 40ms (cache miss)
1611 silly packumentCache full:https://registry.npmjs.org/set-function-length set size:undefined disposed:false
1612 silly fetch manifest es-set-tostringtag@^2.1.0
1613 silly packumentCache full:https://registry.npmjs.org/es-set-tostringtag cache-miss
1614 http fetch GET 200 https://registry.npmjs.org/define-data-property 42ms (cache miss)
1615 silly packumentCache full:https://registry.npmjs.org/define-data-property set size:undefined disposed:false
1616 silly fetch manifest es-to-primitive@^1.3.0
1617 silly packumentCache full:https://registry.npmjs.org/es-to-primitive cache-miss
1618 http fetch GET 200 https://registry.npmjs.org/call-bind-apply-helpers 44ms (cache miss)
1619 silly packumentCache full:https://registry.npmjs.org/call-bind-apply-helpers set size:undefined disposed:false
1620 silly fetch manifest function.prototype.name@^1.1.8
1621 silly packumentCache full:https://registry.npmjs.org/function.prototype.name cache-miss
1622 http fetch GET 200 https://registry.npmjs.org/data-view-buffer 44ms (cache miss)
1623 silly packumentCache full:https://registry.npmjs.org/data-view-buffer set size:undefined disposed:false
1624 silly fetch manifest get-proto@^1.0.1
1625 silly packumentCache full:https://registry.npmjs.org/get-proto cache-miss
1626 http fetch GET 200 https://registry.npmjs.org/data-view-byte-length 46ms (cache miss)
1627 silly packumentCache full:https://registry.npmjs.org/data-view-byte-length set size:undefined disposed:false
1628 silly fetch manifest get-symbol-description@^1.1.0
1629 silly packumentCache full:https://registry.npmjs.org/get-symbol-description cache-miss
1630 http fetch GET 200 https://registry.npmjs.org/available-typed-arrays 48ms (cache miss)
1631 silly packumentCache full:https://registry.npmjs.org/available-typed-arrays set size:undefined disposed:false
1632 silly fetch manifest globalthis@^1.0.4
1633 silly packumentCache full:https://registry.npmjs.org/globalthis cache-miss
1634 http fetch GET 200 https://registry.npmjs.org/array-buffer-byte-length 52ms (cache miss)
1635 silly packumentCache full:https://registry.npmjs.org/array-buffer-byte-length set size:undefined disposed:false
1636 silly fetch manifest gopd@^1.2.0
1637 silly packumentCache full:https://registry.npmjs.org/gopd cache-miss
1638 http fetch GET 200 https://registry.npmjs.org/arraybuffer.prototype.slice 53ms (cache miss)
1639 silly packumentCache full:https://registry.npmjs.org/arraybuffer.prototype.slice set size:undefined disposed:false
1640 silly fetch manifest has-property-descriptors@^1.0.2
1641 silly packumentCache full:https://registry.npmjs.org/has-property-descriptors cache-miss
1642 http fetch GET 200 https://registry.npmjs.org/call-bind-apply-helpers 55ms (cache miss)
1643 silly packumentCache full:https://registry.npmjs.org/call-bind-apply-helpers set size:undefined disposed:false
1644 silly fetch manifest has-proto@^1.2.0
1645 silly packumentCache full:https://registry.npmjs.org/has-proto cache-miss
1646 http fetch GET 200 https://registry.npmjs.org/has-property-descriptors 58ms (cache miss)
1647 silly packumentCache full:https://registry.npmjs.org/has-property-descriptors set size:undefined disposed:false
1648 silly fetch manifest has-symbols@^1.1.0
1649 silly packumentCache full:https://registry.npmjs.org/has-symbols cache-miss
1650 http fetch GET 200 https://registry.npmjs.org/data-view-byte-offset 27ms (cache miss)
1651 silly packumentCache full:https://registry.npmjs.org/data-view-byte-offset set size:undefined disposed:false
1652 silly fetch manifest internal-slot@^1.1.0
1653 silly packumentCache full:https://registry.npmjs.org/internal-slot cache-miss
1654 http fetch GET 200 https://registry.npmjs.org/es-set-tostringtag 30ms (cache miss)
1655 silly packumentCache full:https://registry.npmjs.org/es-set-tostringtag set size:undefined disposed:false
1656 silly fetch manifest is-array-buffer@^3.0.5
1657 silly packumentCache full:https://registry.npmjs.org/is-array-buffer cache-miss
1658 http cache https://registry.npmjs.org/has-property-descriptors 19ms (cache hit)
1659 silly packumentCache full:https://registry.npmjs.org/has-property-descriptors set size:12452 disposed:false
1660 silly fetch manifest is-callable@^1.2.7
1661 silly packumentCache full:https://registry.npmjs.org/is-callable cache-miss
1662 http fetch GET 200 https://registry.npmjs.org/es-to-primitive 36ms (cache miss)
1663 silly packumentCache full:https://registry.npmjs.org/es-to-primitive set size:undefined disposed:false
1664 silly fetch manifest is-data-view@^1.0.2
1665 silly packumentCache full:https://registry.npmjs.org/is-data-view cache-miss
1666 http fetch GET 200 https://registry.npmjs.org/function.prototype.name 42ms (cache miss)
1667 silly packumentCache full:https://registry.npmjs.org/function.prototype.name set size:undefined disposed:false
1668 silly fetch manifest is-negative-zero@^2.0.3
1669 silly packumentCache full:https://registry.npmjs.org/is-negative-zero cache-miss
1670 http fetch GET 200 https://registry.npmjs.org/globalthis 42ms (cache miss)
1671 silly packumentCache full:https://registry.npmjs.org/globalthis set size:undefined disposed:false
1672 silly fetch manifest is-regex@^1.2.1
1673 silly packumentCache full:https://registry.npmjs.org/is-regex cache-miss
1674 http fetch GET 200 https://registry.npmjs.org/get-symbol-description 45ms (cache miss)
1675 silly packumentCache full:https://registry.npmjs.org/get-symbol-description set size:undefined disposed:false
1676 silly fetch manifest is-set@^2.0.3
1677 silly packumentCache full:https://registry.npmjs.org/is-set cache-miss
1678 http fetch GET 200 https://registry.npmjs.org/gopd 49ms (cache miss)
1679 silly packumentCache full:https://registry.npmjs.org/gopd set size:undefined disposed:false
1680 silly fetch manifest is-shared-array-buffer@^1.0.4
1681 silly packumentCache full:https://registry.npmjs.org/is-shared-array-buffer cache-miss
1682 http fetch GET 200 https://registry.npmjs.org/has-proto 50ms (cache miss)
1683 silly packumentCache full:https://registry.npmjs.org/has-proto set size:undefined disposed:false
1684 silly fetch manifest is-typed-array@^1.1.15
1685 silly packumentCache full:https://registry.npmjs.org/is-typed-array cache-miss
1686 http fetch GET 200 https://registry.npmjs.org/has-symbols 52ms (cache miss)
1687 silly packumentCache full:https://registry.npmjs.org/has-symbols set size:undefined disposed:false
1688 silly fetch manifest is-weakref@^1.1.1
1689 silly packumentCache full:https://registry.npmjs.org/is-weakref cache-miss
1690 http fetch GET 200 https://registry.npmjs.org/is-array-buffer 47ms (cache miss)
1691 silly packumentCache full:https://registry.npmjs.org/is-array-buffer set size:undefined disposed:false
1692 silly fetch manifest object-inspect@^1.13.4
1693 silly packumentCache full:https://registry.npmjs.org/object-inspect cache-miss
1694 http fetch GET 200 https://registry.npmjs.org/internal-slot 54ms (cache miss)
1695 silly packumentCache full:https://registry.npmjs.org/internal-slot set size:undefined disposed:false
1696 silly fetch manifest object.assign@^4.1.7
1697 silly packumentCache full:https://registry.npmjs.org/object.assign cache-miss
1698 http fetch GET 200 https://registry.npmjs.org/is-callable 54ms (cache miss)
1699 silly packumentCache full:https://registry.npmjs.org/is-callable set size:undefined disposed:false
1700 silly fetch manifest own-keys@^1.0.1
1701 silly packumentCache full:https://registry.npmjs.org/own-keys cache-miss
1702 http fetch GET 200 https://registry.npmjs.org/is-data-view 51ms (cache miss)
1703 silly packumentCache full:https://registry.npmjs.org/is-data-view set size:undefined disposed:false
1704 silly fetch manifest regexp.prototype.flags@^1.5.4
1705 silly packumentCache full:https://registry.npmjs.org/regexp.prototype.flags cache-miss
1706 http fetch GET 200 https://registry.npmjs.org/is-negative-zero 48ms (cache miss)
1707 silly packumentCache full:https://registry.npmjs.org/is-negative-zero set size:undefined disposed:false
1708 silly fetch manifest safe-array-concat@^1.1.3
1709 silly packumentCache full:https://registry.npmjs.org/safe-array-concat cache-miss
1710 http fetch GET 200 https://registry.npmjs.org/is-regex 48ms (cache miss)
1711 silly packumentCache full:https://registry.npmjs.org/is-regex set size:undefined disposed:false
1712 silly fetch manifest safe-push-apply@^1.0.0
1713 silly packumentCache full:https://registry.npmjs.org/safe-push-apply cache-miss
1714 http fetch GET 200 https://registry.npmjs.org/is-shared-array-buffer 47ms (cache miss)
1715 silly packumentCache full:https://registry.npmjs.org/is-shared-array-buffer set size:undefined disposed:false
1716 silly fetch manifest safe-regex-test@^1.1.0
1717 silly packumentCache full:https://registry.npmjs.org/safe-regex-test cache-miss
1718 http fetch GET 200 https://registry.npmjs.org/is-set 59ms (cache miss)
1719 silly packumentCache full:https://registry.npmjs.org/is-set set size:undefined disposed:false
1720 silly fetch manifest set-proto@^1.0.0
1721 silly packumentCache full:https://registry.npmjs.org/set-proto cache-miss
1722 http fetch GET 200 https://registry.npmjs.org/is-typed-array 48ms (cache miss)
1723 silly packumentCache full:https://registry.npmjs.org/is-typed-array set size:undefined disposed:false
1724 silly fetch manifest stop-iteration-iterator@^1.1.0
1725 silly packumentCache full:https://registry.npmjs.org/stop-iteration-iterator cache-miss
1726 http fetch GET 200 https://registry.npmjs.org/is-weakref 52ms (cache miss)
1727 silly packumentCache full:https://registry.npmjs.org/is-weakref set size:undefined disposed:false
1728 silly fetch manifest string.prototype.trim@^1.2.10
1729 silly packumentCache full:https://registry.npmjs.org/string.prototype.trim cache-miss
1730 http fetch GET 200 https://registry.npmjs.org/object-inspect 48ms (cache miss)
1731 silly packumentCache full:https://registry.npmjs.org/object-inspect set size:undefined disposed:false
1732 silly fetch manifest string.prototype.trimstart@^1.0.8
1733 silly packumentCache full:https://registry.npmjs.org/string.prototype.trimstart cache-miss
1734 http fetch GET 200 https://registry.npmjs.org/own-keys 45ms (cache miss)
1735 silly packumentCache full:https://registry.npmjs.org/own-keys set size:undefined disposed:false
1736 silly fetch manifest typed-array-buffer@^1.0.3
1737 silly packumentCache full:https://registry.npmjs.org/typed-array-buffer cache-miss
1738 http fetch GET 200 https://registry.npmjs.org/regexp.prototype.flags 53ms (cache miss)
1739 silly packumentCache full:https://registry.npmjs.org/regexp.prototype.flags set size:undefined disposed:false
1740 silly fetch manifest typed-array-byte-length@^1.0.3
1741 silly packumentCache full:https://registry.npmjs.org/typed-array-byte-length cache-miss
1742 http cache https://registry.npmjs.org/safe-regex-test 40ms (cache hit)
1743 silly packumentCache full:https://registry.npmjs.org/safe-regex-test set size:17412 disposed:false
1744 silly fetch manifest typed-array-byte-offset@^1.0.4
1745 silly packumentCache full:https://registry.npmjs.org/typed-array-byte-offset cache-miss
1746 http fetch GET 200 https://registry.npmjs.org/safe-push-apply 55ms (cache miss)
1747 silly packumentCache full:https://registry.npmjs.org/safe-push-apply set size:undefined disposed:false
1748 silly fetch manifest typed-array-length@^1.0.7
1749 silly packumentCache full:https://registry.npmjs.org/typed-array-length cache-miss
1750 http fetch GET 200 https://registry.npmjs.org/safe-array-concat 70ms (cache miss)
1751 silly packumentCache full:https://registry.npmjs.org/safe-array-concat set size:undefined disposed:false
1752 silly fetch manifest unbox-primitive@^1.1.0
1753 silly packumentCache full:https://registry.npmjs.org/unbox-primitive cache-miss
1754 http fetch GET 200 https://registry.npmjs.org/stop-iteration-iterator 56ms (cache miss)
1755 silly packumentCache full:https://registry.npmjs.org/stop-iteration-iterator set size:undefined disposed:false
1756 silly fetch manifest which-typed-array@^1.1.19
1757 silly packumentCache full:https://registry.npmjs.org/which-typed-array cache-miss
1758 http fetch GET 200 https://registry.npmjs.org/object.assign 97ms (cache miss)
1759 silly packumentCache full:https://registry.npmjs.org/object.assign set size:undefined disposed:false
1760 silly fetch manifest get-proto@^1.0.1
1761 silly packumentCache full:https://registry.npmjs.org/get-proto cache-miss
1762 http fetch GET 200 https://registry.npmjs.org/set-proto 72ms (cache miss)
1763 silly packumentCache full:https://registry.npmjs.org/set-proto set size:undefined disposed:false
1764 silly fetch manifest has-tostringtag@^1.0.2
1765 silly packumentCache full:https://registry.npmjs.org/has-tostringtag cache-miss
1766 http fetch GET 200 https://registry.npmjs.org/string.prototype.trim 86ms (cache miss)
1767 silly packumentCache full:https://registry.npmjs.org/string.prototype.trim set size:undefined disposed:false
1768 http fetch GET 200 https://registry.npmjs.org/get-proto 211ms (cache miss)
1769 silly packumentCache full:https://registry.npmjs.org/get-proto set size:undefined disposed:false
1770 http fetch GET 200 https://registry.npmjs.org/typed-array-buffer 82ms (cache miss)
1771 silly packumentCache full:https://registry.npmjs.org/typed-array-buffer set size:undefined disposed:false
1772 http fetch GET 200 https://registry.npmjs.org/string.prototype.trimstart 92ms (cache miss)
1773 silly packumentCache full:https://registry.npmjs.org/string.prototype.trimstart set size:undefined disposed:false
1774 http fetch GET 200 https://registry.npmjs.org/typed-array-byte-length 79ms (cache miss)
1775 silly packumentCache full:https://registry.npmjs.org/typed-array-byte-length set size:undefined disposed:false
1776 http fetch GET 200 https://registry.npmjs.org/unbox-primitive 59ms (cache miss)
1777 silly packumentCache full:https://registry.npmjs.org/unbox-primitive set size:undefined disposed:false
1778 http fetch GET 200 https://registry.npmjs.org/typed-array-byte-offset 75ms (cache miss)
1779 silly packumentCache full:https://registry.npmjs.org/typed-array-byte-offset set size:undefined disposed:false
1780 http fetch GET 200 https://registry.npmjs.org/get-proto 48ms (cache miss)
1781 silly packumentCache full:https://registry.npmjs.org/get-proto set size:undefined disposed:false
1782 http fetch GET 200 https://registry.npmjs.org/which-typed-array 59ms (cache miss)
1783 silly packumentCache full:https://registry.npmjs.org/which-typed-array set size:undefined disposed:false
1784 http fetch GET 200 https://registry.npmjs.org/typed-array-length 76ms (cache miss)
1785 silly packumentCache full:https://registry.npmjs.org/typed-array-length set size:undefined disposed:false
1786 http fetch GET 200 https://registry.npmjs.org/has-tostringtag 171ms (cache miss)
1787 silly packumentCache full:https://registry.npmjs.org/has-tostringtag set size:undefined disposed:false
1788 silly placeDep ROOT es-errors@1.3.0 OK for: array.prototype.findlastindex@1.2.6 want: ^1.3.0
1789 silly placeDep ROOT es-shim-unscopables@1.1.0 OK for: array.prototype.findlastindex@1.2.6 want: ^1.1.0
1790 silly placeDep ROOT call-bind-apply-helpers@1.0.2 OK for: call-bind@1.0.9 want: ^1.0.2
1791 silly placeDep ROOT es-define-property@1.0.1 OK for: call-bind@1.0.9 want: ^1.0.1
1792 silly placeDep ROOT set-function-length@1.2.2 OK for: call-bind@1.0.9 want: ^1.2.2
1793 silly fetch manifest define-data-property@^1.1.4
1794 silly packumentCache full:https://registry.npmjs.org/define-data-property cache-miss
1795 silly fetch manifest gopd@^1.0.1
1796 silly packumentCache full:https://registry.npmjs.org/gopd cache-miss
1797 http cache https://registry.npmjs.org/gopd 11ms (cache hit)
1798 silly packumentCache full:https://registry.npmjs.org/gopd set size:11483 disposed:false
1799 http cache https://registry.npmjs.org/define-data-property 17ms (cache hit)
1800 silly packumentCache full:https://registry.npmjs.org/define-data-property set size:28048 disposed:false
1801 silly placeDep ROOT function-bind@1.1.2 OK for: call-bind-apply-helpers@1.0.2 want: ^1.1.2
1802 silly placeDep ROOT define-data-property@1.1.4 OK for: define-properties@1.2.1 want: ^1.0.1
1803 silly placeDep ROOT has-property-descriptors@1.0.2 OK for: define-properties@1.2.1 want: ^1.0.0
1804 silly placeDep ROOT object-keys@1.1.1 OK for: define-properties@1.2.1 want: ^1.1.1
1805 silly placeDep ROOT gopd@1.2.0 OK for: define-data-property@1.1.4 want: ^1.0.1
1806 silly placeDep ROOT array-buffer-byte-length@1.0.2 OK for: es-abstract@1.24.2 want: ^1.0.2
1807 silly placeDep ROOT arraybuffer.prototype.slice@1.0.4 OK for: es-abstract@1.24.2 want: ^1.0.4
1808 silly placeDep ROOT available-typed-arrays@1.0.7 OK for: es-abstract@1.24.2 want: ^1.0.7
1809 silly placeDep ROOT data-view-buffer@1.0.2 OK for: es-abstract@1.24.2 want: ^1.0.2
1810 silly placeDep ROOT data-view-byte-length@1.0.2 OK for: es-abstract@1.24.2 want: ^1.0.2
1811 silly placeDep ROOT data-view-byte-offset@1.0.1 OK for: es-abstract@1.24.2 want: ^1.0.1
1812 silly placeDep ROOT es-set-tostringtag@2.1.0 OK for: es-abstract@1.24.2 want: ^2.1.0
1813 silly placeDep ROOT es-to-primitive@1.3.4 OK for: es-abstract@1.24.2 want: ^1.3.0
1814 silly placeDep ROOT function.prototype.name@1.2.0 OK for: es-abstract@1.24.2 want: ^1.1.8
1815 silly placeDep ROOT get-proto@1.0.1 OK for: es-abstract@1.24.2 want: ^1.0.1
1816 silly placeDep ROOT get-symbol-description@1.1.0 OK for: es-abstract@1.24.2 want: ^1.1.0
1817 silly placeDep ROOT globalthis@1.0.4 OK for: es-abstract@1.24.2 want: ^1.0.4
1818 silly placeDep ROOT has-proto@1.2.0 OK for: es-abstract@1.24.2 want: ^1.2.0
1819 silly placeDep ROOT has-symbols@1.1.0 OK for: es-abstract@1.24.2 want: ^1.1.0
1820 silly placeDep ROOT internal-slot@1.1.0 OK for: es-abstract@1.24.2 want: ^1.1.0
1821 silly placeDep ROOT is-array-buffer@3.0.5 OK for: es-abstract@1.24.2 want: ^3.0.5
1822 silly placeDep ROOT is-callable@1.2.7 OK for: es-abstract@1.24.2 want: ^1.2.7
1823 silly placeDep ROOT is-data-view@1.0.2 OK for: es-abstract@1.24.2 want: ^1.0.2
1824 silly placeDep ROOT is-negative-zero@2.0.3 OK for: es-abstract@1.24.2 want: ^2.0.3
1825 silly placeDep ROOT is-regex@1.2.1 OK for: es-abstract@1.24.2 want: ^1.2.1
1826 silly placeDep ROOT is-set@2.0.3 OK for: es-abstract@1.24.2 want: ^2.0.3
1827 silly placeDep ROOT is-shared-array-buffer@1.0.4 OK for: es-abstract@1.24.2 want: ^1.0.4
1828 silly placeDep ROOT is-typed-array@1.1.15 OK for: es-abstract@1.24.2 want: ^1.1.15
1829 silly placeDep ROOT is-weakref@1.1.1 OK for: es-abstract@1.24.2 want: ^1.1.1
1830 silly placeDep ROOT object-inspect@1.13.4 OK for: es-abstract@1.24.2 want: ^1.13.4
1831 silly placeDep ROOT object.assign@4.1.7 OK for: es-abstract@1.24.2 want: ^4.1.7
1832 silly placeDep ROOT own-keys@1.0.2 OK for: es-abstract@1.24.2 want: ^1.0.1
1833 silly placeDep ROOT regexp.prototype.flags@1.5.4 OK for: es-abstract@1.24.2 want: ^1.5.4
1834 silly placeDep ROOT safe-array-concat@1.1.4 OK for: es-abstract@1.24.2 want: ^1.1.3
1835 silly placeDep ROOT safe-push-apply@1.0.0 OK for: es-abstract@1.24.2 want: ^1.0.0
1836 silly placeDep ROOT safe-regex-test@1.1.0 OK for: es-abstract@1.24.2 want: ^1.1.0
1837 silly placeDep ROOT set-proto@1.0.0 OK for: es-abstract@1.24.2 want: ^1.0.0
1838 silly placeDep ROOT stop-iteration-iterator@1.1.0 OK for: es-abstract@1.24.2 want: ^1.1.0
1839 silly placeDep ROOT string.prototype.trim@1.2.11 OK for: es-abstract@1.24.2 want: ^1.2.10
1840 silly placeDep ROOT string.prototype.trimstart@1.0.8 OK for: es-abstract@1.24.2 want: ^1.0.8
1841 silly placeDep ROOT typed-array-buffer@1.0.3 OK for: es-abstract@1.24.2 want: ^1.0.3
1842 silly placeDep ROOT typed-array-byte-length@1.0.3 OK for: es-abstract@1.24.2 want: ^1.0.3
1843 silly placeDep ROOT typed-array-byte-offset@1.0.4 OK for: es-abstract@1.24.2 want: ^1.0.4
1844 silly placeDep ROOT typed-array-length@1.0.8 OK for: es-abstract@1.24.2 want: ^1.0.7
1845 silly placeDep ROOT unbox-primitive@1.1.0 OK for: es-abstract@1.24.2 want: ^1.1.0
1846 silly placeDep ROOT which-typed-array@1.1.22 OK for: es-abstract@1.24.2 want: ^1.1.19
1847 silly fetch manifest is-array-buffer@^3.0.4
1848 silly packumentCache full:https://registry.npmjs.org/is-array-buffer cache-miss
1849 silly fetch manifest possible-typed-array-names@^1.0.0
1850 silly packumentCache full:https://registry.npmjs.org/possible-typed-array-names cache-miss
1851 silly fetch manifest is-data-view@^1.0.1
1852 silly packumentCache full:https://registry.npmjs.org/is-data-view cache-miss
1853 silly fetch manifest is-symbol@^1.1.1
1854 silly packumentCache full:https://registry.npmjs.org/is-symbol cache-miss
1855 silly fetch manifest is-date-object@^1.1.0
1856 silly packumentCache full:https://registry.npmjs.org/is-date-object cache-miss
1857 silly fetch manifest es-abstract-get@^1.0.0
1858 silly packumentCache full:https://registry.npmjs.org/es-abstract-get cache-miss
1859 silly fetch manifest is-document.all@^1.0.0
1860 silly packumentCache full:https://registry.npmjs.org/is-document.all cache-miss
1861 silly fetch manifest functions-have-names@^1.2.3
1862 silly packumentCache full:https://registry.npmjs.org/functions-have-names cache-miss
1863 silly fetch manifest dunder-proto@^1.0.1
1864 silly packumentCache full:https://registry.npmjs.org/dunder-proto cache-miss
1865 silly fetch manifest dunder-proto@^1.0.0
1866 silly packumentCache full:https://registry.npmjs.org/dunder-proto cache-miss
1867 silly fetch manifest side-channel@^1.1.0
1868 silly packumentCache full:https://registry.npmjs.org/side-channel cache-miss
1869 http cache https://registry.npmjs.org/is-data-view 31ms (cache hit)
1870 silly packumentCache full:https://registry.npmjs.org/is-data-view set size:13756 disposed:false
1871 silly fetch manifest is-typed-array@^1.1.13
1872 silly packumentCache full:https://registry.npmjs.org/is-typed-array cache-miss
1873 http cache https://registry.npmjs.org/is-array-buffer 36ms (cache hit)
1874 silly packumentCache full:https://registry.npmjs.org/is-array-buffer set size:33562 disposed:false
1875 silly fetch manifest which-typed-array@^1.1.16
1876 silly packumentCache full:https://registry.npmjs.org/which-typed-array cache-miss
1877 http fetch GET 200 https://registry.npmjs.org/is-document.all 57ms (cache miss)
1878 silly packumentCache full:https://registry.npmjs.org/is-document.all set size:undefined disposed:false
1879 silly fetch manifest set-function-name@^2.0.2
1880 silly packumentCache full:https://registry.npmjs.org/set-function-name cache-miss
1881 http fetch GET 200 https://registry.npmjs.org/possible-typed-array-names 61ms (cache miss)
1882 silly packumentCache full:https://registry.npmjs.org/possible-typed-array-names set size:undefined disposed:false
1883 silly fetch manifest isarray@^2.0.5
1884 silly packumentCache full:https://registry.npmjs.org/isarray cache-miss
1885 http fetch GET 200 https://registry.npmjs.org/dunder-proto 56ms (cache miss)
1886 silly packumentCache full:https://registry.npmjs.org/dunder-proto set size:undefined disposed:false
1887 silly fetch manifest isarray@^2.0.5
1888 silly packumentCache full:https://registry.npmjs.org/isarray cache-miss
1889 http fetch GET 200 https://registry.npmjs.org/functions-have-names 59ms (cache miss)
1890 silly packumentCache full:https://registry.npmjs.org/functions-have-names set size:undefined disposed:false
1891 silly fetch manifest dunder-proto@^1.0.1
1892 silly packumentCache full:https://registry.npmjs.org/dunder-proto cache-miss
1893 http fetch GET 200 https://registry.npmjs.org/es-abstract-get 65ms (cache miss)
1894 silly packumentCache full:https://registry.npmjs.org/es-abstract-get set size:undefined disposed:false
1895 silly fetch manifest for-each@^0.3.3
1896 silly packumentCache full:https://registry.npmjs.org/for-each cache-miss
1897 http fetch GET 200 https://registry.npmjs.org/is-date-object 68ms (cache miss)
1898 silly packumentCache full:https://registry.npmjs.org/is-date-object set size:undefined disposed:false
1899 silly fetch manifest for-each@^0.3.3
1900 silly packumentCache full:https://registry.npmjs.org/for-each cache-miss
1901 http fetch GET 200 https://registry.npmjs.org/side-channel 67ms (cache miss)
1902 silly packumentCache full:https://registry.npmjs.org/side-channel set size:undefined disposed:false
1903 silly fetch manifest reflect.getprototypeof@^1.0.9
1904 silly packumentCache full:https://registry.npmjs.org/reflect.getprototypeof cache-miss
1905 http fetch GET 200 https://registry.npmjs.org/dunder-proto 70ms (cache miss)
1906 silly packumentCache full:https://registry.npmjs.org/dunder-proto set size:undefined disposed:false
1907 silly fetch manifest for-each@^0.3.5
1908 silly packumentCache full:https://registry.npmjs.org/for-each cache-miss
1909 http fetch GET 200 https://registry.npmjs.org/is-symbol 76ms (cache miss)
1910 silly packumentCache full:https://registry.npmjs.org/is-symbol set size:undefined disposed:false
1911 silly fetch manifest possible-typed-array-names@^1.1.0
1912 silly packumentCache full:https://registry.npmjs.org/possible-typed-array-names cache-miss
1913 http cache https://registry.npmjs.org/is-typed-array 42ms (cache hit)
1914 silly packumentCache full:https://registry.npmjs.org/is-typed-array set size:79965 disposed:false
1915 silly fetch manifest reflect.getprototypeof@^1.0.10
1916 silly packumentCache full:https://registry.npmjs.org/reflect.getprototypeof cache-miss
1917 http cache https://registry.npmjs.org/which-typed-array 40ms (cache hit)
1918 silly packumentCache full:https://registry.npmjs.org/which-typed-array set size:101551 disposed:false
1919 silly fetch manifest has-bigints@^1.0.2
1920 silly packumentCache full:https://registry.npmjs.org/has-bigints cache-miss
1921 http fetch GET 200 https://registry.npmjs.org/set-function-name 32ms (cache miss)
1922 silly packumentCache full:https://registry.npmjs.org/set-function-name set size:undefined disposed:false
1923 silly fetch manifest which-boxed-primitive@^1.1.1
1924 silly packumentCache full:https://registry.npmjs.org/which-boxed-primitive cache-miss
1925 http cache https://registry.npmjs.org/dunder-proto 31ms (cache hit)
1926 silly packumentCache full:https://registry.npmjs.org/dunder-proto set size:8256 disposed:false
1927 silly fetch manifest for-each@^0.3.5
1928 silly packumentCache full:https://registry.npmjs.org/for-each cache-miss
1929 http cache https://registry.npmjs.org/possible-typed-array-names 19ms (cache hit)
1930 silly packumentCache full:https://registry.npmjs.org/possible-typed-array-names set size:9167 disposed:false
1931 http fetch GET 200 https://registry.npmjs.org/isarray 37ms (cache miss)
1932 silly packumentCache full:https://registry.npmjs.org/isarray set size:undefined disposed:false
1933 http fetch GET 200 https://registry.npmjs.org/for-each 34ms (cache miss)
1934 silly packumentCache full:https://registry.npmjs.org/for-each set size:undefined disposed:false
1935 http fetch GET 200 https://registry.npmjs.org/isarray 43ms (cache miss)
1936 silly packumentCache full:https://registry.npmjs.org/isarray set size:undefined disposed:false
1937 http fetch GET 200 https://registry.npmjs.org/for-each 35ms (cache miss)
1938 silly packumentCache full:https://registry.npmjs.org/for-each set size:undefined disposed:false
1939 http fetch GET 200 https://registry.npmjs.org/reflect.getprototypeof 34ms (cache miss)
1940 silly packumentCache full:https://registry.npmjs.org/reflect.getprototypeof set size:undefined disposed:false
1941 http fetch GET 200 https://registry.npmjs.org/reflect.getprototypeof 31ms (cache miss)
1942 silly packumentCache full:https://registry.npmjs.org/reflect.getprototypeof set size:undefined disposed:false
1943 http fetch GET 200 https://registry.npmjs.org/for-each 35ms (cache miss)
1944 silly packumentCache full:https://registry.npmjs.org/for-each set size:undefined disposed:false
1945 http cache https://registry.npmjs.org/for-each 15ms (cache hit)
1946 silly packumentCache full:https://registry.npmjs.org/for-each set size:14327 disposed:false
1947 http fetch GET 200 https://registry.npmjs.org/has-bigints 33ms (cache miss)
1948 silly packumentCache full:https://registry.npmjs.org/has-bigints set size:undefined disposed:false
1949 http fetch GET 200 https://registry.npmjs.org/which-boxed-primitive 31ms (cache miss)
1950 silly packumentCache full:https://registry.npmjs.org/which-boxed-primitive set size:undefined disposed:false
1951 silly placeDep ROOT possible-typed-array-names@1.1.0 OK for: available-typed-arrays@1.0.7 want: ^1.0.0
1952 silly placeDep ROOT has-tostringtag@1.0.2 OK for: es-set-tostringtag@2.1.0 want: ^1.0.2
1953 silly placeDep ROOT es-abstract-get@1.0.0 OK for: es-to-primitive@1.3.4 want: ^1.0.0
1954 silly placeDep ROOT is-date-object@1.1.0 OK for: es-to-primitive@1.3.4 want: ^1.1.0
1955 silly placeDep ROOT is-symbol@1.1.1 OK for: es-to-primitive@1.3.4 want: ^1.1.1
1956 silly placeDep node_modules/eslint-module-utils debug@3.2.7 OK for: eslint-module-utils@2.14.0 want: ^3.2.7
1957 silly placeDep node_modules/eslint-plugin-jsx-a11y aria-query@5.3.2 OK for: eslint-plugin-jsx-a11y@6.10.2 want: ^5.3.2
1958 silly placeDep ROOT ast-types-flow@0.0.8 OK for: eslint-plugin-jsx-a11y@6.10.2 want: ^0.0.8
1959 silly placeDep ROOT axe-core@4.13.0 OK for: eslint-plugin-jsx-a11y@6.10.2 want: ^4.10.0
1960 silly placeDep ROOT axobject-query@4.1.0 OK for: eslint-plugin-jsx-a11y@6.10.2 want: ^4.1.0
1961 silly placeDep ROOT damerau-levenshtein@1.0.8 OK for: eslint-plugin-jsx-a11y@6.10.2 want: ^1.0.8
1962 silly placeDep ROOT emoji-regex@9.2.2 OK for: eslint-plugin-jsx-a11y@6.10.2 want: ^9.2.2
1963 silly placeDep ROOT jsx-ast-utils@3.3.5 OK for: eslint-plugin-jsx-a11y@6.10.2 want: ^3.3.5
1964 silly placeDep ROOT language-tags@1.0.9 OK for: eslint-plugin-jsx-a11y@6.10.2 want: ^1.0.9
1965 silly placeDep ROOT string.prototype.includes@2.0.1 OK for: eslint-plugin-jsx-a11y@6.10.2 want: ^2.0.1
1966 silly fetch manifest language-subtag-registry@^0.3.20
1967 silly packumentCache full:https://registry.npmjs.org/language-subtag-registry cache-miss
1968 http fetch GET 200 https://registry.npmjs.org/language-subtag-registry 29ms (cache miss)
1969 silly packumentCache full:https://registry.npmjs.org/language-subtag-registry set size:undefined disposed:false
1970 silly placeDep ROOT array.prototype.findlast@1.2.5 OK for: eslint-plugin-react@7.37.5 want: ^1.2.5
1971 silly placeDep ROOT array.prototype.tosorted@1.1.4 OK for: eslint-plugin-react@7.37.5 want: ^1.1.4
1972 silly placeDep ROOT es-iterator-helpers@1.4.0 OK for: eslint-plugin-react@7.37.5 want: ^1.2.1
1973 silly placeDep ROOT estraverse@5.3.0 OK for: eslint-plugin-react@7.37.5 want: ^5.3.0
1974 silly placeDep ROOT object.entries@1.1.9 OK for: eslint-plugin-react@7.37.5 want: ^1.1.9
1975 silly placeDep ROOT prop-types@15.8.1 OK for: eslint-plugin-react@7.37.5 want: ^15.8.1
1976 silly placeDep ROOT string.prototype.matchall@4.0.12 OK for: eslint-plugin-react@7.37.5 want: ^4.0.12
1977 silly placeDep ROOT string.prototype.repeat@1.0.0 OK for: eslint-plugin-react@7.37.5 want: ^1.0.0
1978 silly fetch manifest iterator.prototype@^1.1.5
1979 silly packumentCache full:https://registry.npmjs.org/iterator.prototype cache-miss
1980 silly fetch manifest loose-envify@^1.4.0
1981 silly packumentCache full:https://registry.npmjs.org/loose-envify cache-miss
1982 silly fetch manifest object-assign@^4.1.1
1983 silly packumentCache full:https://registry.npmjs.org/object-assign cache-miss
1984 silly fetch manifest react-is@^16.13.1
1985 silly packumentCache full:https://registry.npmjs.org/react-is cache-miss
1986 http cache https://registry.npmjs.org/react-is 15ms (cache hit)
1987 silly packumentCache full:https://registry.npmjs.org/react-is set size:5569825 disposed:false
1988 http fetch GET 200 https://registry.npmjs.org/iterator.prototype 74ms (cache miss)
1989 silly packumentCache full:https://registry.npmjs.org/iterator.prototype set size:undefined disposed:false
1990 http fetch GET 200 https://registry.npmjs.org/loose-envify 76ms (cache miss)
1991 silly packumentCache full:https://registry.npmjs.org/loose-envify set size:undefined disposed:false
1992 http fetch GET 200 https://registry.npmjs.org/object-assign 76ms (cache miss)
1993 silly packumentCache full:https://registry.npmjs.org/object-assign set size:undefined disposed:false
1994 silly placeDep ROOT iterator.prototype@1.1.5 OK for: es-iterator-helpers@1.4.0 want: ^1.1.5
1995 silly placeDep ROOT @babel/core@7.29.7 OK for: eslint-plugin-react-hooks@7.1.1 want: ^7.24.4
1996 silly placeDep ROOT @babel/parser@7.29.8 OK for: eslint-plugin-react-hooks@7.1.1 want: ^7.24.4
1997 silly placeDep ROOT hermes-parser@0.25.1 OK for: eslint-plugin-react-hooks@7.1.1 want: ^0.25.1
1998 silly placeDep ROOT zod@4.4.3 OK for: eslint-plugin-react-hooks@7.1.1 want: ^3.25.0 || ^4.0.0
1999 silly placeDep ROOT zod-validation-error@4.0.2 OK for: eslint-plugin-react-hooks@7.1.1 want: ^3.5.0 || ^4.0.0
2000 silly fetch manifest json5@^2.2.3
2001 silly packumentCache full:https://registry.npmjs.org/json5 cache-miss
2002 silly fetch manifest gensync@^1.0.0-beta.2
2003 silly packumentCache full:https://registry.npmjs.org/gensync cache-miss
2004 silly fetch manifest @babel/types@^7.29.7
2005 silly packumentCache full:https://registry.npmjs.org/@babel%2ftypes cache-miss
2006 silly fetch manifest @babel/parser@^7.29.7
2007 silly packumentCache full:https://registry.npmjs.org/@babel%2fparser cache-miss
2008 silly fetch manifest @babel/helpers@^7.29.7
2009 silly packumentCache full:https://registry.npmjs.org/@babel%2fhelpers cache-miss
2010 silly fetch manifest @babel/template@^7.29.7
2011 silly packumentCache full:https://registry.npmjs.org/@babel%2ftemplate cache-miss
2012 silly fetch manifest @babel/traverse@^7.29.7
2013 silly packumentCache full:https://registry.npmjs.org/@babel%2ftraverse cache-miss
2014 silly fetch manifest @babel/generator@^7.29.7
2015 silly packumentCache full:https://registry.npmjs.org/@babel%2fgenerator cache-miss
2016 silly fetch manifest convert-source-map@^2.0.0
2017 silly packumentCache full:https://registry.npmjs.org/convert-source-map cache-miss
2018 silly fetch manifest @jridgewell/remapping@^2.3.5
2019 silly packumentCache full:https://registry.npmjs.org/@jridgewell%2fremapping cache-miss
2020 silly fetch manifest @babel/helper-module-transforms@^7.29.7
2021 silly packumentCache full:https://registry.npmjs.org/@babel%2fhelper-module-transforms cache-miss
2022 http cache https://registry.npmjs.org/json5 20ms (cache hit)
2023 silly packumentCache full:https://registry.npmjs.org/json5 set size:86136 disposed:false
2024 silly fetch manifest @babel/helper-compilation-targets@^7.29.7
2025 silly packumentCache full:https://registry.npmjs.org/@babel%2fhelper-compilation-targets cache-miss
2026 http cache https://registry.npmjs.org/@babel%2fparser 24ms (cache hit)
2027 silly packumentCache full:https://registry.npmjs.org/@babel%2fparser set size:737961 disposed:false
2028 silly fetch manifest @babel/types@^7.29.8
2029 silly packumentCache full:https://registry.npmjs.org/@babel%2ftypes cache-miss
2030 http fetch GET 200 https://registry.npmjs.org/gensync 68ms (cache miss)
2031 silly packumentCache full:https://registry.npmjs.org/gensync set size:undefined disposed:false
2032 silly fetch manifest hermes-estree@0.25.1
2033 silly packumentCache full:https://registry.npmjs.org/hermes-estree cache-miss
2034 http fetch GET 200 https://registry.npmjs.org/convert-source-map 77ms (cache miss)
2035 silly packumentCache full:https://registry.npmjs.org/convert-source-map set size:undefined disposed:false
2036 http fetch GET 200 https://registry.npmjs.org/@babel%2ftemplate 83ms (cache miss)
2037 silly packumentCache full:https://registry.npmjs.org/@babel%2ftemplate set size:undefined disposed:false
2038 http fetch GET 200 https://registry.npmjs.org/@jridgewell%2fremapping 84ms (cache miss)
2039 silly packumentCache full:https://registry.npmjs.org/@jridgewell%2fremapping set size:undefined disposed:false
2040 http fetch GET 200 https://registry.npmjs.org/@babel%2fhelper-compilation-targets 78ms (cache miss)
2041 silly packumentCache full:https://registry.npmjs.org/@babel%2fhelper-compilation-targets set size:undefined disposed:false
2042 http fetch GET 200 https://registry.npmjs.org/@babel%2fhelper-module-transforms 98ms (cache miss)
2043 silly packumentCache full:https://registry.npmjs.org/@babel%2fhelper-module-transforms set size:undefined disposed:false
2044 http fetch GET 200 https://registry.npmjs.org/@babel%2fhelpers 105ms (cache miss)
2045 silly packumentCache full:https://registry.npmjs.org/@babel%2fhelpers set size:undefined disposed:false
2046 http fetch GET 200 https://registry.npmjs.org/@babel%2fgenerator 117ms (cache miss)
2047 silly packumentCache full:https://registry.npmjs.org/@babel%2fgenerator set size:undefined disposed:false
2048 http fetch GET 200 https://registry.npmjs.org/@babel%2ftypes 123ms (cache miss)
2049 silly packumentCache full:https://registry.npmjs.org/@babel%2ftypes set size:undefined disposed:false
2050 http fetch GET 200 https://registry.npmjs.org/@babel%2ftraverse 130ms (cache miss)
2051 silly packumentCache full:https://registry.npmjs.org/@babel%2ftraverse set size:undefined disposed:false
2052 http fetch GET 200 https://registry.npmjs.org/hermes-estree 66ms (cache miss)
2053 silly packumentCache full:https://registry.npmjs.org/hermes-estree set size:undefined disposed:false
2054 http fetch GET 200 https://registry.npmjs.org/@babel%2ftypes 107ms (cache miss)
2055 silly packumentCache full:https://registry.npmjs.org/@babel%2ftypes set size:undefined disposed:false
2056 silly fetch manifest @babel/core@^7.0.0
2057 silly packumentCache full:https://registry.npmjs.org/@babel%2fcore cache-miss
2058 http cache https://registry.npmjs.org/@babel%2fcore 12ms (cache hit)
2059 silly packumentCache full:https://registry.npmjs.org/@babel%2fcore set size:788273 disposed:false
2060 silly placeDep ROOT @babel/generator@7.29.8 OK for: @babel/core@7.29.7 want: ^7.29.7
2061 silly placeDep ROOT @babel/helper-compilation-targets@7.29.7 OK for: @babel/core@7.29.7 want: ^7.29.7
2062 silly placeDep ROOT @babel/helper-module-transforms@7.29.7 OK for: @babel/core@7.29.7 want: ^7.29.7
2063 silly placeDep ROOT @babel/helpers@7.29.7 OK for: @babel/core@7.29.7 want: ^7.29.7
2064 silly placeDep ROOT @babel/template@7.29.7 OK for: @babel/core@7.29.7 want: ^7.29.7
2065 silly placeDep ROOT @babel/traverse@7.29.8 OK for: @babel/core@7.29.7 want: ^7.29.7
2066 silly placeDep ROOT @babel/types@7.29.8 OK for: @babel/core@7.29.7 want: ^7.29.7
2067 silly placeDep ROOT @jridgewell/remapping@2.3.5 OK for: @babel/core@7.29.7 want: ^2.3.5
2068 silly placeDep ROOT convert-source-map@2.0.0 OK for: @babel/core@7.29.7 want: ^2.0.0
2069 silly placeDep ROOT gensync@1.0.0-beta.2 OK for: @babel/core@7.29.7 want: ^1.0.0-beta.2
2070 silly placeDep ROOT json5@2.2.3 OK for: @babel/core@7.29.7 want: ^2.2.3
2071 silly fetch manifest jsesc@^3.0.2
2072 silly packumentCache full:https://registry.npmjs.org/jsesc cache-miss
2073 silly fetch manifest @jridgewell/gen-mapping@^0.3.12
2074 silly packumentCache full:https://registry.npmjs.org/@jridgewell%2fgen-mapping cache-miss
2075 silly fetch manifest @jridgewell/trace-mapping@^0.3.28
2076 silly packumentCache full:https://registry.npmjs.org/@jridgewell%2ftrace-mapping cache-miss
2077 silly fetch manifest lru-cache@^5.1.1
2078 silly packumentCache full:https://registry.npmjs.org/lru-cache cache-miss
2079 silly fetch manifest browserslist@^4.24.0
2080 silly packumentCache full:https://registry.npmjs.org/browserslist cache-miss
2081 silly fetch manifest @babel/compat-data@^7.29.7
2082 silly packumentCache full:https://registry.npmjs.org/@babel%2fcompat-data cache-miss
2083 silly fetch manifest @babel/helper-validator-option@^7.29.7
2084 silly packumentCache full:https://registry.npmjs.org/@babel%2fhelper-validator-option cache-miss
2085 silly fetch manifest @babel/helper-module-imports@^7.29.7
2086 silly packumentCache full:https://registry.npmjs.org/@babel%2fhelper-module-imports cache-miss
2087 silly fetch manifest @babel/helper-globals@^7.29.7
2088 silly packumentCache full:https://registry.npmjs.org/@babel%2fhelper-globals cache-miss
2089 silly fetch manifest @babel/helper-string-parser@^7.29.7
2090 silly packumentCache full:https://registry.npmjs.org/@babel%2fhelper-string-parser cache-miss
2091 silly fetch manifest @jridgewell/gen-mapping@^0.3.5
2092 silly packumentCache full:https://registry.npmjs.org/@jridgewell%2fgen-mapping cache-miss
2093 http fetch GET 200 https://registry.npmjs.org/@babel%2fhelper-globals 50ms (cache miss)
2094 silly packumentCache full:https://registry.npmjs.org/@babel%2fhelper-globals set size:undefined disposed:false
2095 silly fetch manifest @jridgewell/trace-mapping@^0.3.24
2096 silly packumentCache full:https://registry.npmjs.org/@jridgewell%2ftrace-mapping cache-miss
2097 http fetch GET 200 https://registry.npmjs.org/@babel%2fhelper-string-parser 56ms (cache miss)
2098 silly packumentCache full:https://registry.npmjs.org/@babel%2fhelper-string-parser set size:undefined disposed:false
2099 http fetch GET 200 https://registry.npmjs.org/@babel%2fhelper-validator-option 66ms (cache miss)
2100 silly packumentCache full:https://registry.npmjs.org/@babel%2fhelper-validator-option set size:undefined disposed:false
2101 http fetch GET 200 https://registry.npmjs.org/jsesc 72ms (cache miss)
2102 silly packumentCache full:https://registry.npmjs.org/jsesc set size:undefined disposed:false
2103 http fetch GET 200 https://registry.npmjs.org/@jridgewell%2ftrace-mapping 73ms (cache miss)
2104 silly packumentCache full:https://registry.npmjs.org/@jridgewell%2ftrace-mapping set size:undefined disposed:false
2105 http fetch GET 200 https://registry.npmjs.org/@jridgewell%2fgen-mapping 77ms (cache miss)
2106 silly packumentCache full:https://registry.npmjs.org/@jridgewell%2fgen-mapping set size:undefined disposed:false
2107 http fetch GET 200 https://registry.npmjs.org/@jridgewell%2fgen-mapping 67ms (cache miss)
2108 silly packumentCache full:https://registry.npmjs.org/@jridgewell%2fgen-mapping set size:undefined disposed:false
2109 http fetch GET 200 https://registry.npmjs.org/@babel%2fhelper-module-imports 78ms (cache miss)
2110 silly packumentCache full:https://registry.npmjs.org/@babel%2fhelper-module-imports set size:undefined disposed:false
2111 http fetch GET 200 https://registry.npmjs.org/@babel%2fcompat-data 89ms (cache miss)
2112 silly packumentCache full:https://registry.npmjs.org/@babel%2fcompat-data set size:undefined disposed:false
2113 http fetch GET 200 https://registry.npmjs.org/lru-cache 93ms (cache miss)
2114 silly packumentCache full:https://registry.npmjs.org/lru-cache set size:undefined disposed:false
2115 http fetch GET 200 https://registry.npmjs.org/browserslist 102ms (cache miss)
2116 silly packumentCache full:https://registry.npmjs.org/browserslist set size:undefined disposed:false
2117 http fetch GET 200 https://registry.npmjs.org/@jridgewell%2ftrace-mapping 51ms (cache miss)
2118 silly packumentCache full:https://registry.npmjs.org/@jridgewell%2ftrace-mapping set size:undefined disposed:false
2119 silly placeDep ROOT @jridgewell/gen-mapping@0.3.13 OK for: @babel/generator@7.29.8 want: ^0.3.12
2120 silly placeDep ROOT @jridgewell/trace-mapping@0.3.31 OK for: @babel/generator@7.29.8 want: ^0.3.28
2121 silly placeDep ROOT jsesc@3.1.0 OK for: @babel/generator@7.29.8 want: ^3.0.2
2122 silly fetch manifest @jridgewell/sourcemap-codec@^1.5.0
2123 silly packumentCache full:https://registry.npmjs.org/@jridgewell%2fsourcemap-codec cache-miss
2124 silly fetch manifest @jridgewell/resolve-uri@^3.1.0
2125 silly packumentCache full:https://registry.npmjs.org/@jridgewell%2fresolve-uri cache-miss
2126 silly fetch manifest @jridgewell/sourcemap-codec@^1.4.14
2127 silly packumentCache full:https://registry.npmjs.org/@jridgewell%2fsourcemap-codec cache-miss
2128 http fetch GET 200 https://registry.npmjs.org/@jridgewell%2fsourcemap-codec 32ms (cache miss)
2129 silly packumentCache full:https://registry.npmjs.org/@jridgewell%2fsourcemap-codec set size:undefined disposed:false
2130 http fetch GET 200 https://registry.npmjs.org/@jridgewell%2fsourcemap-codec 36ms (cache miss)
2131 silly packumentCache full:https://registry.npmjs.org/@jridgewell%2fsourcemap-codec set size:undefined disposed:false
2132 http fetch GET 200 https://registry.npmjs.org/@jridgewell%2fresolve-uri 43ms (cache miss)
2133 silly packumentCache full:https://registry.npmjs.org/@jridgewell%2fresolve-uri set size:undefined disposed:false
2134 silly placeDep ROOT @babel/compat-data@7.29.7 OK for: @babel/helper-compilation-targets@7.29.7 want: ^7.29.7
2135 silly placeDep ROOT @babel/helper-validator-option@7.29.7 OK for: @babel/helper-compilation-targets@7.29.7 want: ^7.29.7
2136 silly placeDep ROOT browserslist@4.28.8 OK for: @babel/helper-compilation-targets@7.29.7 want: ^4.24.0
2137 silly placeDep ROOT lru-cache@5.1.1 OK for: @babel/helper-compilation-targets@7.29.7 want: ^5.1.1
2138 silly fetch manifest caniuse-lite@^1.0.30001809
2139 silly packumentCache full:https://registry.npmjs.org/caniuse-lite cache-miss
2140 silly fetch manifest node-releases@^2.0.53
2141 silly packumentCache full:https://registry.npmjs.org/node-releases cache-miss
2142 silly fetch manifest electron-to-chromium@^1.5.402
2143 silly packumentCache full:https://registry.npmjs.org/electron-to-chromium cache-miss
2144 silly fetch manifest update-browserslist-db@^1.3.0
2145 silly packumentCache full:https://registry.npmjs.org/update-browserslist-db cache-miss
2146 silly fetch manifest baseline-browser-mapping@^2.11.12
2147 silly packumentCache full:https://registry.npmjs.org/baseline-browser-mapping cache-miss
2148 silly fetch manifest yallist@^3.0.2
2149 silly packumentCache full:https://registry.npmjs.org/yallist cache-miss
2150 http cache https://registry.npmjs.org/caniuse-lite 19ms (cache hit)
2151 silly packumentCache full:https://registry.npmjs.org/caniuse-lite set size:2311190 disposed:false
2152 http cache https://registry.npmjs.org/baseline-browser-mapping 32ms (cache hit)
2153 silly packumentCache full:https://registry.npmjs.org/baseline-browser-mapping set size:593061 disposed:false
2154 http fetch GET 200 https://registry.npmjs.org/update-browserslist-db 58ms (cache miss)
2155 silly packumentCache full:https://registry.npmjs.org/update-browserslist-db set size:undefined disposed:false
2156 http fetch GET 200 https://registry.npmjs.org/node-releases 62ms (cache miss)
2157 silly packumentCache full:https://registry.npmjs.org/node-releases set size:undefined disposed:false
2158 http fetch GET 200 https://registry.npmjs.org/electron-to-chromium 125ms (cache miss)
2159 silly packumentCache full:https://registry.npmjs.org/electron-to-chromium set size:undefined disposed:false
2160 http fetch GET 200 https://registry.npmjs.org/yallist 183ms (cache miss)
2161 silly packumentCache full:https://registry.npmjs.org/yallist set size:undefined disposed:false
2162 silly placeDep ROOT @babel/helper-module-imports@7.29.7 OK for: @babel/helper-module-transforms@7.29.7 want: ^7.29.7
2163 silly placeDep ROOT @babel/helper-globals@7.29.7 OK for: @babel/traverse@7.29.8 want: ^7.29.7
2164 silly placeDep ROOT @babel/helper-string-parser@7.29.7 OK for: @babel/types@7.29.8 want: ^7.29.7
2165 silly placeDep ROOT @jridgewell/sourcemap-codec@1.5.5 OK for: @jridgewell/gen-mapping@0.3.13 want: ^1.5.0
2166 silly placeDep ROOT @jridgewell/resolve-uri@3.1.2 OK for: @jridgewell/trace-mapping@0.3.31 want: ^3.1.0
2167 silly fetch manifest browserslist@>= 4.21.0
2168 silly packumentCache full:https://registry.npmjs.org/browserslist cache-miss
2169 http cache https://registry.npmjs.org/browserslist 7ms (cache hit)
2170 silly packumentCache full:https://registry.npmjs.org/browserslist set size:518659 disposed:false
2171 silly placeDep ROOT baseline-browser-mapping@2.11.13 OK for: browserslist@4.28.8 want: ^2.11.12
2172 silly placeDep ROOT caniuse-lite@1.0.30001809 OK for: browserslist@4.28.8 want: ^1.0.30001809
2173 silly placeDep ROOT electron-to-chromium@1.5.405 OK for: browserslist@4.28.8 want: ^1.5.402
2174 silly placeDep ROOT node-releases@2.0.53 OK for: browserslist@4.28.8 want: ^2.0.53
2175 silly placeDep ROOT update-browserslist-db@1.3.1 OK for: browserslist@4.28.8 want: ^1.3.0
2176 silly fetch manifest escalade@^3.2.0
2177 silly packumentCache full:https://registry.npmjs.org/escalade cache-miss
2178 http fetch GET 200 https://registry.npmjs.org/escalade 21ms (cache miss)
2179 silly packumentCache full:https://registry.npmjs.org/escalade set size:undefined disposed:false
2180 silly placeDep ROOT esrecurse@4.3.0 OK for: eslint-scope@8.4.0 want: ^4.3.0
2181 silly placeDep ROOT acorn@8.18.0 OK for: espree@10.4.0 want: ^8.15.0
2182 silly placeDep ROOT acorn-jsx@5.3.2 OK for: espree@10.4.0 want: ^5.3.2
2183 silly placeDep ROOT @nodelib/fs.stat@2.0.5 OK for: fast-glob@3.3.1 want: ^2.0.2
2184 silly placeDep ROOT @nodelib/fs.walk@1.2.8 OK for: fast-glob@3.3.1 want: ^1.2.3
2185 silly placeDep node_modules/fast-glob glob-parent@5.1.2 OK for: fast-glob@3.3.1 want: ^5.1.2
2186 silly placeDep ROOT merge2@1.4.1 OK for: fast-glob@3.3.1 want: ^1.3.0
2187 silly placeDep ROOT micromatch@4.0.8 OK for: fast-glob@3.3.1 want: ^4.0.4
2188 silly fetch manifest fastq@^1.6.0
2189 silly packumentCache full:https://registry.npmjs.org/fastq cache-miss
2190 silly fetch manifest @nodelib/fs.scandir@2.1.5
2191 silly packumentCache full:https://registry.npmjs.org/@nodelib%2ffs.scandir cache-miss
2192 silly fetch manifest braces@^3.0.3
2193 silly packumentCache full:https://registry.npmjs.org/braces cache-miss
2194 silly fetch manifest picomatch@^2.3.1
2195 silly packumentCache full:https://registry.npmjs.org/picomatch cache-miss
2196 http cache https://registry.npmjs.org/picomatch 7ms (cache hit)
2197 silly packumentCache full:https://registry.npmjs.org/picomatch set size:128942 disposed:false
2198 http fetch GET 200 https://registry.npmjs.org/fastq 26ms (cache miss)
2199 silly packumentCache full:https://registry.npmjs.org/fastq set size:undefined disposed:false
2200 http fetch GET 200 https://registry.npmjs.org/braces 28ms (cache miss)
2201 silly packumentCache full:https://registry.npmjs.org/braces set size:undefined disposed:false
2202 http fetch GET 200 https://registry.npmjs.org/@nodelib%2ffs.scandir 50ms (cache miss)
2203 silly packumentCache full:https://registry.npmjs.org/@nodelib%2ffs.scandir set size:undefined disposed:false
2204 silly placeDep ROOT @nodelib/fs.scandir@2.1.5 OK for: @nodelib/fs.walk@1.2.8 want: 2.1.5
2205 silly placeDep ROOT fastq@1.20.1 OK for: @nodelib/fs.walk@1.2.8 want: ^1.6.0
2206 silly fetch manifest run-parallel@^1.1.9
2207 silly packumentCache full:https://registry.npmjs.org/run-parallel cache-miss
2208 silly fetch manifest reusify@^1.0.4
2209 silly packumentCache full:https://registry.npmjs.org/reusify cache-miss
2210 http fetch GET 200 https://registry.npmjs.org/reusify 22ms (cache miss)
2211 silly packumentCache full:https://registry.npmjs.org/reusify set size:undefined disposed:false
2212 http fetch GET 200 https://registry.npmjs.org/run-parallel 24ms (cache miss)
2213 silly packumentCache full:https://registry.npmjs.org/run-parallel set size:undefined disposed:false
2214 silly placeDep ROOT run-parallel@1.2.0 OK for: @nodelib/fs.scandir@2.1.5 want: ^1.1.9
2215 silly fetch manifest queue-microtask@^1.2.2
2216 silly packumentCache full:https://registry.npmjs.org/queue-microtask cache-miss
2217 http fetch GET 200 https://registry.npmjs.org/queue-microtask 26ms (cache miss)
2218 silly packumentCache full:https://registry.npmjs.org/queue-microtask set size:undefined disposed:false
2219 silly placeDep ROOT reusify@1.1.0 OK for: fastq@1.20.1 want: ^1.0.4
2220 silly placeDep ROOT flat-cache@4.0.1 OK for: file-entry-cache@8.0.0 want: ^4.0.0
2221 silly fetch manifest keyv@^4.5.4
2222 silly packumentCache full:https://registry.npmjs.org/keyv cache-miss
2223 silly fetch manifest flatted@^3.2.9
2224 silly packumentCache full:https://registry.npmjs.org/flatted cache-miss
2225 http fetch GET 200 https://registry.npmjs.org/flatted 26ms (cache miss)
2226 silly packumentCache full:https://registry.npmjs.org/flatted set size:undefined disposed:false
2227 http fetch GET 200 https://registry.npmjs.org/keyv 28ms (cache miss)
2228 silly packumentCache full:https://registry.npmjs.org/keyv set size:undefined disposed:false
2229 silly placeDep ROOT locate-path@6.0.0 OK for: find-up@5.0.0 want: ^6.0.0
2230 silly placeDep ROOT path-exists@4.0.0 OK for: find-up@5.0.0 want: ^4.0.0
2231 silly fetch manifest p-locate@^5.0.0
2232 silly packumentCache full:https://registry.npmjs.org/p-locate cache-miss
2233 http fetch GET 200 https://registry.npmjs.org/p-locate 22ms (cache miss)
2234 silly packumentCache full:https://registry.npmjs.org/p-locate set size:undefined disposed:false
2235 silly placeDep ROOT flatted@3.4.4 OK for: flat-cache@4.0.1 want: ^3.2.9
2236 silly placeDep ROOT keyv@4.5.4 OK for: flat-cache@4.0.1 want: ^4.5.4
2237 silly fetch manifest json-buffer@3.0.1
2238 silly packumentCache full:https://registry.npmjs.org/json-buffer cache-miss
2239 http fetch GET 200 https://registry.npmjs.org/json-buffer 21ms (cache miss)
2240 silly packumentCache full:https://registry.npmjs.org/json-buffer set size:undefined disposed:false
2241 silly placeDep ROOT functions-have-names@1.2.3 OK for: function.prototype.name@1.2.0 want: ^1.2.3
2242 silly placeDep ROOT is-document.all@1.0.0 OK for: function.prototype.name@1.2.0 want: ^1.0.0
2243 silly placeDep ROOT dunder-proto@1.0.1 OK for: get-proto@1.0.1 want: ^1.0.1
2244 silly placeDep ROOT resolve-pkg-maps@1.0.0 OK for: get-tsconfig@4.14.1 want: ^1.0.0
2245 silly placeDep ROOT hermes-estree@0.25.1 OK for: hermes-parser@0.25.1 want: 0.25.1
2246 silly placeDep ROOT parent-module@1.0.1 OK for: import-fresh@3.3.1 want: ^1.0.0
2247 silly placeDep ROOT resolve-from@4.0.0 OK for: import-fresh@3.3.1 want: ^4.0.0
2248 silly fetch manifest callsites@^3.0.0
2249 silly packumentCache full:https://registry.npmjs.org/callsites cache-miss
2250 http fetch GET 200 https://registry.npmjs.org/callsites 21ms (cache miss)
2251 silly packumentCache full:https://registry.npmjs.org/callsites set size:undefined disposed:false
2252 silly placeDep ROOT side-channel@1.1.1 OK for: internal-slot@1.1.0 want: ^1.1.0
2253 silly fetch manifest side-channel-list@^1.0.1
2254 silly packumentCache full:https://registry.npmjs.org/side-channel-list cache-miss
2255 silly fetch manifest side-channel-map@^1.0.1
2256 silly packumentCache full:https://registry.npmjs.org/side-channel-map cache-miss
2257 silly fetch manifest side-channel-weakmap@^1.0.2
2258 silly packumentCache full:https://registry.npmjs.org/side-channel-weakmap cache-miss
2259 http fetch GET 200 https://registry.npmjs.org/side-channel-list 24ms (cache miss)
2260 silly packumentCache full:https://registry.npmjs.org/side-channel-list set size:undefined disposed:false
2261 http fetch GET 200 https://registry.npmjs.org/side-channel-map 25ms (cache miss)
2262 silly packumentCache full:https://registry.npmjs.org/side-channel-map set size:undefined disposed:false
2263 http fetch GET 200 https://registry.npmjs.org/side-channel-weakmap 26ms (cache miss)
2264 silly packumentCache full:https://registry.npmjs.org/side-channel-weakmap set size:undefined disposed:false
2265 silly placeDep node_modules/is-bun-module semver@7.8.5 OK for: is-bun-module@2.0.0 want: ^7.7.1
2266 silly placeDep ROOT is-extglob@2.1.1 OK for: is-glob@4.0.3 want: ^2.1.1
2267 silly placeDep ROOT set-function-name@2.0.2 OK for: iterator.prototype@1.1.5 want: ^2.0.2
2268 silly placeDep ROOT argparse@2.0.1 OK for: js-yaml@4.3.1 want: ^2.0.1
2269 silly fetch manifest bufferutil@^4.0.1
2270 silly packumentCache full:https://registry.npmjs.org/bufferutil cache-miss
2271 http fetch GET 200 https://registry.npmjs.org/bufferutil 22ms (cache miss)
2272 silly packumentCache full:https://registry.npmjs.org/bufferutil set size:undefined disposed:false
2273 silly fetch manifest utf-8-validate@>=5.0.2
2274 silly packumentCache full:https://registry.npmjs.org/utf-8-validate cache-miss
2275 http fetch GET 200 https://registry.npmjs.org/utf-8-validate 24ms (cache miss)
2276 silly packumentCache full:https://registry.npmjs.org/utf-8-validate set size:undefined disposed:false
2277 silly placeDep ROOT cssstyle@4.6.0 OK for: jsdom@25.0.1 want: ^4.1.0
2278 silly placeDep ROOT data-urls@5.0.0 OK for: jsdom@25.0.1 want: ^5.0.0
2279 silly placeDep ROOT decimal.js@10.6.0 OK for: jsdom@25.0.1 want: ^10.4.3
2280 silly placeDep ROOT form-data@4.0.6 OK for: jsdom@25.0.1 want: ^4.0.0
2281 silly placeDep ROOT html-encoding-sniffer@4.0.0 OK for: jsdom@25.0.1 want: ^4.0.0
2282 silly placeDep ROOT http-proxy-agent@7.0.2 OK for: jsdom@25.0.1 want: ^7.0.2
2283 silly placeDep ROOT https-proxy-agent@7.0.6 OK for: jsdom@25.0.1 want: ^7.0.5
2284 silly placeDep ROOT is-potential-custom-element-name@1.0.1 OK for: jsdom@25.0.1 want: ^1.0.1
2285 silly placeDep ROOT nwsapi@2.2.24 OK for: jsdom@25.0.1 want: ^2.2.12
2286 silly placeDep ROOT parse5@7.3.0 OK for: jsdom@25.0.1 want: ^7.1.2
2287 silly placeDep ROOT rrweb-cssom@0.7.1 OK for: jsdom@25.0.1 want: ^0.7.1
2288 silly placeDep ROOT saxes@6.0.0 OK for: jsdom@25.0.1 want: ^6.0.0
2289 silly placeDep ROOT symbol-tree@3.2.4 OK for: jsdom@25.0.1 want: ^3.2.4
2290 silly placeDep ROOT tough-cookie@5.1.2 OK for: jsdom@25.0.1 want: ^5.0.0
2291 silly placeDep ROOT w3c-xmlserializer@5.0.0 OK for: jsdom@25.0.1 want: ^5.0.0
2292 silly placeDep ROOT webidl-conversions@7.0.0 OK for: jsdom@25.0.1 want: ^7.0.0
2293 silly placeDep ROOT whatwg-encoding@3.1.1 OK for: jsdom@25.0.1 want: ^3.1.1
2294 silly placeDep ROOT whatwg-mimetype@4.0.0 OK for: jsdom@25.0.1 want: ^4.0.0
2295 silly placeDep ROOT whatwg-url@14.2.0 OK for: jsdom@25.0.1 want: ^14.0.0
2296 silly placeDep ROOT ws@8.21.3 OK for: jsdom@25.0.1 want: ^8.18.0
2297 silly placeDep ROOT xml-name-validator@5.0.0 OK for: jsdom@25.0.1 want: ^5.0.0
2298 silly fetch manifest rrweb-cssom@^0.8.0
2299 silly packumentCache full:https://registry.npmjs.org/rrweb-cssom cache-miss
2300 silly fetch manifest @asamuzakjp/css-color@^3.2.0
2301 silly packumentCache full:https://registry.npmjs.org/@asamuzakjp%2fcss-color cache-miss
2302 silly fetch manifest asynckit@^0.4.0
2303 silly packumentCache full:https://registry.npmjs.org/asynckit cache-miss
2304 silly fetch manifest mime-types@^2.1.35
2305 silly packumentCache full:https://registry.npmjs.org/mime-types cache-miss
2306 silly fetch manifest combined-stream@^1.0.8
2307 silly packumentCache full:https://registry.npmjs.org/combined-stream cache-miss
2308 silly fetch manifest agent-base@^7.1.0
2309 silly packumentCache full:https://registry.npmjs.org/agent-base cache-miss
2310 silly fetch manifest agent-base@^7.1.2
2311 silly packumentCache full:https://registry.npmjs.org/agent-base cache-miss
2312 silly fetch manifest entities@^6.0.0
2313 silly packumentCache full:https://registry.npmjs.org/entities cache-miss
2314 silly fetch manifest xmlchars@^2.2.0
2315 silly packumentCache full:https://registry.npmjs.org/xmlchars cache-miss
2316 silly fetch manifest tldts@^6.1.32
2317 silly packumentCache full:https://registry.npmjs.org/tldts cache-miss
2318 silly fetch manifest iconv-lite@0.6.3
2319 silly packumentCache full:https://registry.npmjs.org/iconv-lite cache-miss
2320 http cache https://registry.npmjs.org/rrweb-cssom 15ms (cache hit)
2321 silly packumentCache full:https://registry.npmjs.org/rrweb-cssom set size:10104 disposed:false
2322 silly fetch manifest tr46@^5.1.0
2323 silly packumentCache full:https://registry.npmjs.org/tr46 cache-miss
2324 http fetch GET 200 https://registry.npmjs.org/asynckit 37ms (cache miss)
2325 silly packumentCache full:https://registry.npmjs.org/asynckit set size:undefined disposed:false
2326 http fetch GET 200 https://registry.npmjs.org/agent-base 38ms (cache miss)
2327 silly packumentCache full:https://registry.npmjs.org/agent-base set size:undefined disposed:false
2328 http fetch GET 200 https://registry.npmjs.org/agent-base 40ms (cache miss)
2329 silly packumentCache full:https://registry.npmjs.org/agent-base set size:undefined disposed:false
2330 http fetch GET 200 https://registry.npmjs.org/mime-types 42ms (cache miss)
2331 silly packumentCache full:https://registry.npmjs.org/mime-types set size:undefined disposed:false
2332 http fetch GET 200 https://registry.npmjs.org/xmlchars 42ms (cache miss)
2333 silly packumentCache full:https://registry.npmjs.org/xmlchars set size:undefined disposed:false
2334 http fetch GET 200 https://registry.npmjs.org/combined-stream 44ms (cache miss)
2335 silly packumentCache full:https://registry.npmjs.org/combined-stream set size:undefined disposed:false
2336 http fetch GET 200 https://registry.npmjs.org/tr46 31ms (cache miss)
2337 silly packumentCache full:https://registry.npmjs.org/tr46 set size:undefined disposed:false
2338 http fetch GET 200 https://registry.npmjs.org/iconv-lite 44ms (cache miss)
2339 silly packumentCache full:https://registry.npmjs.org/iconv-lite set size:undefined disposed:false
2340 http fetch GET 200 https://registry.npmjs.org/entities 48ms (cache miss)
2341 silly packumentCache full:https://registry.npmjs.org/entities set size:undefined disposed:false
2342 http fetch GET 200 https://registry.npmjs.org/@asamuzakjp%2fcss-color 57ms (cache miss)
2343 silly packumentCache full:https://registry.npmjs.org/@asamuzakjp%2fcss-color set size:undefined disposed:false
2344 http fetch GET 200 https://registry.npmjs.org/tldts 108ms (cache miss)
2345 silly packumentCache full:https://registry.npmjs.org/tldts set size:undefined disposed:false
2346 silly placeDep ROOT @asamuzakjp/css-color@3.2.0 OK for: cssstyle@4.6.0 want: ^3.2.0
2347 silly placeDep node_modules/cssstyle rrweb-cssom@0.8.0 OK for: cssstyle@4.6.0 want: ^0.8.0
2348 silly fetch manifest lru-cache@^10.4.3
2349 silly packumentCache full:https://registry.npmjs.org/lru-cache cache-miss
2350 silly fetch manifest @csstools/css-calc@^2.1.3
2351 silly packumentCache full:https://registry.npmjs.org/@csstools%2fcss-calc cache-miss
2352 silly fetch manifest @csstools/css-tokenizer@^3.0.3
2353 silly packumentCache full:https://registry.npmjs.org/@csstools%2fcss-tokenizer cache-miss
2354 silly fetch manifest @csstools/css-color-parser@^3.0.9
2355 silly packumentCache full:https://registry.npmjs.org/@csstools%2fcss-color-parser cache-miss
2356 silly fetch manifest @csstools/css-parser-algorithms@^3.0.4
2357 silly packumentCache full:https://registry.npmjs.org/@csstools%2fcss-parser-algorithms cache-miss
2358 http cache https://registry.npmjs.org/lru-cache 10ms (cache hit)
2359 silly packumentCache full:https://registry.npmjs.org/lru-cache set size:460407 disposed:false
2360 http fetch GET 200 https://registry.npmjs.org/@csstools%2fcss-tokenizer 32ms (cache miss)
2361 silly packumentCache full:https://registry.npmjs.org/@csstools%2fcss-tokenizer set size:undefined disposed:false
2362 http fetch GET 200 https://registry.npmjs.org/@csstools%2fcss-calc 34ms (cache miss)
2363 silly packumentCache full:https://registry.npmjs.org/@csstools%2fcss-calc set size:undefined disposed:false
2364 http fetch GET 200 https://registry.npmjs.org/@csstools%2fcss-parser-algorithms 38ms (cache miss)
2365 silly packumentCache full:https://registry.npmjs.org/@csstools%2fcss-parser-algorithms set size:undefined disposed:false
2366 http fetch GET 200 https://registry.npmjs.org/@csstools%2fcss-color-parser 41ms (cache miss)
2367 silly packumentCache full:https://registry.npmjs.org/@csstools%2fcss-color-parser set size:undefined disposed:false
2368 silly placeDep ROOT @csstools/css-calc@2.1.4 OK for: @asamuzakjp/css-color@3.2.0 want: ^2.1.3
2369 silly placeDep ROOT @csstools/css-tokenizer@3.0.4 OK for: @csstools/css-calc@2.1.4 want: ^3.0.4
2370 silly placeDep ROOT @csstools/css-parser-algorithms@3.0.5 OK for: @csstools/css-calc@2.1.4 want: ^3.0.5
2371 silly placeDep ROOT @csstools/css-color-parser@3.1.0 OK for: @asamuzakjp/css-color@3.2.0 want: ^3.0.9
2372 silly placeDep node_modules/@asamuzakjp/css-color lru-cache@10.4.3 OK for: @asamuzakjp/css-color@3.2.0 want: ^10.4.3
2373 silly fetch manifest @csstools/color-helpers@^5.1.0
2374 silly packumentCache full:https://registry.npmjs.org/@csstools%2fcolor-helpers cache-miss
2375 http fetch GET 200 https://registry.npmjs.org/@csstools%2fcolor-helpers 30ms (cache miss)
2376 silly packumentCache full:https://registry.npmjs.org/@csstools%2fcolor-helpers set size:undefined disposed:false
2377 silly placeDep ROOT @csstools/color-helpers@5.1.0 OK for: @csstools/css-color-parser@3.1.0 want: ^5.1.0
2378 silly placeDep ROOT asynckit@0.4.0 OK for: form-data@4.0.6 want: ^0.4.0
2379 silly placeDep ROOT combined-stream@1.0.8 OK for: form-data@4.0.6 want: ^1.0.8
2380 silly placeDep ROOT mime-types@2.1.35 OK for: form-data@4.0.6 want: ^2.1.35
2381 silly fetch manifest delayed-stream@~1.0.0
2382 silly packumentCache full:https://registry.npmjs.org/delayed-stream cache-miss
2383 silly fetch manifest mime-db@1.52.0
2384 silly packumentCache full:https://registry.npmjs.org/mime-db cache-miss
2385 http fetch GET 200 https://registry.npmjs.org/delayed-stream 24ms (cache miss)
2386 silly packumentCache full:https://registry.npmjs.org/delayed-stream set size:undefined disposed:false
2387 http fetch GET 200 https://registry.npmjs.org/mime-db 28ms (cache miss)
2388 silly packumentCache full:https://registry.npmjs.org/mime-db set size:undefined disposed:false
2389 silly placeDep ROOT delayed-stream@1.0.0 OK for: combined-stream@1.0.8 want: ~1.0.0
2390 silly placeDep ROOT agent-base@7.1.4 OK for: http-proxy-agent@7.0.2 want: ^7.1.0
2391 silly placeDep ROOT json-buffer@3.0.1 OK for: keyv@4.5.4 want: 3.0.1
2392 silly placeDep ROOT language-subtag-registry@0.3.23 OK for: language-tags@1.0.9 want: ^0.3.20
2393 silly placeDep ROOT prelude-ls@1.2.1 OK for: levn@0.4.1 want: ^1.2.1
2394 silly placeDep ROOT type-check@0.4.0 OK for: levn@0.4.1 want: ~0.4.0
2395 silly placeDep ROOT p-locate@5.0.0 OK for: locate-path@6.0.0 want: ^5.0.0
2396 silly fetch manifest p-limit@^3.0.2
2397 silly packumentCache full:https://registry.npmjs.org/p-limit cache-miss
2398 http fetch GET 200 https://registry.npmjs.org/p-limit 22ms (cache miss)
2399 silly packumentCache full:https://registry.npmjs.org/p-limit set size:undefined disposed:false
2400 silly placeDep ROOT yallist@3.1.1 OK for: lru-cache@5.1.1 want: ^3.0.2
2401 silly placeDep ROOT braces@3.0.3 OK for: micromatch@4.0.8 want: ^3.0.3
2402 silly placeDep ROOT picomatch@2.3.2 OK for: micromatch@4.0.8 want: ^2.3.1
2403 silly fetch manifest fill-range@^7.1.1
2404 silly packumentCache full:https://registry.npmjs.org/fill-range cache-miss
2405 http fetch GET 200 https://registry.npmjs.org/fill-range 23ms (cache miss)
2406 silly packumentCache full:https://registry.npmjs.org/fill-range set size:undefined disposed:false
2407 silly placeDep ROOT fill-range@7.1.1 OK for: braces@3.0.3 want: ^7.1.1
2408 silly fetch manifest to-regex-range@^5.0.1
2409 silly packumentCache full:https://registry.npmjs.org/to-regex-range cache-miss
2410 http fetch GET 200 https://registry.npmjs.org/to-regex-range 35ms (cache miss)
2411 silly packumentCache full:https://registry.npmjs.org/to-regex-range set size:undefined disposed:false
2412 silly placeDep ROOT to-regex-range@5.0.1 OK for: fill-range@7.1.1 want: ^5.0.1
2413 silly fetch manifest is-number@^7.0.0
2414 silly packumentCache full:https://registry.npmjs.org/is-number cache-miss
2415 http fetch GET 200 https://registry.npmjs.org/is-number 27ms (cache miss)
2416 silly packumentCache full:https://registry.npmjs.org/is-number set size:undefined disposed:false
2417 silly placeDep ROOT mime-db@1.52.0 OK for: mime-types@2.1.35 want: 1.52.0
2418 silly placeDep ROOT brace-expansion@1.1.18 OK for: minimatch@3.1.5 want: ^1.1.7
2419 silly fetch manifest concat-map@0.0.1
2420 silly packumentCache full:https://registry.npmjs.org/concat-map cache-miss
2421 silly fetch manifest balanced-match@^1.0.0
2422 silly packumentCache full:https://registry.npmjs.org/balanced-match cache-miss
2423 http fetch GET 200 https://registry.npmjs.org/concat-map 20ms (cache miss)
2424 silly packumentCache full:https://registry.npmjs.org/concat-map set size:undefined disposed:false
2425 http fetch GET 200 https://registry.npmjs.org/balanced-match 21ms (cache miss)
2426 silly packumentCache full:https://registry.npmjs.org/balanced-match set size:undefined disposed:false
2427 silly placeDep ROOT balanced-match@1.0.2 OK for: brace-expansion@1.1.18 want: ^1.0.0
2428 silly placeDep ROOT concat-map@0.0.1 OK for: brace-expansion@1.1.18 want: 0.0.1
2429 silly placeDep ROOT dompurify@3.4.8 OK for: monaco-editor@0.56.0 want: 3.4.8
2430 silly placeDep ROOT marked@14.0.0 OK for: monaco-editor@0.56.0 want: 14.0.0
2431 silly fetch manifest @types/trusted-types@^2.0.7
2432 silly packumentCache full:https://registry.npmjs.org/@types%2ftrusted-types cache-miss
2433 http fetch GET 200 https://registry.npmjs.org/@types%2ftrusted-types 31ms (cache miss)
2434 silly packumentCache full:https://registry.npmjs.org/@types%2ftrusted-types set size:undefined disposed:false
2435 silly placeDep ROOT @types/trusted-types@2.0.7 OK for: dompurify@3.4.8 want: ^2.0.7
2436 silly fetch manifest react@^18.2.0 || 19.0.0-rc-de68d2f4-20241204 || ^19.0.0
2437 silly packumentCache full:https://registry.npmjs.org/react cache-miss
2438 http cache https://registry.npmjs.org/react 16ms (cache hit)
2439 silly packumentCache full:https://registry.npmjs.org/react set size:6883336 disposed:false
2440 silly placeDep ROOT @next/env@16.3.0 OK for: next@16.3.0 want: 16.3.0
2441 silly placeDep ROOT @next/swc-darwin-arm64@16.3.0 OK for: next@16.3.0 want: 16.3.0
2442 silly placeDep ROOT @next/swc-darwin-x64@16.3.0 OK for: next@16.3.0 want: 16.3.0
2443 silly placeDep ROOT @next/swc-linux-arm64-gnu@16.3.0 OK for: next@16.3.0 want: 16.3.0
2444 silly placeDep ROOT @next/swc-linux-arm64-musl@16.3.0 OK for: next@16.3.0 want: 16.3.0
2445 silly placeDep ROOT @next/swc-linux-x64-gnu@16.3.0 OK for: next@16.3.0 want: 16.3.0
2446 silly placeDep ROOT @next/swc-linux-x64-musl@16.3.0 OK for: next@16.3.0 want: 16.3.0
2447 silly placeDep ROOT @next/swc-win32-arm64-msvc@16.3.0 OK for: next@16.3.0 want: 16.3.0
2448 silly placeDep ROOT @next/swc-win32-x64-msvc@16.3.0 OK for: next@16.3.0 want: 16.3.0
2449 silly placeDep ROOT @swc/helpers@0.5.15 OK for: next@16.3.0 want: 0.5.15
2450 silly placeDep ROOT postcss@8.5.23 OK for: next@16.3.0 want: 8.5.23
2451 silly placeDep ROOT sharp@0.35.3 OK for: next@16.3.0 want: ^0.35.3
2452 silly placeDep ROOT styled-jsx@5.1.6 OK for: next@16.3.0 want: 5.1.6
2453 silly fetch manifest nanoid@^3.3.16
2454 silly packumentCache full:https://registry.npmjs.org/nanoid cache-miss
2455 silly fetch manifest source-map-js@^1.2.1
2456 silly packumentCache full:https://registry.npmjs.org/source-map-js cache-miss
2457 silly fetch manifest @img/colour@^1.1.0
2458 silly packumentCache full:https://registry.npmjs.org/@img%2fcolour cache-miss
2459 silly fetch manifest detect-libc@^2.1.2
2460 silly packumentCache full:https://registry.npmjs.org/detect-libc cache-miss
2461 silly fetch manifest semver@^7.8.5
2462 silly packumentCache full:https://registry.npmjs.org/semver cache-hit
2463 silly fetch manifest @img/sharp-darwin-arm64@0.35.3
2464 silly packumentCache full:https://registry.npmjs.org/@img%2fsharp-darwin-arm64 cache-miss
2465 silly fetch manifest @img/sharp-darwin-x64@0.35.3
2466 silly packumentCache full:https://registry.npmjs.org/@img%2fsharp-darwin-x64 cache-miss
2467 silly fetch manifest @img/sharp-freebsd-wasm32@0.35.3
2468 silly packumentCache full:https://registry.npmjs.org/@img%2fsharp-freebsd-wasm32 cache-miss
2469 silly fetch manifest @img/sharp-libvips-darwin-arm64@1.3.2
2470 silly packumentCache full:https://registry.npmjs.org/@img%2fsharp-libvips-darwin-arm64 cache-miss
2471 silly fetch manifest @img/sharp-libvips-darwin-x64@1.3.2
2472 silly packumentCache full:https://registry.npmjs.org/@img%2fsharp-libvips-darwin-x64 cache-miss
2473 silly fetch manifest @img/sharp-libvips-linux-arm@1.3.2
2474 silly packumentCache full:https://registry.npmjs.org/@img%2fsharp-libvips-linux-arm cache-miss
2475 silly fetch manifest @img/sharp-libvips-linux-arm64@1.3.2
2476 silly packumentCache full:https://registry.npmjs.org/@img%2fsharp-libvips-linux-arm64 cache-miss
2477 http fetch GET 200 https://registry.npmjs.org/detect-libc 30ms (cache miss)
2478 silly packumentCache full:https://registry.npmjs.org/detect-libc set size:undefined disposed:false
2479 silly fetch manifest @img/sharp-libvips-linux-ppc64@1.3.2
2480 silly packumentCache full:https://registry.npmjs.org/@img%2fsharp-libvips-linux-ppc64 cache-miss
2481 http fetch GET 200 https://registry.npmjs.org/source-map-js 38ms (cache miss)
2482 silly packumentCache full:https://registry.npmjs.org/source-map-js set size:undefined disposed:false
2483 silly fetch manifest @img/sharp-libvips-linux-riscv64@1.3.2
2484 silly packumentCache full:https://registry.npmjs.org/@img%2fsharp-libvips-linux-riscv64 cache-miss
2485 http fetch GET 200 https://registry.npmjs.org/@img%2fcolour 42ms (cache miss)
2486 silly packumentCache full:https://registry.npmjs.org/@img%2fcolour set size:undefined disposed:false
2487 silly fetch manifest @img/sharp-libvips-linux-s390x@1.3.2
2488 silly packumentCache full:https://registry.npmjs.org/@img%2fsharp-libvips-linux-s390x cache-miss
2489 http fetch GET 200 https://registry.npmjs.org/@img%2fsharp-libvips-darwin-x64 48ms (cache miss)
2490 silly packumentCache full:https://registry.npmjs.org/@img%2fsharp-libvips-darwin-x64 set size:undefined disposed:false
2491 silly fetch manifest @img/sharp-libvips-linux-x64@1.3.2
2492 silly packumentCache full:https://registry.npmjs.org/@img%2fsharp-libvips-linux-x64 cache-miss
2493 http fetch GET 200 https://registry.npmjs.org/nanoid 52ms (cache miss)
2494 silly packumentCache full:https://registry.npmjs.org/nanoid set size:undefined disposed:false
2495 silly fetch manifest @img/sharp-libvips-linuxmusl-arm64@1.3.2
2496 silly packumentCache full:https://registry.npmjs.org/@img%2fsharp-libvips-linuxmusl-arm64 cache-miss
2497 http fetch GET 200 https://registry.npmjs.org/@img%2fsharp-libvips-linux-arm64 52ms (cache miss)
2498 silly packumentCache full:https://registry.npmjs.org/@img%2fsharp-libvips-linux-arm64 set size:undefined disposed:false
2499 silly fetch manifest @img/sharp-libvips-linuxmusl-x64@1.3.2
2500 silly packumentCache full:https://registry.npmjs.org/@img%2fsharp-libvips-linuxmusl-x64 cache-miss
2501 http fetch GET 200 https://registry.npmjs.org/@img%2fsharp-darwin-arm64 57ms (cache miss)
2502 silly packumentCache full:https://registry.npmjs.org/@img%2fsharp-darwin-arm64 set size:undefined disposed:false
2503 silly fetch manifest @img/sharp-linux-arm@0.35.3
2504 silly packumentCache full:https://registry.npmjs.org/@img%2fsharp-linux-arm cache-miss
2505 http fetch GET 200 https://registry.npmjs.org/@img%2fsharp-darwin-x64 58ms (cache miss)
2506 silly packumentCache full:https://registry.npmjs.org/@img%2fsharp-darwin-x64 set size:undefined disposed:false
2507 silly fetch manifest @img/sharp-linux-arm64@0.35.3
2508 silly packumentCache full:https://registry.npmjs.org/@img%2fsharp-linux-arm64 cache-miss
2509 http fetch GET 200 https://registry.npmjs.org/@img%2fsharp-freebsd-wasm32 62ms (cache miss)
2510 silly packumentCache full:https://registry.npmjs.org/@img%2fsharp-freebsd-wasm32 set size:undefined disposed:false
2511 silly fetch manifest @img/sharp-linux-ppc64@0.35.3
2512 silly packumentCache full:https://registry.npmjs.org/@img%2fsharp-linux-ppc64 cache-miss
2513 http fetch GET 200 https://registry.npmjs.org/@img%2fsharp-libvips-darwin-arm64 63ms (cache miss)
2514 silly packumentCache full:https://registry.npmjs.org/@img%2fsharp-libvips-darwin-arm64 set size:undefined disposed:false
2515 silly fetch manifest @img/sharp-linux-riscv64@0.35.3
2516 silly packumentCache full:https://registry.npmjs.org/@img%2fsharp-linux-riscv64 cache-miss
2517 http fetch GET 200 https://registry.npmjs.org/@img%2fsharp-libvips-linux-arm 67ms (cache miss)
2518 silly packumentCache full:https://registry.npmjs.org/@img%2fsharp-libvips-linux-arm set size:undefined disposed:false
2519 silly fetch manifest @img/sharp-linux-s390x@0.35.3
2520 silly packumentCache full:https://registry.npmjs.org/@img%2fsharp-linux-s390x cache-miss
2521 http fetch GET 200 https://registry.npmjs.org/@img%2fsharp-libvips-linux-ppc64 41ms (cache miss)
2522 silly packumentCache full:https://registry.npmjs.org/@img%2fsharp-libvips-linux-ppc64 set size:undefined disposed:false
2523 silly fetch manifest @img/sharp-linux-x64@0.35.3
2524 silly packumentCache full:https://registry.npmjs.org/@img%2fsharp-linux-x64 cache-miss
2525 http fetch GET 200 https://registry.npmjs.org/@img%2fsharp-libvips-linux-riscv64 40ms (cache miss)
2526 silly packumentCache full:https://registry.npmjs.org/@img%2fsharp-libvips-linux-riscv64 set size:undefined disposed:false
2527 silly fetch manifest @img/sharp-linuxmusl-arm64@0.35.3
2528 silly packumentCache full:https://registry.npmjs.org/@img%2fsharp-linuxmusl-arm64 cache-miss
2529 http fetch GET 200 https://registry.npmjs.org/@img%2fsharp-libvips-linux-s390x 39ms (cache miss)
2530 silly packumentCache full:https://registry.npmjs.org/@img%2fsharp-libvips-linux-s390x set size:undefined disposed:false
2531 silly fetch manifest @img/sharp-linuxmusl-x64@0.35.3
2532 silly packumentCache full:https://registry.npmjs.org/@img%2fsharp-linuxmusl-x64 cache-miss
2533 http fetch GET 200 https://registry.npmjs.org/@img%2fsharp-libvips-linux-x64 44ms (cache miss)
2534 silly packumentCache full:https://registry.npmjs.org/@img%2fsharp-libvips-linux-x64 set size:undefined disposed:false
2535 silly fetch manifest @img/sharp-webcontainers-wasm32@0.35.3
2536 silly packumentCache full:https://registry.npmjs.org/@img%2fsharp-webcontainers-wasm32 cache-miss
2537 http fetch GET 200 https://registry.npmjs.org/@img%2fsharp-libvips-linuxmusl-arm64 43ms (cache miss)
2538 silly packumentCache full:https://registry.npmjs.org/@img%2fsharp-libvips-linuxmusl-arm64 set size:undefined disposed:false
2539 silly fetch manifest @img/sharp-win32-arm64@0.35.3
2540 silly packumentCache full:https://registry.npmjs.org/@img%2fsharp-win32-arm64 cache-miss
2541 http fetch GET 200 https://registry.npmjs.org/@img%2fsharp-linux-arm64 42ms (cache miss)
2542 silly packumentCache full:https://registry.npmjs.org/@img%2fsharp-linux-arm64 set size:undefined disposed:false
2543 silly fetch manifest @img/sharp-win32-ia32@0.35.3
2544 silly packumentCache full:https://registry.npmjs.org/@img%2fsharp-win32-ia32 cache-miss
2545 http fetch GET 200 https://registry.npmjs.org/@img%2fsharp-libvips-linuxmusl-x64 46ms (cache miss)
2546 silly packumentCache full:https://registry.npmjs.org/@img%2fsharp-libvips-linuxmusl-x64 set size:undefined disposed:false
2547 silly fetch manifest @img/sharp-win32-x64@0.35.3
2548 silly packumentCache full:https://registry.npmjs.org/@img%2fsharp-win32-x64 cache-miss
2549 http fetch GET 200 https://registry.npmjs.org/@img%2fsharp-linux-arm 53ms (cache miss)
2550 silly packumentCache full:https://registry.npmjs.org/@img%2fsharp-linux-arm set size:undefined disposed:false
2551 silly fetch manifest client-only@0.0.1
2552 silly packumentCache full:https://registry.npmjs.org/client-only cache-miss
2553 http fetch GET 200 https://registry.npmjs.org/@img%2fsharp-linux-ppc64 53ms (cache miss)
2554 silly packumentCache full:https://registry.npmjs.org/@img%2fsharp-linux-ppc64 set size:undefined disposed:false
2555 http fetch GET 200 https://registry.npmjs.org/@img%2fsharp-linux-riscv64 60ms (cache miss)
2556 silly packumentCache full:https://registry.npmjs.org/@img%2fsharp-linux-riscv64 set size:undefined disposed:false
2557 http fetch GET 200 https://registry.npmjs.org/@img%2fsharp-linuxmusl-x64 45ms (cache miss)
2558 silly packumentCache full:https://registry.npmjs.org/@img%2fsharp-linuxmusl-x64 set size:undefined disposed:false
2559 http fetch GET 200 https://registry.npmjs.org/@img%2fsharp-linux-s390x 59ms (cache miss)
2560 silly packumentCache full:https://registry.npmjs.org/@img%2fsharp-linux-s390x set size:undefined disposed:false
2561 http fetch GET 200 https://registry.npmjs.org/@img%2fsharp-win32-arm64 39ms (cache miss)
2562 silly packumentCache full:https://registry.npmjs.org/@img%2fsharp-win32-arm64 set size:undefined disposed:false
2563 http fetch GET 200 https://registry.npmjs.org/@img%2fsharp-win32-ia32 41ms (cache miss)
2564 silly packumentCache full:https://registry.npmjs.org/@img%2fsharp-win32-ia32 set size:undefined disposed:false
2565 http fetch GET 200 https://registry.npmjs.org/client-only 31ms (cache miss)
2566 silly packumentCache full:https://registry.npmjs.org/client-only set size:undefined disposed:false
2567 http fetch GET 200 https://registry.npmjs.org/@img%2fsharp-webcontainers-wasm32 50ms (cache miss)
2568 silly packumentCache full:https://registry.npmjs.org/@img%2fsharp-webcontainers-wasm32 set size:undefined disposed:false
2569 http fetch GET 200 https://registry.npmjs.org/@img%2fsharp-win32-x64 42ms (cache miss)
2570 silly packumentCache full:https://registry.npmjs.org/@img%2fsharp-win32-x64 set size:undefined disposed:false
2571 http fetch GET 200 https://registry.npmjs.org/@img%2fsharp-linux-x64 101ms (cache miss)
2572 silly packumentCache full:https://registry.npmjs.org/@img%2fsharp-linux-x64 set size:undefined disposed:false
2573 http fetch GET 200 https://registry.npmjs.org/@img%2fsharp-linuxmusl-arm64 201ms (cache miss)
2574 silly packumentCache full:https://registry.npmjs.org/@img%2fsharp-linuxmusl-arm64 set size:undefined disposed:false
2575 silly placeDep ROOT deep-is@0.1.4 OK for: optionator@0.9.4 want: ^0.1.3
2576 silly placeDep ROOT fast-levenshtein@2.0.6 OK for: optionator@0.9.4 want: ^2.0.6
2577 silly placeDep ROOT word-wrap@1.2.5 OK for: optionator@0.9.4 want: ^1.2.5
2578 silly placeDep ROOT p-limit@3.1.0 OK for: p-locate@5.0.0 want: ^3.0.2
2579 silly fetch manifest yocto-queue@^0.1.0
2580 silly packumentCache full:https://registry.npmjs.org/yocto-queue cache-miss
2581 http fetch GET 200 https://registry.npmjs.org/yocto-queue 26ms (cache miss)
2582 silly packumentCache full:https://registry.npmjs.org/yocto-queue set size:undefined disposed:false
2583 silly placeDep ROOT yocto-queue@0.1.0 OK for: p-limit@3.1.0 want: ^0.1.0
2584 silly placeDep ROOT callsites@3.1.0 OK for: parent-module@1.0.1 want: ^3.0.0
2585 silly placeDep ROOT entities@6.0.1 OK for: parse5@7.3.0 want: ^6.0.0
2586 silly placeDep ROOT nanoid@3.3.18 OK for: postcss@8.5.23 want: ^3.3.16
2587 silly placeDep ROOT source-map-js@1.2.1 OK for: postcss@8.5.23 want: ^1.2.1
2588 silly placeDep ROOT ansi-regex@5.0.1 OK for: pretty-format@27.5.1 want: ^5.0.1
2589 silly placeDep node_modules/pretty-format ansi-styles@5.2.0 OK for: pretty-format@27.5.1 want: ^5.0.0
2590 silly placeDep ROOT react-is@17.0.2 OK for: pretty-format@27.5.1 want: ^17.0.1
2591 silly placeDep ROOT loose-envify@1.4.0 OK for: prop-types@15.8.1 want: ^1.4.0
2592 silly placeDep ROOT object-assign@4.1.1 OK for: prop-types@15.8.1 want: ^4.1.1
2593 silly placeDep node_modules/prop-types react-is@16.13.1 OK for: prop-types@15.8.1 want: ^16.13.1
2594 silly placeDep ROOT scheduler@0.27.0 OK for: react-dom@19.2.8 want: ^0.27.0
2595 silly placeDep ROOT indent-string@4.0.0 OK for: redent@3.0.0 want: ^4.0.0
2596 silly placeDep ROOT strip-indent@3.0.0 OK for: redent@3.0.0 want: ^3.0.0
2597 silly fetch manifest min-indent@^1.0.0
2598 silly packumentCache full:https://registry.npmjs.org/min-indent cache-miss
2599 http fetch GET 200 https://registry.npmjs.org/min-indent 32ms (cache miss)
2600 silly packumentCache full:https://registry.npmjs.org/min-indent set size:undefined disposed:false
2601 silly placeDep ROOT node-exports-info@1.6.2 OK for: resolve@2.0.0-next.7 want: ^1.6.0
2602 silly placeDep ROOT path-parse@1.0.7 OK for: resolve@2.0.0-next.7 want: ^1.0.7
2603 silly placeDep ROOT supports-preserve-symlinks-flag@1.0.0 OK for: resolve@2.0.0-next.7 want: ^1.0.0
2604 silly placeDep ROOT queue-microtask@1.2.3 OK for: run-parallel@1.2.0 want: ^1.2.2
2605 silly placeDep ROOT isarray@2.0.5 OK for: safe-array-concat@1.1.4 want: ^2.0.5
2606 silly placeDep ROOT xmlchars@2.2.0 OK for: saxes@6.0.0 want: ^2.2.0
2607 silly placeDep ROOT @img/colour@1.1.0 OK for: sharp@0.35.3 want: ^1.1.0
2608 silly placeDep ROOT @img/sharp-darwin-arm64@0.35.3 OK for: sharp@0.35.3 want: 0.35.3
2609 silly placeDep ROOT @img/sharp-darwin-x64@0.35.3 OK for: sharp@0.35.3 want: 0.35.3
2610 silly placeDep ROOT @img/sharp-freebsd-wasm32@0.35.3 OK for: sharp@0.35.3 want: 0.35.3
2611 silly placeDep ROOT @img/sharp-libvips-darwin-arm64@1.3.2 OK for: sharp@0.35.3 want: 1.3.2
2612 silly placeDep ROOT @img/sharp-libvips-darwin-x64@1.3.2 OK for: sharp@0.35.3 want: 1.3.2
2613 silly placeDep ROOT @img/sharp-libvips-linux-arm@1.3.2 OK for: sharp@0.35.3 want: 1.3.2
2614 silly placeDep ROOT @img/sharp-libvips-linux-arm64@1.3.2 OK for: sharp@0.35.3 want: 1.3.2
2615 silly placeDep ROOT @img/sharp-libvips-linux-ppc64@1.3.2 OK for: sharp@0.35.3 want: 1.3.2
2616 silly placeDep ROOT @img/sharp-libvips-linux-riscv64@1.3.2 OK for: sharp@0.35.3 want: 1.3.2
2617 silly placeDep ROOT @img/sharp-libvips-linux-s390x@1.3.2 OK for: sharp@0.35.3 want: 1.3.2
2618 silly placeDep ROOT @img/sharp-libvips-linux-x64@1.3.2 OK for: sharp@0.35.3 want: 1.3.2
2619 silly placeDep ROOT @img/sharp-libvips-linuxmusl-arm64@1.3.2 OK for: sharp@0.35.3 want: 1.3.2
2620 silly placeDep ROOT @img/sharp-libvips-linuxmusl-x64@1.3.2 OK for: sharp@0.35.3 want: 1.3.2
2621 silly placeDep ROOT @img/sharp-linux-arm@0.35.3 OK for: sharp@0.35.3 want: 0.35.3
2622 silly placeDep ROOT @img/sharp-linux-arm64@0.35.3 OK for: sharp@0.35.3 want: 0.35.3
2623 silly placeDep ROOT @img/sharp-linux-ppc64@0.35.3 OK for: sharp@0.35.3 want: 0.35.3
2624 silly placeDep ROOT @img/sharp-linux-riscv64@0.35.3 OK for: sharp@0.35.3 want: 0.35.3
2625 silly placeDep ROOT @img/sharp-linux-s390x@0.35.3 OK for: sharp@0.35.3 want: 0.35.3
2626 silly placeDep ROOT @img/sharp-linux-x64@0.35.3 OK for: sharp@0.35.3 want: 0.35.3
2627 silly placeDep ROOT @img/sharp-linuxmusl-arm64@0.35.3 OK for: sharp@0.35.3 want: 0.35.3
2628 silly placeDep ROOT @img/sharp-linuxmusl-x64@0.35.3 OK for: sharp@0.35.3 want: 0.35.3
2629 silly placeDep ROOT @img/sharp-webcontainers-wasm32@0.35.3 OK for: sharp@0.35.3 want: 0.35.3
2630 silly placeDep ROOT @img/sharp-win32-arm64@0.35.3 OK for: sharp@0.35.3 want: 0.35.3
2631 silly placeDep ROOT @img/sharp-win32-ia32@0.35.3 OK for: sharp@0.35.3 want: 0.35.3
2632 silly placeDep ROOT @img/sharp-win32-x64@0.35.3 OK for: sharp@0.35.3 want: 0.35.3
2633 silly placeDep ROOT detect-libc@2.1.2 OK for: sharp@0.35.3 want: ^2.1.2
2634 silly placeDep node_modules/sharp semver@7.8.5 OK for: sharp@0.35.3 want: ^7.8.5
2635 silly fetch manifest @img/sharp-wasm32@0.35.3
2636 silly packumentCache full:https://registry.npmjs.org/@img%2fsharp-wasm32 cache-miss
2637 silly fetch manifest @img/sharp-wasm32@0.35.3
2638 silly packumentCache full:https://registry.npmjs.org/@img%2fsharp-wasm32 cache-miss
2639 http fetch GET 200 https://registry.npmjs.org/@img%2fsharp-wasm32 33ms (cache miss)
2640 silly packumentCache full:https://registry.npmjs.org/@img%2fsharp-wasm32 set size:undefined disposed:false
2641 http fetch GET 200 https://registry.npmjs.org/@img%2fsharp-wasm32 40ms (cache miss)
2642 silly packumentCache full:https://registry.npmjs.org/@img%2fsharp-wasm32 set size:undefined disposed:false
2643 silly placeDep ROOT @img/sharp-wasm32@0.35.3 OK for: @img/sharp-freebsd-wasm32@0.35.3 want: 0.35.3
2644 silly fetch manifest @emnapi/runtime@^1.11.1
2645 silly packumentCache full:https://registry.npmjs.org/@emnapi%2fruntime cache-miss
2646 http fetch GET 200 https://registry.npmjs.org/@emnapi%2fruntime 30ms (cache miss)
2647 silly packumentCache full:https://registry.npmjs.org/@emnapi%2fruntime set size:undefined disposed:false
2648 silly placeDep ROOT @emnapi/runtime@1.11.3 OK for: @img/sharp-wasm32@0.35.3 want: ^1.11.1
2649 silly placeDep ROOT shebang-regex@3.0.0 OK for: shebang-command@2.0.0 want: ^3.0.0
2650 silly placeDep ROOT side-channel-list@1.0.1 OK for: side-channel@1.1.1 want: ^1.0.1
2651 silly placeDep ROOT side-channel-map@1.0.1 OK for: side-channel@1.1.1 want: ^1.0.1
2652 silly placeDep ROOT side-channel-weakmap@1.0.2 OK for: side-channel@1.1.1 want: ^1.0.2
2653 silly placeDep ROOT min-indent@1.0.1 OK for: strip-indent@3.0.0 want: ^1.0.0
2654 silly placeDep ROOT client-only@0.0.1 OK for: styled-jsx@5.1.6 want: 0.0.1
2655 silly placeDep ROOT has-flag@4.0.0 OK for: supports-color@7.2.0 want: ^4.0.0
2656 silly placeDep node_modules/tinyglobby fdir@6.5.0 OK for: tinyglobby@0.2.17 want: ^6.5.0
2657 silly placeDep node_modules/tinyglobby picomatch@4.0.5 OK for: fdir@6.5.0 want: ^3 || ^4
2658 silly placeDep ROOT is-number@7.0.0 OK for: to-regex-range@5.0.1 want: ^7.0.0
2659 silly placeDep ROOT tldts@6.1.86 OK for: tough-cookie@5.1.2 want: ^6.1.32
2660 silly fetch manifest tldts-core@^6.1.86
2661 silly packumentCache full:https://registry.npmjs.org/tldts-core cache-miss
2662 http fetch GET 200 https://registry.npmjs.org/tldts-core 70ms (cache miss)
2663 silly packumentCache full:https://registry.npmjs.org/tldts-core set size:undefined disposed:false
2664 silly placeDep ROOT tldts-core@6.1.86 OK for: tldts@6.1.86 want: ^6.1.86
2665 silly placeDep ROOT @types/json5@0.0.29 OK for: tsconfig-paths@3.15.0 want: ^0.0.29
2666 silly placeDep node_modules/tsconfig-paths json5@1.0.2 OK for: tsconfig-paths@3.15.0 want: ^1.0.2
2667 silly placeDep ROOT minimist@1.2.8 OK for: tsconfig-paths@3.15.0 want: ^1.2.6
2668 silly placeDep ROOT strip-bom@3.0.0 OK for: tsconfig-paths@3.15.0 want: ^3.0.0
2669 silly fetch manifest minimist@^1.2.0
2670 silly packumentCache full:https://registry.npmjs.org/minimist cache-miss
2671 http cache https://registry.npmjs.org/minimist 15ms (cache hit)
2672 silly packumentCache full:https://registry.npmjs.org/minimist set size:77063 disposed:false
2673 silly placeDep ROOT for-each@0.3.5 OK for: typed-array-byte-length@1.0.3 want: ^0.3.3
2674 silly placeDep ROOT reflect.getprototypeof@1.0.10 OK for: typed-array-byte-offset@1.0.4 want: ^1.0.9
2675 silly fetch manifest which-builtin-type@^1.2.1
2676 silly packumentCache full:https://registry.npmjs.org/which-builtin-type cache-miss
2677 http fetch GET 200 https://registry.npmjs.org/which-builtin-type 22ms (cache miss)
2678 silly packumentCache full:https://registry.npmjs.org/which-builtin-type set size:undefined disposed:false
2679 silly placeDep ROOT which-builtin-type@1.2.1 OK for: reflect.getprototypeof@1.0.10 want: ^1.2.1
2680 silly fetch manifest is-async-function@^2.0.0
2681 silly packumentCache full:https://registry.npmjs.org/is-async-function cache-miss
2682 silly fetch manifest is-finalizationregistry@^1.1.0
2683 silly packumentCache full:https://registry.npmjs.org/is-finalizationregistry cache-miss
2684 silly fetch manifest is-generator-function@^1.0.10
2685 silly packumentCache full:https://registry.npmjs.org/is-generator-function cache-miss
2686 silly fetch manifest which-boxed-primitive@^1.1.0
2687 silly packumentCache full:https://registry.npmjs.org/which-boxed-primitive cache-miss
2688 silly fetch manifest which-collection@^1.0.2
2689 silly packumentCache full:https://registry.npmjs.org/which-collection cache-miss
2690 http cache https://registry.npmjs.org/which-boxed-primitive 9ms (cache hit)
2691 silly packumentCache full:https://registry.npmjs.org/which-boxed-primitive set size:19407 disposed:false
2692 http fetch GET 200 https://registry.npmjs.org/is-finalizationregistry 27ms (cache miss)
2693 silly packumentCache full:https://registry.npmjs.org/is-finalizationregistry set size:undefined disposed:false
2694 http fetch GET 200 https://registry.npmjs.org/is-async-function 28ms (cache miss)
2695 silly packumentCache full:https://registry.npmjs.org/is-async-function set size:undefined disposed:false
2696 http fetch GET 200 https://registry.npmjs.org/is-generator-function 31ms (cache miss)
2697 silly packumentCache full:https://registry.npmjs.org/is-generator-function set size:undefined disposed:false
2698 http fetch GET 200 https://registry.npmjs.org/which-collection 31ms (cache miss)
2699 silly packumentCache full:https://registry.npmjs.org/which-collection set size:undefined disposed:false
2700 silly fetch manifest eslint@^8.57.0 || ^9.0.0 || ^10.0.0
2701 silly packumentCache full:https://registry.npmjs.org/eslint cache-miss
2702 http cache https://registry.npmjs.org/eslint 9ms (cache hit)
2703 silly packumentCache full:https://registry.npmjs.org/eslint set size:2048190 disposed:false
2704 silly placeDep ROOT @typescript-eslint/eslint-plugin@8.67.0 OK for: typescript-eslint@8.67.0 want: 8.67.0
2705 silly placeDep ROOT @typescript-eslint/parser@8.67.0 OK for: @typescript-eslint/eslint-plugin@8.67.0 want: ^8.67.0
2706 silly placeDep ROOT @typescript-eslint/typescript-estree@8.67.0 OK for: typescript-eslint@8.67.0 want: 8.67.0
2707 silly placeDep ROOT @typescript-eslint/utils@8.67.0 OK for: typescript-eslint@8.67.0 want: 8.67.0
2708 silly fetch manifest ignore@^7.0.5
2709 silly packumentCache full:https://registry.npmjs.org/ignore cache-miss
2710 silly fetch manifest ts-api-utils@^2.5.0
2711 silly packumentCache full:https://registry.npmjs.org/ts-api-utils cache-miss
2712 silly fetch manifest @typescript-eslint/type-utils@8.67.0
2713 silly packumentCache full:https://registry.npmjs.org/@typescript-eslint%2ftype-utils cache-miss
2714 silly fetch manifest @typescript-eslint/visitor-keys@8.67.0
2715 silly packumentCache full:https://registry.npmjs.org/@typescript-eslint%2fvisitor-keys cache-miss
2716 silly fetch manifest @typescript-eslint/scope-manager@8.67.0
2717 silly packumentCache full:https://registry.npmjs.org/@typescript-eslint%2fscope-manager cache-miss
2718 silly fetch manifest @typescript-eslint/types@8.67.0
2719 silly packumentCache full:https://registry.npmjs.org/@typescript-eslint%2ftypes cache-miss
2720 silly fetch manifest @typescript-eslint/visitor-keys@8.67.0
2721 silly packumentCache full:https://registry.npmjs.org/@typescript-eslint%2fvisitor-keys cache-miss
2722 silly fetch manifest @typescript-eslint/scope-manager@8.67.0
2723 silly packumentCache full:https://registry.npmjs.org/@typescript-eslint%2fscope-manager cache-miss
2724 silly fetch manifest semver@^7.7.3
2725 silly packumentCache full:https://registry.npmjs.org/semver cache-hit
2726 silly fetch manifest minimatch@^10.2.2
2727 silly packumentCache full:https://registry.npmjs.org/minimatch cache-miss
2728 silly fetch manifest ts-api-utils@^2.5.0
2729 silly packumentCache full:https://registry.npmjs.org/ts-api-utils cache-miss
2730 silly fetch manifest @typescript-eslint/types@8.67.0
2731 silly packumentCache full:https://registry.npmjs.org/@typescript-eslint%2ftypes cache-miss
2732 http cache https://registry.npmjs.org/minimatch 11ms (cache hit)
2733 silly packumentCache full:https://registry.npmjs.org/minimatch set size:377924 disposed:false
2734 silly fetch manifest @typescript-eslint/visitor-keys@8.67.0
2735 silly packumentCache full:https://registry.npmjs.org/@typescript-eslint%2fvisitor-keys cache-miss
2736 http cache https://registry.npmjs.org/ignore 20ms (cache hit)
2737 silly packumentCache full:https://registry.npmjs.org/ignore set size:240910 disposed:false
2738 silly fetch manifest @typescript-eslint/tsconfig-utils@8.67.0
2739 silly packumentCache full:https://registry.npmjs.org/@typescript-eslint%2ftsconfig-utils cache-miss
2740 http fetch GET 200 https://registry.npmjs.org/ts-api-utils 29ms (cache miss)
2741 silly packumentCache full:https://registry.npmjs.org/ts-api-utils set size:undefined disposed:false
2742 silly fetch manifest @typescript-eslint/project-service@8.67.0
2743 silly packumentCache full:https://registry.npmjs.org/@typescript-eslint%2fproject-service cache-miss
2744 http fetch GET 200 https://registry.npmjs.org/ts-api-utils 30ms (cache miss)
2745 silly packumentCache full:https://registry.npmjs.org/ts-api-utils set size:undefined disposed:false
2746 silly fetch manifest @typescript-eslint/types@8.67.0
2747 silly packumentCache full:https://registry.npmjs.org/@typescript-eslint%2ftypes cache-miss
2748 http fetch GET 200 https://registry.npmjs.org/@typescript-eslint%2ftsconfig-utils 74ms (cache miss)
2749 silly packumentCache full:https://registry.npmjs.org/@typescript-eslint%2ftsconfig-utils set size:undefined disposed:false
2750 silly fetch manifest @typescript-eslint/scope-manager@8.67.0
2751 silly packumentCache full:https://registry.npmjs.org/@typescript-eslint%2fscope-manager cache-miss
2752 http fetch GET 200 https://registry.npmjs.org/@typescript-eslint%2fproject-service 382ms (cache miss)
2753 silly packumentCache full:https://registry.npmjs.org/@typescript-eslint%2fproject-service set size:undefined disposed:false
2754 http fetch GET 200 https://registry.npmjs.org/@typescript-eslint%2fvisitor-keys 619ms (cache miss)
2755 silly packumentCache full:https://registry.npmjs.org/@typescript-eslint%2fvisitor-keys set size:undefined disposed:false
2756 http fetch GET 200 https://registry.npmjs.org/@typescript-eslint%2ftypes 706ms (cache miss)
2757 silly packumentCache full:https://registry.npmjs.org/@typescript-eslint%2ftypes set size:undefined disposed:false
2758 http fetch GET 200 https://registry.npmjs.org/@typescript-eslint%2ftype-utils 773ms (cache miss)
2759 silly packumentCache full:https://registry.npmjs.org/@typescript-eslint%2ftype-utils set size:undefined disposed:false
2760 http fetch GET 200 https://registry.npmjs.org/@typescript-eslint%2fvisitor-keys 829ms (cache miss)
2761 silly packumentCache full:https://registry.npmjs.org/@typescript-eslint%2fvisitor-keys set size:undefined disposed:false
2762 http fetch GET 200 https://registry.npmjs.org/@typescript-eslint%2ftypes 891ms (cache miss)
2763 silly packumentCache full:https://registry.npmjs.org/@typescript-eslint%2ftypes set size:undefined disposed:false
2764 http fetch GET 200 https://registry.npmjs.org/@typescript-eslint%2fvisitor-keys 983ms (cache miss)
2765 silly packumentCache full:https://registry.npmjs.org/@typescript-eslint%2fvisitor-keys set size:undefined disposed:false
2766 http fetch GET 200 https://registry.npmjs.org/@typescript-eslint%2ftypes 1007ms (cache miss)
2767 silly packumentCache full:https://registry.npmjs.org/@typescript-eslint%2ftypes set size:undefined disposed:false
2768 http fetch GET 200 https://registry.npmjs.org/@typescript-eslint%2fscope-manager 1144ms (cache miss)
2769 silly packumentCache full:https://registry.npmjs.org/@typescript-eslint%2fscope-manager set size:undefined disposed:false
2770 http fetch GET 200 https://registry.npmjs.org/@typescript-eslint%2fscope-manager 1103ms (cache miss)
2771 silly packumentCache full:https://registry.npmjs.org/@typescript-eslint%2fscope-manager set size:undefined disposed:false
2772 http fetch GET 200 https://registry.npmjs.org/@typescript-eslint%2fscope-manager 1250ms (cache miss)
2773 silly packumentCache full:https://registry.npmjs.org/@typescript-eslint%2fscope-manager set size:undefined disposed:false
2774 silly placeDep ROOT @typescript-eslint/scope-manager@8.67.0 OK for: @typescript-eslint/eslint-plugin@8.67.0 want: 8.67.0
2775 silly placeDep ROOT @typescript-eslint/type-utils@8.67.0 OK for: @typescript-eslint/eslint-plugin@8.67.0 want: 8.67.0
2776 silly placeDep ROOT @typescript-eslint/visitor-keys@8.67.0 OK for: @typescript-eslint/eslint-plugin@8.67.0 want: 8.67.0
2777 silly placeDep node_modules/@typescript-eslint/eslint-plugin ignore@7.0.6 OK for: @typescript-eslint/eslint-plugin@8.67.0 want: ^7.0.5
2778 silly placeDep ROOT ts-api-utils@2.5.0 OK for: @typescript-eslint/eslint-plugin@8.67.0 want: ^2.5.0
2779 silly fetch manifest eslint-visitor-keys@^5.0.0
2780 silly packumentCache full:https://registry.npmjs.org/eslint-visitor-keys cache-hit
2781 silly placeDep ROOT @typescript-eslint/types@8.67.0 OK for: @typescript-eslint/parser@8.67.0 want: 8.67.0
2782 silly placeDep ROOT @typescript-eslint/project-service@8.67.0 OK for: @typescript-eslint/typescript-estree@8.67.0 want: 8.67.0
2783 silly placeDep ROOT @typescript-eslint/tsconfig-utils@8.67.0 OK for: @typescript-eslint/typescript-estree@8.67.0 want: 8.67.0
2784 silly placeDep node_modules/@typescript-eslint/typescript-estree minimatch@10.2.6 OK for: @typescript-eslint/typescript-estree@8.67.0 want: ^10.2.2
2785 silly placeDep node_modules/@typescript-eslint/typescript-estree semver@7.8.5 OK for: @typescript-eslint/typescript-estree@8.67.0 want: ^7.7.3
2786 silly fetch manifest @typescript-eslint/tsconfig-utils@^8.67.0
2787 silly packumentCache full:https://registry.npmjs.org/@typescript-eslint%2ftsconfig-utils cache-miss
2788 silly fetch manifest brace-expansion@^5.0.8
2789 silly packumentCache full:https://registry.npmjs.org/brace-expansion cache-miss
2790 http cache https://registry.npmjs.org/brace-expansion 8ms (cache hit)
2791 silly packumentCache full:https://registry.npmjs.org/brace-expansion set size:101024 disposed:false
2792 http cache https://registry.npmjs.org/@typescript-eslint%2ftsconfig-utils 11ms (cache hit)
2793 silly packumentCache full:https://registry.npmjs.org/@typescript-eslint%2ftsconfig-utils set size:1686693 disposed:false
2794 silly placeDep node_modules/@typescript-eslint/visitor-keys eslint-visitor-keys@5.0.1 OK for: @typescript-eslint/visitor-keys@8.67.0 want: ^5.0.0
2795 silly placeDep ROOT has-bigints@1.1.0 OK for: unbox-primitive@1.1.0 want: ^1.0.2
2796 silly placeDep ROOT which-boxed-primitive@1.1.1 OK for: unbox-primitive@1.1.0 want: ^1.1.1
2797 silly fetch manifest is-bigint@^1.1.0
2798 silly packumentCache full:https://registry.npmjs.org/is-bigint cache-miss
2799 silly fetch manifest is-boolean-object@^1.2.1
2800 silly packumentCache full:https://registry.npmjs.org/is-boolean-object cache-miss
2801 silly fetch manifest is-number-object@^1.1.1
2802 silly packumentCache full:https://registry.npmjs.org/is-number-object cache-miss
2803 http fetch GET 200 https://registry.npmjs.org/is-boolean-object 24ms (cache miss)
2804 silly packumentCache full:https://registry.npmjs.org/is-boolean-object set size:undefined disposed:false
2805 http fetch GET 200 https://registry.npmjs.org/is-bigint 25ms (cache miss)
2806 silly packumentCache full:https://registry.npmjs.org/is-bigint set size:undefined disposed:false
2807 http fetch GET 200 https://registry.npmjs.org/is-number-object 26ms (cache miss)
2808 silly packumentCache full:https://registry.npmjs.org/is-number-object set size:undefined disposed:false
2809 silly placeDep ROOT @unrs/resolver-binding-android-arm-eabi@1.12.2 OK for: unrs-resolver@1.12.2 want: 1.12.2
2810 silly placeDep ROOT @unrs/resolver-binding-android-arm64@1.12.2 OK for: unrs-resolver@1.12.2 want: 1.12.2
2811 silly placeDep ROOT @unrs/resolver-binding-darwin-arm64@1.12.2 OK for: unrs-resolver@1.12.2 want: 1.12.2
2812 silly placeDep ROOT @unrs/resolver-binding-darwin-x64@1.12.2 OK for: unrs-resolver@1.12.2 want: 1.12.2
2813 silly placeDep ROOT @unrs/resolver-binding-freebsd-x64@1.12.2 OK for: unrs-resolver@1.12.2 want: 1.12.2
2814 silly placeDep ROOT @unrs/resolver-binding-linux-arm-gnueabihf@1.12.2 OK for: unrs-resolver@1.12.2 want: 1.12.2
2815 silly placeDep ROOT @unrs/resolver-binding-linux-arm-musleabihf@1.12.2 OK for: unrs-resolver@1.12.2 want: 1.12.2
2816 silly placeDep ROOT @unrs/resolver-binding-linux-arm64-gnu@1.12.2 OK for: unrs-resolver@1.12.2 want: 1.12.2
2817 silly placeDep ROOT @unrs/resolver-binding-linux-arm64-musl@1.12.2 OK for: unrs-resolver@1.12.2 want: 1.12.2
2818 silly placeDep ROOT @unrs/resolver-binding-linux-loong64-gnu@1.12.2 OK for: unrs-resolver@1.12.2 want: 1.12.2
2819 silly placeDep ROOT @unrs/resolver-binding-linux-loong64-musl@1.12.2 OK for: unrs-resolver@1.12.2 want: 1.12.2
2820 silly placeDep ROOT @unrs/resolver-binding-linux-ppc64-gnu@1.12.2 OK for: unrs-resolver@1.12.2 want: 1.12.2
2821 silly placeDep ROOT @unrs/resolver-binding-linux-riscv64-gnu@1.12.2 OK for: unrs-resolver@1.12.2 want: 1.12.2
2822 silly placeDep ROOT @unrs/resolver-binding-linux-riscv64-musl@1.12.2 OK for: unrs-resolver@1.12.2 want: 1.12.2
2823 silly placeDep ROOT @unrs/resolver-binding-linux-s390x-gnu@1.12.2 OK for: unrs-resolver@1.12.2 want: 1.12.2
2824 silly placeDep ROOT @unrs/resolver-binding-linux-x64-gnu@1.12.2 OK for: unrs-resolver@1.12.2 want: 1.12.2
2825 silly placeDep ROOT @unrs/resolver-binding-linux-x64-musl@1.12.2 OK for: unrs-resolver@1.12.2 want: 1.12.2
2826 silly placeDep ROOT @unrs/resolver-binding-openharmony-arm64@1.12.2 OK for: unrs-resolver@1.12.2 want: 1.12.2
2827 silly placeDep ROOT @unrs/resolver-binding-wasm32-wasi@1.12.2 OK for: unrs-resolver@1.12.2 want: 1.12.2
2828 silly placeDep ROOT @unrs/resolver-binding-win32-arm64-msvc@1.12.2 OK for: unrs-resolver@1.12.2 want: 1.12.2
2829 silly placeDep ROOT @unrs/resolver-binding-win32-ia32-msvc@1.12.2 OK for: unrs-resolver@1.12.2 want: 1.12.2
2830 silly placeDep ROOT @unrs/resolver-binding-win32-x64-msvc@1.12.2 OK for: unrs-resolver@1.12.2 want: 1.12.2
2831 silly placeDep ROOT napi-postinstall@0.3.4 OK for: unrs-resolver@1.12.2 want: ^0.3.4
2832 silly fetch manifest @napi-rs/wasm-runtime@^1.1.4
2833 silly packumentCache full:https://registry.npmjs.org/@napi-rs%2fwasm-runtime cache-miss
2834 silly fetch manifest @emnapi/core@1.10.0
2835 silly packumentCache full:https://registry.npmjs.org/@emnapi%2fcore cache-miss
2836 silly fetch manifest @emnapi/runtime@1.10.0
2837 silly packumentCache full:https://registry.npmjs.org/@emnapi%2fruntime cache-miss
2838 http cache https://registry.npmjs.org/@emnapi%2fruntime 5ms (cache hit)
2839 silly packumentCache full:https://registry.npmjs.org/@emnapi%2fruntime set size:125040 disposed:false
2840 http fetch GET 200 https://registry.npmjs.org/@napi-rs%2fwasm-runtime 36ms (cache miss)
2841 silly packumentCache full:https://registry.npmjs.org/@napi-rs%2fwasm-runtime set size:undefined disposed:false
2842 http fetch GET 200 https://registry.npmjs.org/@emnapi%2fcore 40ms (cache miss)
2843 silly packumentCache full:https://registry.npmjs.org/@emnapi%2fcore set size:undefined disposed:false
2844 silly placeDep ROOT @emnapi/core@1.10.0 OK for: @unrs/resolver-binding-wasm32-wasi@1.12.2 want: 1.10.0
2845 silly placeDep node_modules/@unrs/resolver-binding-wasm32-wasi @emnapi/runtime@1.10.0 OK for: @unrs/resolver-binding-wasm32-wasi@1.12.2 want: 1.10.0
2846 silly placeDep ROOT @napi-rs/wasm-runtime@1.2.3 OK for: @unrs/resolver-binding-wasm32-wasi@1.12.2 want: ^1.1.4
2847 silly fetch manifest @emnapi/wasi-threads@1.2.1
2848 silly packumentCache full:https://registry.npmjs.org/@emnapi%2fwasi-threads cache-miss
2849 silly fetch manifest @tybys/wasm-util@^0.10.3
2850 silly packumentCache full:https://registry.npmjs.org/@tybys%2fwasm-util cache-miss
2851 http fetch GET 200 https://registry.npmjs.org/@tybys%2fwasm-util 32ms (cache miss)
2852 silly packumentCache full:https://registry.npmjs.org/@tybys%2fwasm-util set size:undefined disposed:false
2853 http fetch GET 200 https://registry.npmjs.org/@emnapi%2fwasi-threads 36ms (cache miss)
2854 silly packumentCache full:https://registry.npmjs.org/@emnapi%2fwasi-threads set size:undefined disposed:false
2855 silly placeDep ROOT @emnapi/wasi-threads@1.2.1 OK for: @emnapi/core@1.10.0 want: 1.2.1
2856 silly placeDep ROOT @tybys/wasm-util@0.10.3 OK for: @napi-rs/wasm-runtime@1.2.3 want: ^0.10.3
2857 silly placeDep ROOT escalade@3.2.0 OK for: update-browserslist-db@1.3.1 want: ^3.2.0
2858 silly placeDep ROOT punycode@2.3.1 OK for: uri-js@4.4.1 want: ^2.1.0
2859 silly fetch manifest @types/node@^18.0.0 || >=20.0.0
2860 silly packumentCache full:https://registry.npmjs.org/@types%2fnode cache-miss
2861 http cache https://registry.npmjs.org/@types%2fnode 26ms (cache hit)
2862 silly packumentCache full:https://registry.npmjs.org/@types%2fnode set size:11088606 disposed:false
2863 silly fetch manifest less@*
2864 silly packumentCache full:https://registry.npmjs.org/less cache-miss
2865 http fetch GET 200 https://registry.npmjs.org/less 38ms (cache miss)
2866 silly packumentCache full:https://registry.npmjs.org/less set size:undefined disposed:false
2867 silly fetch manifest lightningcss@^1.21.0
2868 silly packumentCache full:https://registry.npmjs.org/lightningcss cache-miss
2869 http fetch GET 200 https://registry.npmjs.org/lightningcss 31ms (cache miss)
2870 silly packumentCache full:https://registry.npmjs.org/lightningcss set size:undefined disposed:false
2871 silly fetch manifest sass@*
2872 silly packumentCache full:https://registry.npmjs.org/sass cache-miss
2873 http cache https://registry.npmjs.org/sass 9ms (cache hit)
2874 silly packumentCache full:https://registry.npmjs.org/sass set size:743214 disposed:false
2875 silly fetch manifest sass-embedded@*
2876 silly packumentCache full:https://registry.npmjs.org/sass-embedded cache-miss
2877 http fetch GET 200 https://registry.npmjs.org/sass-embedded 39ms (cache miss)
2878 silly packumentCache full:https://registry.npmjs.org/sass-embedded set size:undefined disposed:false
2879 silly fetch manifest stylus@*
2880 silly packumentCache full:https://registry.npmjs.org/stylus cache-miss
2881 http fetch GET 200 https://registry.npmjs.org/stylus 31ms (cache miss)
2882 silly packumentCache full:https://registry.npmjs.org/stylus set size:undefined disposed:false
2883 silly fetch manifest sugarss@*
2884 silly packumentCache full:https://registry.npmjs.org/sugarss cache-miss
2885 http fetch GET 200 https://registry.npmjs.org/sugarss 25ms (cache miss)
2886 silly packumentCache full:https://registry.npmjs.org/sugarss set size:undefined disposed:false
2887 silly fetch manifest postcss@^8.3.3
2888 silly packumentCache full:https://registry.npmjs.org/postcss cache-miss
2889 http cache https://registry.npmjs.org/postcss 6ms (cache hit)
2890 silly packumentCache full:https://registry.npmjs.org/postcss set size:760024 disposed:false
2891 silly fetch manifest terser@^5.4.0
2892 silly packumentCache full:https://registry.npmjs.org/terser cache-miss
2893 http fetch GET 200 https://registry.npmjs.org/terser 37ms (cache miss)
2894 silly packumentCache full:https://registry.npmjs.org/terser set size:undefined disposed:false
2895 silly fetch manifest msw@^2.4.9
2896 silly packumentCache full:https://registry.npmjs.org/msw cache-miss
2897 http fetch GET 200 https://registry.npmjs.org/msw 56ms (cache miss)
2898 silly packumentCache full:https://registry.npmjs.org/msw set size:undefined disposed:false
2899 silly fetch manifest typescript@>= 4.8.x
2900 silly packumentCache full:https://registry.npmjs.org/typescript cache-miss
2901 http cache https://registry.npmjs.org/typescript 29ms (cache hit)
2902 silly packumentCache full:https://registry.npmjs.org/typescript set size:15547442 disposed:false
2903 silly placeDep ROOT @vitest/expect@2.1.9 OK for: vitest@2.1.9 want: 2.1.9
2904 silly placeDep ROOT @vitest/mocker@2.1.9 OK for: vitest@2.1.9 want: 2.1.9
2905 silly placeDep ROOT @vitest/pretty-format@2.1.9 OK for: vitest@2.1.9 want: ^2.1.9
2906 silly placeDep ROOT @vitest/runner@2.1.9 OK for: vitest@2.1.9 want: 2.1.9
2907 silly placeDep ROOT @vitest/snapshot@2.1.9 OK for: vitest@2.1.9 want: 2.1.9
2908 silly placeDep ROOT @vitest/spy@2.1.9 OK for: vitest@2.1.9 want: 2.1.9
2909 silly placeDep ROOT @vitest/utils@2.1.9 OK for: vitest@2.1.9 want: 2.1.9
2910 silly placeDep ROOT chai@5.3.3 OK for: vitest@2.1.9 want: ^5.1.2
2911 silly placeDep ROOT expect-type@1.4.0 OK for: vitest@2.1.9 want: ^1.1.0
2912 silly placeDep ROOT magic-string@0.30.21 OK for: vitest@2.1.9 want: ^0.30.12
2913 silly placeDep ROOT pathe@1.1.2 OK for: vitest@2.1.9 want: ^1.1.2
2914 silly placeDep ROOT std-env@3.10.0 OK for: vitest@2.1.9 want: ^3.8.0
2915 silly placeDep ROOT tinybench@2.9.0 OK for: vitest@2.1.9 want: ^2.9.0
2916 silly placeDep ROOT tinyexec@0.3.2 OK for: vitest@2.1.9 want: ^0.3.1
2917 silly placeDep ROOT tinypool@1.1.1 OK for: vitest@2.1.9 want: ^1.0.1
2918 silly placeDep ROOT tinyrainbow@1.2.0 OK for: vitest@2.1.9 want: ^1.2.0
2919 silly placeDep ROOT vite@5.4.21 OK for: vitest@2.1.9 want: ^5.0.0
2920 silly placeDep ROOT vite-node@2.1.9 OK for: vitest@2.1.9 want: 2.1.9
2921 silly placeDep ROOT why-is-node-running@2.3.0 OK for: vitest@2.1.9 want: ^2.3.0
2922 silly fetch manifest estree-walker@^3.0.3
2923 silly packumentCache full:https://registry.npmjs.org/estree-walker cache-miss
2924 silly fetch manifest tinyspy@^3.0.2
2925 silly packumentCache full:https://registry.npmjs.org/tinyspy cache-miss
2926 silly fetch manifest loupe@^3.1.2
2927 silly packumentCache full:https://registry.npmjs.org/loupe cache-miss
2928 silly fetch manifest loupe@^3.1.0
2929 silly packumentCache full:https://registry.npmjs.org/loupe cache-miss
2930 silly fetch manifest pathval@^2.0.0
2931 silly packumentCache full:https://registry.npmjs.org/pathval cache-miss
2932 silly fetch manifest deep-eql@^5.0.1
2933 silly packumentCache full:https://registry.npmjs.org/deep-eql cache-miss
2934 silly fetch manifest check-error@^2.1.1
2935 silly packumentCache full:https://registry.npmjs.org/check-error cache-miss
2936 silly fetch manifest assertion-error@^2.0.1
2937 silly packumentCache full:https://registry.npmjs.org/assertion-error cache-miss
2938 silly fetch manifest rollup@^4.20.0
2939 silly packumentCache full:https://registry.npmjs.org/rollup cache-miss
2940 silly fetch manifest esbuild@^0.21.3
2941 silly packumentCache full:https://registry.npmjs.org/esbuild cache-miss
2942 silly fetch manifest fsevents@~2.3.3
2943 silly packumentCache full:https://registry.npmjs.org/fsevents cache-miss
2944 http fetch GET 200 https://registry.npmjs.org/assertion-error 31ms (cache miss)
2945 silly packumentCache full:https://registry.npmjs.org/assertion-error set size:undefined disposed:false
2946 silly fetch manifest cac@^6.7.14
2947 silly packumentCache full:https://registry.npmjs.org/cac cache-miss
2948 http fetch GET 200 https://registry.npmjs.org/pathval 34ms (cache miss)
2949 silly packumentCache full:https://registry.npmjs.org/pathval set size:undefined disposed:false
2950 silly fetch manifest es-module-lexer@^1.5.4
2951 silly packumentCache full:https://registry.npmjs.org/es-module-lexer cache-miss
2952 http fetch GET 200 https://registry.npmjs.org/tinyspy 39ms (cache miss)
2953 silly packumentCache full:https://registry.npmjs.org/tinyspy set size:undefined disposed:false
2954 silly fetch manifest siginfo@^2.0.0
2955 silly packumentCache full:https://registry.npmjs.org/siginfo cache-miss
2956 http fetch GET 200 https://registry.npmjs.org/check-error 42ms (cache miss)
2957 silly packumentCache full:https://registry.npmjs.org/check-error set size:undefined disposed:false
2958 silly fetch manifest stackback@0.0.2
2959 silly packumentCache full:https://registry.npmjs.org/stackback cache-miss
2960 http fetch GET 200 https://registry.npmjs.org/estree-walker 44ms (cache miss)
2961 silly packumentCache full:https://registry.npmjs.org/estree-walker set size:undefined disposed:false
2962 http fetch GET 200 https://registry.npmjs.org/deep-eql 45ms (cache miss)
2963 silly packumentCache full:https://registry.npmjs.org/deep-eql set size:undefined disposed:false
2964 http fetch GET 200 https://registry.npmjs.org/loupe 46ms (cache miss)
2965 silly packumentCache full:https://registry.npmjs.org/loupe set size:undefined disposed:false
2966 http fetch GET 200 https://registry.npmjs.org/fsevents 46ms (cache miss)
2967 silly packumentCache full:https://registry.npmjs.org/fsevents set size:undefined disposed:false
2968 http fetch GET 200 https://registry.npmjs.org/siginfo 28ms (cache miss)
2969 silly packumentCache full:https://registry.npmjs.org/siginfo set size:undefined disposed:false
2970 http fetch GET 200 https://registry.npmjs.org/loupe 70ms (cache miss)
2971 silly packumentCache full:https://registry.npmjs.org/loupe set size:undefined disposed:false
2972 http fetch GET 200 https://registry.npmjs.org/es-module-lexer 38ms (cache miss)
2973 silly packumentCache full:https://registry.npmjs.org/es-module-lexer set size:undefined disposed:false
2974 http fetch GET 200 https://registry.npmjs.org/stackback 32ms (cache miss)
2975 silly packumentCache full:https://registry.npmjs.org/stackback set size:undefined disposed:false
2976 http fetch GET 200 https://registry.npmjs.org/cac 45ms (cache miss)
2977 silly packumentCache full:https://registry.npmjs.org/cac set size:undefined disposed:false
2978 http fetch GET 200 https://registry.npmjs.org/esbuild 87ms (cache miss)
2979 silly packumentCache full:https://registry.npmjs.org/esbuild set size:undefined disposed:false
2980 http fetch GET 200 https://registry.npmjs.org/rollup 123ms (cache miss)
2981 silly packumentCache full:https://registry.npmjs.org/rollup set size:undefined disposed:false
2982 silly placeDep ROOT estree-walker@3.0.3 OK for: @vitest/mocker@2.1.9 want: ^3.0.3
2983 silly placeDep ROOT tinyspy@3.0.2 OK for: @vitest/spy@2.1.9 want: ^3.0.2
2984 silly placeDep ROOT loupe@3.2.1 OK for: @vitest/utils@2.1.9 want: ^3.1.2
2985 silly placeDep ROOT assertion-error@2.0.1 OK for: chai@5.3.3 want: ^2.0.1
2986 silly placeDep ROOT check-error@2.1.3 OK for: chai@5.3.3 want: ^2.1.1
2987 silly placeDep ROOT deep-eql@5.0.2 OK for: chai@5.3.3 want: ^5.0.1
2988 silly placeDep ROOT pathval@2.0.1 OK for: chai@5.3.3 want: ^2.0.0
2989 silly placeDep ROOT esbuild@0.21.5 OK for: vite@5.4.21 want: ^0.21.3
2990 silly placeDep ROOT fsevents@2.3.3 OK for: vite@5.4.21 want: ~2.3.3
2991 silly placeDep ROOT rollup@4.62.4 OK for: vite@5.4.21 want: ^4.20.0
2992 silly fetch manifest @esbuild/aix-ppc64@0.21.5
2993 silly packumentCache full:https://registry.npmjs.org/@esbuild%2faix-ppc64 cache-miss
2994 silly fetch manifest @esbuild/linux-arm@0.21.5
2995 silly packumentCache full:https://registry.npmjs.org/@esbuild%2flinux-arm cache-miss
2996 silly fetch manifest @esbuild/linux-x64@0.21.5
2997 silly packumentCache full:https://registry.npmjs.org/@esbuild%2flinux-x64 cache-miss
2998 silly fetch manifest @esbuild/sunos-x64@0.21.5
2999 silly packumentCache full:https://registry.npmjs.org/@esbuild%2fsunos-x64 cache-miss
3000 silly fetch manifest @esbuild/win32-x64@0.21.5
3001 silly packumentCache full:https://registry.npmjs.org/@esbuild%2fwin32-x64 cache-miss
3002 silly fetch manifest @esbuild/darwin-x64@0.21.5
3003 silly packumentCache full:https://registry.npmjs.org/@esbuild%2fdarwin-x64 cache-miss
3004 silly fetch manifest @esbuild/linux-ia32@0.21.5
3005 silly packumentCache full:https://registry.npmjs.org/@esbuild%2flinux-ia32 cache-miss
3006 silly fetch manifest @esbuild/netbsd-x64@0.21.5
3007 silly packumentCache full:https://registry.npmjs.org/@esbuild%2fnetbsd-x64 cache-miss
3008 silly fetch manifest @esbuild/win32-ia32@0.21.5
3009 silly packumentCache full:https://registry.npmjs.org/@esbuild%2fwin32-ia32 cache-miss
3010 silly fetch manifest @esbuild/android-arm@0.21.5
3011 silly packumentCache full:https://registry.npmjs.org/@esbuild%2fandroid-arm cache-miss
3012 silly fetch manifest @esbuild/android-x64@0.21.5
3013 silly packumentCache full:https://registry.npmjs.org/@esbuild%2fandroid-x64 cache-miss
3014 http fetch GET 200 https://registry.npmjs.org/@esbuild%2faix-ppc64 55ms (cache miss)
3015 silly packumentCache full:https://registry.npmjs.org/@esbuild%2faix-ppc64 set size:undefined disposed:false
3016 silly fetch manifest @esbuild/freebsd-x64@0.21.5
3017 silly packumentCache full:https://registry.npmjs.org/@esbuild%2ffreebsd-x64 cache-miss
3018 http fetch GET 200 https://registry.npmjs.org/@esbuild%2fwin32-x64 58ms (cache miss)
3019 silly packumentCache full:https://registry.npmjs.org/@esbuild%2fwin32-x64 set size:undefined disposed:false
3020 silly fetch manifest @esbuild/linux-arm64@0.21.5
3021 silly packumentCache full:https://registry.npmjs.org/@esbuild%2flinux-arm64 cache-miss
3022 http fetch GET 200 https://registry.npmjs.org/@esbuild%2fsunos-x64 62ms (cache miss)
3023 silly packumentCache full:https://registry.npmjs.org/@esbuild%2fsunos-x64 set size:undefined disposed:false
3024 silly fetch manifest @esbuild/linux-ppc64@0.21.5
3025 silly packumentCache full:https://registry.npmjs.org/@esbuild%2flinux-ppc64 cache-miss
3026 http fetch GET 200 https://registry.npmjs.org/@esbuild%2flinux-ia32 64ms (cache miss)
3027 silly packumentCache full:https://registry.npmjs.org/@esbuild%2flinux-ia32 set size:undefined disposed:false
3028 silly fetch manifest @esbuild/linux-s390x@0.21.5
3029 silly packumentCache full:https://registry.npmjs.org/@esbuild%2flinux-s390x cache-miss
3030 http fetch GET 200 https://registry.npmjs.org/@esbuild%2fandroid-arm 65ms (cache miss)
3031 silly packumentCache full:https://registry.npmjs.org/@esbuild%2fandroid-arm set size:undefined disposed:false
3032 silly fetch manifest @esbuild/openbsd-x64@0.21.5
3033 silly packumentCache full:https://registry.npmjs.org/@esbuild%2fopenbsd-x64 cache-miss
3034 http fetch GET 200 https://registry.npmjs.org/@esbuild%2fdarwin-x64 69ms (cache miss)
3035 silly packumentCache full:https://registry.npmjs.org/@esbuild%2fdarwin-x64 set size:undefined disposed:false
3036 silly fetch manifest @esbuild/win32-arm64@0.21.5
3037 silly packumentCache full:https://registry.npmjs.org/@esbuild%2fwin32-arm64 cache-miss
3038 http fetch GET 200 https://registry.npmjs.org/@esbuild%2fandroid-x64 70ms (cache miss)
3039 silly packumentCache full:https://registry.npmjs.org/@esbuild%2fandroid-x64 set size:undefined disposed:false
3040 silly fetch manifest @esbuild/darwin-arm64@0.21.5
3041 silly packumentCache full:https://registry.npmjs.org/@esbuild%2fdarwin-arm64 cache-miss
3042 http fetch GET 200 https://registry.npmjs.org/@esbuild%2fwin32-ia32 72ms (cache miss)
3043 silly packumentCache full:https://registry.npmjs.org/@esbuild%2fwin32-ia32 set size:undefined disposed:false
3044 silly fetch manifest @esbuild/android-arm64@0.21.5
3045 silly packumentCache full:https://registry.npmjs.org/@esbuild%2fandroid-arm64 cache-miss
3046 http fetch GET 200 https://registry.npmjs.org/@esbuild%2fnetbsd-x64 75ms (cache miss)
3047 silly packumentCache full:https://registry.npmjs.org/@esbuild%2fnetbsd-x64 set size:undefined disposed:false
3048 silly fetch manifest @esbuild/freebsd-arm64@0.21.5
3049 silly packumentCache full:https://registry.npmjs.org/@esbuild%2ffreebsd-arm64 cache-miss
3050 http fetch GET 200 https://registry.npmjs.org/@esbuild%2flinux-x64 79ms (cache miss)
3051 silly packumentCache full:https://registry.npmjs.org/@esbuild%2flinux-x64 set size:undefined disposed:false
3052 silly fetch manifest @esbuild/linux-loong64@0.21.5
3053 silly packumentCache full:https://registry.npmjs.org/@esbuild%2flinux-loong64 cache-miss
3054 http fetch GET 200 https://registry.npmjs.org/@esbuild%2flinux-arm 82ms (cache miss)
3055 silly packumentCache full:https://registry.npmjs.org/@esbuild%2flinux-arm set size:undefined disposed:false
3056 silly fetch manifest @esbuild/linux-riscv64@0.21.5
3057 silly packumentCache full:https://registry.npmjs.org/@esbuild%2flinux-riscv64 cache-miss
3058 http fetch GET 200 https://registry.npmjs.org/@esbuild%2flinux-arm64 35ms (cache miss)
3059 silly packumentCache full:https://registry.npmjs.org/@esbuild%2flinux-arm64 set size:undefined disposed:false
3060 silly fetch manifest @esbuild/linux-mips64el@0.21.5
3061 silly packumentCache full:https://registry.npmjs.org/@esbuild%2flinux-mips64el cache-miss
3062 http fetch GET 200 https://registry.npmjs.org/@esbuild%2ffreebsd-x64 45ms (cache miss)
3063 silly packumentCache full:https://registry.npmjs.org/@esbuild%2ffreebsd-x64 set size:undefined disposed:false
3064 silly fetch manifest @rollup/rollup-darwin-x64@4.62.4
3065 silly packumentCache full:https://registry.npmjs.org/@rollup%2frollup-darwin-x64 cache-miss
3066 http fetch GET 200 https://registry.npmjs.org/@esbuild%2flinux-ppc64 50ms (cache miss)
3067 silly packumentCache full:https://registry.npmjs.org/@esbuild%2flinux-ppc64 set size:undefined disposed:false
3068 silly fetch manifest @rollup/rollup-freebsd-x64@4.62.4
3069 silly packumentCache full:https://registry.npmjs.org/@rollup%2frollup-freebsd-x64 cache-miss
3070 http fetch GET 200 https://registry.npmjs.org/@esbuild%2flinux-s390x 53ms (cache miss)
3071 silly packumentCache full:https://registry.npmjs.org/@esbuild%2flinux-s390x set size:undefined disposed:false
3072 silly fetch manifest @rollup/rollup-openbsd-x64@4.62.4
3073 silly packumentCache full:https://registry.npmjs.org/@rollup%2frollup-openbsd-x64 cache-miss
3074 http fetch GET 200 https://registry.npmjs.org/@esbuild%2fandroid-arm64 47ms (cache miss)
3075 silly packumentCache full:https://registry.npmjs.org/@esbuild%2fandroid-arm64 set size:undefined disposed:false
3076 silly fetch manifest @napi-rs/lzma-linux-x64-gnu@1.5.1
3077 silly packumentCache full:https://registry.npmjs.org/@napi-rs%2flzma-linux-x64-gnu cache-miss
3078 http fetch GET 200 https://registry.npmjs.org/@esbuild%2fdarwin-arm64 50ms (cache miss)
3079 silly packumentCache full:https://registry.npmjs.org/@esbuild%2fdarwin-arm64 set size:undefined disposed:false
3080 silly fetch manifest @rollup/rollup-darwin-arm64@4.62.4
3081 silly packumentCache full:https://registry.npmjs.org/@rollup%2frollup-darwin-arm64 cache-miss
3082 http fetch GET 200 https://registry.npmjs.org/@esbuild%2fopenbsd-x64 58ms (cache miss)
3083 silly packumentCache full:https://registry.npmjs.org/@esbuild%2fopenbsd-x64 set size:undefined disposed:false
3084 silly fetch manifest @rollup/rollup-android-arm64@4.62.4
3085 silly packumentCache full:https://registry.npmjs.org/@rollup%2frollup-android-arm64 cache-miss
3086 http fetch GET 200 https://registry.npmjs.org/@esbuild%2fwin32-arm64 59ms (cache miss)
3087 silly packumentCache full:https://registry.npmjs.org/@esbuild%2fwin32-arm64 set size:undefined disposed:false
3088 silly fetch manifest @rollup/rollup-freebsd-arm64@4.62.4
3089 silly packumentCache full:https://registry.npmjs.org/@rollup%2frollup-freebsd-arm64 cache-miss
3090 http fetch GET 200 https://registry.npmjs.org/@esbuild%2ffreebsd-arm64 63ms (cache miss)
3091 silly packumentCache full:https://registry.npmjs.org/@esbuild%2ffreebsd-arm64 set size:undefined disposed:false
3092 silly fetch manifest @rollup/rollup-linux-x64-gnu@4.62.4
3093 silly packumentCache full:https://registry.npmjs.org/@rollup%2frollup-linux-x64-gnu cache-miss
3094 http fetch GET 200 https://registry.npmjs.org/@esbuild%2flinux-riscv64 59ms (cache miss)
3095 silly packumentCache full:https://registry.npmjs.org/@esbuild%2flinux-riscv64 set size:undefined disposed:false
3096 silly fetch manifest @rollup/rollup-win32-x64-gnu@4.62.4
3097 silly packumentCache full:https://registry.npmjs.org/@rollup%2frollup-win32-x64-gnu cache-miss
3098 http fetch GET 200 https://registry.npmjs.org/@esbuild%2flinux-loong64 66ms (cache miss)
3099 silly packumentCache full:https://registry.npmjs.org/@esbuild%2flinux-loong64 set size:undefined disposed:false
3100 silly fetch manifest @rollup/rollup-linux-x64-musl@4.62.4
3101 silly packumentCache full:https://registry.npmjs.org/@rollup%2frollup-linux-x64-musl cache-miss
3102 http fetch GET 200 https://registry.npmjs.org/@esbuild%2flinux-mips64el 52ms (cache miss)
3103 silly packumentCache full:https://registry.npmjs.org/@esbuild%2flinux-mips64el set size:undefined disposed:false
3104 silly fetch manifest @rollup/rollup-win32-x64-msvc@4.62.4
3105 silly packumentCache full:https://registry.npmjs.org/@rollup%2frollup-win32-x64-msvc cache-miss
3106 http fetch GET 200 https://registry.npmjs.org/@rollup%2frollup-darwin-x64 52ms (cache miss)
3107 silly packumentCache full:https://registry.npmjs.org/@rollup%2frollup-darwin-x64 set size:undefined disposed:false
3108 silly fetch manifest @rollup/rollup-linux-arm64-gnu@4.62.4
3109 silly packumentCache full:https://registry.npmjs.org/@rollup%2frollup-linux-arm64-gnu cache-miss
3110 http fetch GET 200 https://registry.npmjs.org/@rollup%2frollup-openbsd-x64 45ms (cache miss)
3111 silly packumentCache full:https://registry.npmjs.org/@rollup%2frollup-openbsd-x64 set size:undefined disposed:false
3112 silly fetch manifest @rollup/rollup-linux-ppc64-gnu@4.62.4
3113 silly packumentCache full:https://registry.npmjs.org/@rollup%2frollup-linux-ppc64-gnu cache-miss
3114 http fetch GET 200 https://registry.npmjs.org/@napi-rs%2flzma-linux-x64-gnu 45ms (cache miss)
3115 silly packumentCache full:https://registry.npmjs.org/@napi-rs%2flzma-linux-x64-gnu set size:undefined disposed:false
3116 silly fetch manifest @rollup/rollup-linux-s390x-gnu@4.62.4
3117 silly packumentCache full:https://registry.npmjs.org/@rollup%2frollup-linux-s390x-gnu cache-miss
3118 http fetch GET 200 https://registry.npmjs.org/@rollup%2frollup-freebsd-x64 54ms (cache miss)
3119 silly packumentCache full:https://registry.npmjs.org/@rollup%2frollup-freebsd-x64 set size:undefined disposed:false
3120 silly fetch manifest @rollup/rollup-win32-ia32-msvc@4.62.4
3121 silly packumentCache full:https://registry.npmjs.org/@rollup%2frollup-win32-ia32-msvc cache-miss
3122 http fetch GET 200 https://registry.npmjs.org/@rollup%2frollup-freebsd-arm64 46ms (cache miss)
3123 silly packumentCache full:https://registry.npmjs.org/@rollup%2frollup-freebsd-arm64 set size:undefined disposed:false
3124 silly fetch manifest @rollup/rollup-android-arm-eabi@4.62.4
3125 silly packumentCache full:https://registry.npmjs.org/@rollup%2frollup-android-arm-eabi cache-miss
3126 http fetch GET 200 https://registry.npmjs.org/@rollup%2frollup-darwin-arm64 55ms (cache miss)
3127 silly packumentCache full:https://registry.npmjs.org/@rollup%2frollup-darwin-arm64 set size:undefined disposed:false
3128 silly fetch manifest @rollup/rollup-linux-arm64-musl@4.62.4
3129 silly packumentCache full:https://registry.npmjs.org/@rollup%2frollup-linux-arm64-musl cache-miss
3130 http fetch GET 200 https://registry.npmjs.org/@rollup%2frollup-android-arm64 55ms (cache miss)
3131 silly packumentCache full:https://registry.npmjs.org/@rollup%2frollup-android-arm64 set size:undefined disposed:false
3132 silly fetch manifest @rollup/rollup-linux-ppc64-musl@4.62.4
3133 silly packumentCache full:https://registry.npmjs.org/@rollup%2frollup-linux-ppc64-musl cache-miss
3134 http fetch GET 200 https://registry.npmjs.org/@rollup%2frollup-win32-x64-gnu 61ms (cache miss)
3135 silly packumentCache full:https://registry.npmjs.org/@rollup%2frollup-win32-x64-gnu set size:undefined disposed:false
3136 silly fetch manifest @rollup/rollup-win32-arm64-msvc@4.62.4
3137 silly packumentCache full:https://registry.npmjs.org/@rollup%2frollup-win32-arm64-msvc cache-miss
3138 http fetch GET 200 https://registry.npmjs.org/@rollup%2frollup-linux-ppc64-gnu 43ms (cache miss)
3139 silly packumentCache full:https://registry.npmjs.org/@rollup%2frollup-linux-ppc64-gnu set size:undefined disposed:false
3140 silly fetch manifest @rollup/rollup-linux-loong64-gnu@4.62.4
3141 silly packumentCache full:https://registry.npmjs.org/@rollup%2frollup-linux-loong64-gnu cache-miss
3142 http fetch GET 200 https://registry.npmjs.org/@rollup%2frollup-win32-x64-msvc 65ms (cache miss)
3143 silly packumentCache full:https://registry.npmjs.org/@rollup%2frollup-win32-x64-msvc set size:undefined disposed:false
3144 silly fetch manifest @rollup/rollup-linux-riscv64-gnu@4.62.4
3145 silly packumentCache full:https://registry.npmjs.org/@rollup%2frollup-linux-riscv64-gnu cache-miss
3146 http fetch GET 200 https://registry.npmjs.org/@rollup%2frollup-linux-x64-musl 72ms (cache miss)
3147 silly packumentCache full:https://registry.npmjs.org/@rollup%2frollup-linux-x64-musl set size:undefined disposed:false
3148 silly fetch manifest @rollup/rollup-openharmony-arm64@4.62.4
3149 silly packumentCache full:https://registry.npmjs.org/@rollup%2frollup-openharmony-arm64 cache-miss
3150 http fetch GET 200 https://registry.npmjs.org/@rollup%2frollup-linux-arm64-gnu 66ms (cache miss)
3151 silly packumentCache full:https://registry.npmjs.org/@rollup%2frollup-linux-arm64-gnu set size:undefined disposed:false
3152 silly fetch manifest @rollup/rollup-linux-loong64-musl@4.62.4
3153 silly packumentCache full:https://registry.npmjs.org/@rollup%2frollup-linux-loong64-musl cache-miss
3154 http fetch GET 200 https://registry.npmjs.org/@rollup%2frollup-linux-x64-gnu 85ms (cache miss)
3155 silly packumentCache full:https://registry.npmjs.org/@rollup%2frollup-linux-x64-gnu set size:undefined disposed:false
3156 silly fetch manifest @rollup/rollup-linux-riscv64-musl@4.62.4
3157 silly packumentCache full:https://registry.npmjs.org/@rollup%2frollup-linux-riscv64-musl cache-miss
3158 http fetch GET 200 https://registry.npmjs.org/@rollup%2frollup-linux-s390x-gnu 63ms (cache miss)
3159 silly packumentCache full:https://registry.npmjs.org/@rollup%2frollup-linux-s390x-gnu set size:undefined disposed:false
3160 silly fetch manifest @rollup/rollup-linux-arm-gnueabihf@4.62.4
3161 silly packumentCache full:https://registry.npmjs.org/@rollup%2frollup-linux-arm-gnueabihf cache-miss
3162 http fetch GET 200 https://registry.npmjs.org/@rollup%2frollup-linux-ppc64-musl 54ms (cache miss)
3163 silly packumentCache full:https://registry.npmjs.org/@rollup%2frollup-linux-ppc64-musl set size:undefined disposed:false
3164 silly fetch manifest @rollup/rollup-linux-arm-musleabihf@4.62.4
3165 silly packumentCache full:https://registry.npmjs.org/@rollup%2frollup-linux-arm-musleabihf cache-miss
3166 http fetch GET 200 https://registry.npmjs.org/@rollup%2frollup-win32-ia32-msvc 71ms (cache miss)
3167 silly packumentCache full:https://registry.npmjs.org/@rollup%2frollup-win32-ia32-msvc set size:undefined disposed:false
3168 http fetch GET 200 https://registry.npmjs.org/@rollup%2frollup-android-arm-eabi 71ms (cache miss)
3169 silly packumentCache full:https://registry.npmjs.org/@rollup%2frollup-android-arm-eabi set size:undefined disposed:false
3170 http fetch GET 200 https://registry.npmjs.org/@rollup%2frollup-linux-arm64-musl 72ms (cache miss)
3171 silly packumentCache full:https://registry.npmjs.org/@rollup%2frollup-linux-arm64-musl set size:undefined disposed:false
3172 http fetch GET 200 https://registry.npmjs.org/@rollup%2frollup-linux-riscv64-gnu 48ms (cache miss)
3173 silly packumentCache full:https://registry.npmjs.org/@rollup%2frollup-linux-riscv64-gnu set size:undefined disposed:false
3174 http fetch GET 200 https://registry.npmjs.org/@rollup%2frollup-linux-loong64-gnu 62ms (cache miss)
3175 silly packumentCache full:https://registry.npmjs.org/@rollup%2frollup-linux-loong64-gnu set size:undefined disposed:false
3176 http fetch GET 200 https://registry.npmjs.org/@rollup%2frollup-linux-loong64-musl 48ms (cache miss)
3177 silly packumentCache full:https://registry.npmjs.org/@rollup%2frollup-linux-loong64-musl set size:undefined disposed:false
3178 http fetch GET 200 https://registry.npmjs.org/@rollup%2frollup-openharmony-arm64 57ms (cache miss)
3179 silly packumentCache full:https://registry.npmjs.org/@rollup%2frollup-openharmony-arm64 set size:undefined disposed:false
3180 http fetch GET 200 https://registry.npmjs.org/@rollup%2frollup-linux-riscv64-musl 54ms (cache miss)
3181 silly packumentCache full:https://registry.npmjs.org/@rollup%2frollup-linux-riscv64-musl set size:undefined disposed:false
3182 http fetch GET 200 https://registry.npmjs.org/@rollup%2frollup-win32-arm64-msvc 78ms (cache miss)
3183 silly packumentCache full:https://registry.npmjs.org/@rollup%2frollup-win32-arm64-msvc set size:undefined disposed:false
3184 http fetch GET 200 https://registry.npmjs.org/@rollup%2frollup-linux-arm-musleabihf 49ms (cache miss)
3185 silly packumentCache full:https://registry.npmjs.org/@rollup%2frollup-linux-arm-musleabihf set size:undefined disposed:false
3186 http fetch GET 200 https://registry.npmjs.org/@rollup%2frollup-linux-arm-gnueabihf 59ms (cache miss)
3187 silly packumentCache full:https://registry.npmjs.org/@rollup%2frollup-linux-arm-gnueabihf set size:undefined disposed:false
3188 silly placeDep ROOT @esbuild/aix-ppc64@0.21.5 OK for: esbuild@0.21.5 want: 0.21.5
3189 silly placeDep ROOT @esbuild/android-arm@0.21.5 OK for: esbuild@0.21.5 want: 0.21.5
3190 silly placeDep ROOT @esbuild/android-arm64@0.21.5 OK for: esbuild@0.21.5 want: 0.21.5
3191 silly placeDep ROOT @esbuild/android-x64@0.21.5 OK for: esbuild@0.21.5 want: 0.21.5
3192 silly placeDep ROOT @esbuild/darwin-arm64@0.21.5 OK for: esbuild@0.21.5 want: 0.21.5
3193 silly placeDep ROOT @esbuild/darwin-x64@0.21.5 OK for: esbuild@0.21.5 want: 0.21.5
3194 silly placeDep ROOT @esbuild/freebsd-arm64@0.21.5 OK for: esbuild@0.21.5 want: 0.21.5
3195 silly placeDep ROOT @esbuild/freebsd-x64@0.21.5 OK for: esbuild@0.21.5 want: 0.21.5
3196 silly placeDep ROOT @esbuild/linux-arm@0.21.5 OK for: esbuild@0.21.5 want: 0.21.5
3197 silly placeDep ROOT @esbuild/linux-arm64@0.21.5 OK for: esbuild@0.21.5 want: 0.21.5
3198 silly placeDep ROOT @esbuild/linux-ia32@0.21.5 OK for: esbuild@0.21.5 want: 0.21.5
3199 silly placeDep ROOT @esbuild/linux-loong64@0.21.5 OK for: esbuild@0.21.5 want: 0.21.5
3200 silly placeDep ROOT @esbuild/linux-mips64el@0.21.5 OK for: esbuild@0.21.5 want: 0.21.5
3201 silly placeDep ROOT @esbuild/linux-ppc64@0.21.5 OK for: esbuild@0.21.5 want: 0.21.5
3202 silly placeDep ROOT @esbuild/linux-riscv64@0.21.5 OK for: esbuild@0.21.5 want: 0.21.5
3203 silly placeDep ROOT @esbuild/linux-s390x@0.21.5 OK for: esbuild@0.21.5 want: 0.21.5
3204 silly placeDep ROOT @esbuild/linux-x64@0.21.5 OK for: esbuild@0.21.5 want: 0.21.5
3205 silly placeDep ROOT @esbuild/netbsd-x64@0.21.5 OK for: esbuild@0.21.5 want: 0.21.5
3206 silly placeDep ROOT @esbuild/openbsd-x64@0.21.5 OK for: esbuild@0.21.5 want: 0.21.5
3207 silly placeDep ROOT @esbuild/sunos-x64@0.21.5 OK for: esbuild@0.21.5 want: 0.21.5
3208 silly placeDep ROOT @esbuild/win32-arm64@0.21.5 OK for: esbuild@0.21.5 want: 0.21.5
3209 silly placeDep ROOT @esbuild/win32-ia32@0.21.5 OK for: esbuild@0.21.5 want: 0.21.5
3210 silly placeDep ROOT @esbuild/win32-x64@0.21.5 OK for: esbuild@0.21.5 want: 0.21.5
3211 silly placeDep ROOT @napi-rs/lzma-linux-x64-gnu@1.5.1 OK for: rollup@4.62.4 want: 1.5.1
3212 silly placeDep ROOT @rollup/rollup-android-arm-eabi@4.62.4 OK for: rollup@4.62.4 want: 4.62.4
3213 silly placeDep ROOT @rollup/rollup-android-arm64@4.62.4 OK for: rollup@4.62.4 want: 4.62.4
3214 silly placeDep ROOT @rollup/rollup-darwin-arm64@4.62.4 OK for: rollup@4.62.4 want: 4.62.4
3215 silly placeDep ROOT @rollup/rollup-darwin-x64@4.62.4 OK for: rollup@4.62.4 want: 4.62.4
3216 silly placeDep ROOT @rollup/rollup-freebsd-arm64@4.62.4 OK for: rollup@4.62.4 want: 4.62.4
3217 silly placeDep ROOT @rollup/rollup-freebsd-x64@4.62.4 OK for: rollup@4.62.4 want: 4.62.4
3218 silly placeDep ROOT @rollup/rollup-linux-arm-gnueabihf@4.62.4 OK for: rollup@4.62.4 want: 4.62.4
3219 silly placeDep ROOT @rollup/rollup-linux-arm-musleabihf@4.62.4 OK for: rollup@4.62.4 want: 4.62.4
3220 silly placeDep ROOT @rollup/rollup-linux-arm64-gnu@4.62.4 OK for: rollup@4.62.4 want: 4.62.4
3221 silly placeDep ROOT @rollup/rollup-linux-arm64-musl@4.62.4 OK for: rollup@4.62.4 want: 4.62.4
3222 silly placeDep ROOT @rollup/rollup-linux-loong64-gnu@4.62.4 OK for: rollup@4.62.4 want: 4.62.4
3223 silly placeDep ROOT @rollup/rollup-linux-loong64-musl@4.62.4 OK for: rollup@4.62.4 want: 4.62.4
3224 silly placeDep ROOT @rollup/rollup-linux-ppc64-gnu@4.62.4 OK for: rollup@4.62.4 want: 4.62.4
3225 silly placeDep ROOT @rollup/rollup-linux-ppc64-musl@4.62.4 OK for: rollup@4.62.4 want: 4.62.4
3226 silly placeDep ROOT @rollup/rollup-linux-riscv64-gnu@4.62.4 OK for: rollup@4.62.4 want: 4.62.4
3227 silly placeDep ROOT @rollup/rollup-linux-riscv64-musl@4.62.4 OK for: rollup@4.62.4 want: 4.62.4
3228 silly placeDep ROOT @rollup/rollup-linux-s390x-gnu@4.62.4 OK for: rollup@4.62.4 want: 4.62.4
3229 silly placeDep ROOT @rollup/rollup-linux-x64-gnu@4.62.4 OK for: rollup@4.62.4 want: 4.62.4
3230 silly placeDep ROOT @rollup/rollup-linux-x64-musl@4.62.4 OK for: rollup@4.62.4 want: 4.62.4
3231 silly placeDep ROOT @rollup/rollup-openbsd-x64@4.62.4 OK for: rollup@4.62.4 want: 4.62.4
3232 silly placeDep ROOT @rollup/rollup-openharmony-arm64@4.62.4 OK for: rollup@4.62.4 want: 4.62.4
3233 silly placeDep ROOT @rollup/rollup-win32-arm64-msvc@4.62.4 OK for: rollup@4.62.4 want: 4.62.4
3234 silly placeDep ROOT @rollup/rollup-win32-ia32-msvc@4.62.4 OK for: rollup@4.62.4 want: 4.62.4
3235 silly placeDep ROOT @rollup/rollup-win32-x64-gnu@4.62.4 OK for: rollup@4.62.4 want: 4.62.4
3236 silly placeDep ROOT @rollup/rollup-win32-x64-msvc@4.62.4 OK for: rollup@4.62.4 want: 4.62.4
3237 silly placeDep ROOT cac@6.7.14 OK for: vite-node@2.1.9 want: ^6.7.14
3238 silly placeDep ROOT es-module-lexer@1.7.0 OK for: vite-node@2.1.9 want: ^1.5.4
3239 silly placeDep ROOT iconv-lite@0.6.3 OK for: whatwg-encoding@3.1.1 want: 0.6.3
3240 silly fetch manifest safer-buffer@>= 2.1.2 < 3.0.0
3241 silly packumentCache full:https://registry.npmjs.org/safer-buffer cache-miss
3242 http fetch GET 200 https://registry.npmjs.org/safer-buffer 24ms (cache miss)
3243 silly packumentCache full:https://registry.npmjs.org/safer-buffer set size:undefined disposed:false
3244 silly placeDep ROOT safer-buffer@2.1.2 OK for: iconv-lite@0.6.3 want: >= 2.1.2 < 3.0.0
3245 silly placeDep ROOT tr46@5.1.1 OK for: whatwg-url@14.2.0 want: ^5.1.0
3246 silly placeDep ROOT isexe@2.0.0 OK for: which@2.0.2 want: ^2.0.0
3247 silly placeDep ROOT is-bigint@1.1.0 OK for: which-boxed-primitive@1.1.1 want: ^1.1.0
3248 silly placeDep ROOT is-boolean-object@1.2.2 OK for: which-boxed-primitive@1.1.1 want: ^1.2.1
3249 silly placeDep ROOT is-number-object@1.1.1 OK for: which-boxed-primitive@1.1.1 want: ^1.1.1
3250 silly placeDep ROOT is-async-function@2.1.1 OK for: which-builtin-type@1.2.1 want: ^2.0.0
3251 silly placeDep ROOT is-finalizationregistry@1.1.1 OK for: which-builtin-type@1.2.1 want: ^1.1.0
3252 silly placeDep ROOT is-generator-function@1.1.2 OK for: which-builtin-type@1.2.1 want: ^1.0.10
3253 silly placeDep ROOT which-collection@1.0.2 OK for: which-builtin-type@1.2.1 want: ^1.0.2
3254 silly fetch manifest async-function@^1.0.0
3255 silly packumentCache full:https://registry.npmjs.org/async-function cache-miss
3256 silly fetch manifest generator-function@^2.0.0
3257 silly packumentCache full:https://registry.npmjs.org/generator-function cache-miss
3258 silly fetch manifest is-map@^2.0.3
3259 silly packumentCache full:https://registry.npmjs.org/is-map cache-miss
3260 silly fetch manifest is-weakmap@^2.0.2
3261 silly packumentCache full:https://registry.npmjs.org/is-weakmap cache-miss
3262 silly fetch manifest is-weakset@^2.0.3
3263 silly packumentCache full:https://registry.npmjs.org/is-weakset cache-miss
3264 http fetch GET 200 https://registry.npmjs.org/generator-function 23ms (cache miss)
3265 silly packumentCache full:https://registry.npmjs.org/generator-function set size:undefined disposed:false
3266 http fetch GET 200 https://registry.npmjs.org/async-function 25ms (cache miss)
3267 silly packumentCache full:https://registry.npmjs.org/async-function set size:undefined disposed:false
3268 http fetch GET 200 https://registry.npmjs.org/is-map 26ms (cache miss)
3269 silly packumentCache full:https://registry.npmjs.org/is-map set size:undefined disposed:false
3270 http fetch GET 200 https://registry.npmjs.org/is-weakmap 29ms (cache miss)
3271 silly packumentCache full:https://registry.npmjs.org/is-weakmap set size:undefined disposed:false
3272 http fetch GET 200 https://registry.npmjs.org/is-weakset 31ms (cache miss)
3273 silly packumentCache full:https://registry.npmjs.org/is-weakset set size:undefined disposed:false
3274 silly placeDep ROOT async-function@1.0.0 OK for: is-async-function@2.1.1 want: ^1.0.0
3275 silly placeDep ROOT generator-function@2.0.1 OK for: is-generator-function@1.1.2 want: ^2.0.0
3276 silly placeDep ROOT is-map@2.0.3 OK for: which-collection@1.0.2 want: ^2.0.3
3277 silly placeDep ROOT is-weakmap@2.0.2 OK for: which-collection@1.0.2 want: ^2.0.2
3278 silly placeDep ROOT is-weakset@2.0.4 OK for: which-collection@1.0.2 want: ^2.0.3
3279 silly placeDep ROOT siginfo@2.0.0 OK for: why-is-node-running@2.3.0 want: ^2.0.0
3280 silly placeDep ROOT stackback@0.0.2 OK for: why-is-node-running@2.3.0 want: 0.0.2
3281 silly placeDep node_modules/@next/eslint-plugin-next eslint-visitor-keys@3.4.3 OK for: @eslint-community/eslint-utils@4.9.1 want: ^3.4.3
3282 silly placeDep node_modules/@typescript-eslint/typescript-estree brace-expansion@5.0.9 OK for: minimatch@10.2.6 want: ^5.0.8
3283 silly fetch manifest balanced-match@^4.0.2
3284 silly packumentCache full:https://registry.npmjs.org/balanced-match cache-miss
3285 http cache https://registry.npmjs.org/balanced-match 7ms (cache hit)
3286 silly packumentCache full:https://registry.npmjs.org/balanced-match set size:39082 disposed:false
3287 silly placeDep node_modules/@typescript-eslint/typescript-estree balanced-match@4.0.4 OK for: brace-expansion@5.0.9 want: ^4.0.2
3288 silly reify moves {}
3289 silly audit bulk request {
3289 silly audit   '@eslint/eslintrc': [ '3.3.6' ],
3289 silly audit   '@monaco-editor/react': [ '4.7.0' ],
3289 silly audit   react: [ '19.2.8' ],
3289 silly audit   'react-dom': [ '19.2.8' ],
3289 silly audit   'monaco-editor': [ '0.56.0' ],
3289 silly audit   '@supabase/supabase-js': [ '2.112.3' ],
3289 silly audit   '@testing-library/jest-dom': [ '6.9.1' ],
3289 silly audit   '@testing-library/react': [ '16.3.2' ],
3289 silly audit   '@testing-library/dom': [ '10.4.1' ],
3289 silly audit   '@types/node': [ '22.20.1' ],
3289 silly audit   '@types/react': [ '19.2.18' ],
3289 silly audit   '@types/react-dom': [ '19.2.4' ],
3289 silly audit   'date-fns': [ '4.4.0' ],
3289 silly audit   eslint: [ '9.39.5' ],
3289 silly audit   'eslint-config-next': [ '16.3.0' ],
3289 silly audit   jsdom: [ '25.0.1' ],
3289 silly audit   'lucide-react': [ '0.468.0' ],
3289 silly audit   next: [ '16.3.0' ],
3289 silly audit   typescript: [ '5.9.3' ],
3289 silly audit   vitest: [ '2.1.9' ],
3289 silly audit   ajv: [ '6.15.0' ],
3289 silly audit   debug: [ '4.4.3', '3.2.7' ],
3289 silly audit   espree: [ '10.4.0' ],
3289 silly audit   globals: [ '14.0.0', '16.4.0' ],
3289 silly audit   ignore: [ '5.3.2', '7.0.6' ],
3289 silly audit   'import-fresh': [ '3.3.1' ],
3289 silly audit   'js-yaml': [ '4.3.1' ],
3289 silly audit   minimatch: [ '3.1.5', '10.2.6' ],
3289 silly audit   'strip-json-comments': [ '3.1.1' ],
3289 silly audit   '@monaco-editor/loader': [ '1.7.0' ],
3289 silly audit   'state-local': [ '1.0.7' ],
3289 silly audit   '@supabase/auth-js': [ '2.112.3' ],
3289 silly audit   '@supabase/functions-js': [ '2.112.3' ],
3289 silly audit   '@supabase/postgrest-js': [ '2.112.3' ],
3289 silly audit   '@supabase/realtime-js': [ '2.112.3' ],
3289 silly audit   '@supabase/storage-js': [ '2.112.3' ],
3289 silly audit   tslib: [ '2.8.1' ],
3289 silly audit   '@supabase/phoenix': [ '0.4.5' ],
3289 silly audit   'iceberg-js': [ '0.8.1' ],
3289 silly audit   '@babel/code-frame': [ '7.29.7' ],
3289 silly audit   '@babel/runtime': [ '7.29.7' ],
3289 silly audit   '@types/aria-query': [ '5.0.4' ],
3289 silly audit   'aria-query': [ '5.3.0', '5.3.2' ],
3289 silly audit   'dom-accessibility-api': [ '0.5.16', '0.6.3' ],
3289 silly audit   'lz-string': [ '1.5.0' ],
3289 silly audit   picocolors: [ '1.1.1' ],
3289 silly audit   'pretty-format': [ '27.5.1' ],
3289 silly audit   '@babel/helper-validator-identifier': [ '7.29.7' ],
3289 silly audit   'js-tokens': [ '4.0.0' ],
3289 silly audit   '@adobe/css-tools': [ '4.5.0' ],
3289 silly audit   'css.escape': [ '1.5.1' ],
3289 silly audit   redent: [ '3.0.0' ],
3289 silly audit   'undici-types': [ '6.21.0' ],
3289 silly audit   csstype: [ '3.2.3' ],
3289 silly audit   'fast-deep-equal': [ '3.1.3' ],
3289 silly audit   'fast-json-stable-stringify': [ '2.1.0' ],
3289 silly audit   'json-schema-traverse': [ '0.4.1' ],
3289 silly audit   'uri-js': [ '4.4.1' ],
3289 silly audit   dequal: [ '2.0.3' ],
3289 silly audit   ms: [ '2.1.3' ],
3289 silly audit   '@eslint-community/eslint-utils': [ '4.10.1', '4.9.1' ],
3289 silly audit   '@eslint-community/regexpp': [ '4.12.2' ],
3289 silly audit   '@eslint/config-array': [ '0.21.2' ],
3289 silly audit   '@eslint/config-helpers': [ '0.4.2' ],
3289 silly audit   '@eslint/core': [ '0.17.0' ],
3289 silly audit   '@eslint/js': [ '9.39.5' ],
3289 silly audit   '@eslint/plugin-kit': [ '0.4.1' ],
3289 silly audit   '@humanfs/node': [ '0.16.8' ],
3289 silly audit   '@humanwhocodes/module-importer': [ '1.0.1' ],
3289 silly audit   '@humanwhocodes/retry': [ '0.4.3' ],
3289 silly audit   '@types/estree': [ '1.0.9' ],
3289 silly audit   chalk: [ '4.1.2' ],
3289 silly audit   'cross-spawn': [ '7.0.6' ],
3289 silly audit   'escape-string-regexp': [ '4.0.0' ],
3289 silly audit   'eslint-scope': [ '8.4.0' ],
3289 silly audit   'eslint-visitor-keys': [ '4.2.1', '3.4.3', '5.0.1' ],
3289 silly audit   esquery: [ '1.7.0' ],
3289 silly audit   esutils: [ '2.0.3' ],
3289 silly audit   'file-entry-cache': [ '8.0.0' ],
3289 silly audit   'find-up': [ '5.0.0' ],
3289 silly audit   'glob-parent': [ '6.0.2', '5.1.2' ],
3289 silly audit   imurmurhash: [ '0.1.4' ],
3289 silly audit   'is-glob': [ '4.0.3' ],
3289 silly audit   'json-stable-stringify-without-jsonify': [ '1.0.1' ],
3289 silly audit   'lodash.merge': [ '4.6.2' ],
3289 silly audit   'natural-compare': [ '1.4.0' ],
3289 silly audit   optionator: [ '0.9.4' ],
3289 silly audit   '@eslint/object-schema': [ '2.1.7' ],
3289 silly audit   '@types/json-schema': [ '7.0.15' ],
3289 silly audit   levn: [ '0.4.1' ],
3289 silly audit   '@humanfs/core': [ '0.19.2' ],
3289 silly audit   '@humanfs/types': [ '0.15.0' ],
3289 silly audit   'ansi-styles': [ '4.3.0', '5.2.0' ],
3289 silly audit   'supports-color': [ '7.2.0' ],
3289 silly audit   'color-convert': [ '2.0.1' ],
3289 silly audit   'color-name': [ '1.1.4' ],
3289 silly audit   'path-key': [ '3.1.1' ],
3289 silly audit   'shebang-command': [ '2.0.0' ],
3289 silly audit   which: [ '2.0.2' ],
3289 silly audit   '@next/eslint-plugin-next': [ '16.3.0' ],
3289 silly audit   'eslint-import-resolver-node': [ '0.3.10' ],
3289 silly audit   'eslint-import-resolver-typescript': [ '3.10.1' ],
3289 silly audit   'eslint-plugin-import': [ '2.32.0' ],
3289 silly audit   'eslint-plugin-jsx-a11y': [ '6.10.2' ],
3289 silly audit   'eslint-plugin-react': [ '7.37.5' ],
3289 silly audit   'eslint-plugin-react-hooks': [ '7.1.1' ],
3289 silly audit   'typescript-eslint': [ '8.67.0' ],
3289 silly audit   'fast-glob': [ '3.3.1' ],
3289 silly audit   'is-core-module': [ '2.16.2' ],
3289 silly audit   resolve: [ '2.0.0-next.7' ],
3289 silly audit   '@nolyfill/is-core-module': [ '1.0.39' ],
3289 silly audit   'get-tsconfig': [ '4.14.1' ],
3289 silly audit   'is-bun-module': [ '2.0.0' ],
3289 silly audit   'stable-hash': [ '0.0.5' ],
3289 silly audit   tinyglobby: [ '0.2.17' ],
3289 silly audit   'unrs-resolver': [ '1.12.2' ],
3289 silly audit   '@rtsao/scc': [ '1.1.0' ],
3289 silly audit   'array-includes': [ '3.1.9' ],
3289 silly audit   'array.prototype.findlastindex': [ '1.2.6' ],
3289 silly audit   'array.prototype.flat': [ '1.3.3' ],
3289 silly audit   'array.prototype.flatmap': [ '1.3.3' ],
3289 silly audit   doctrine: [ '2.1.0' ],
3289 silly audit   'eslint-module-utils': [ '2.14.0' ],
3289 silly audit   hasown: [ '2.0.4' ],
3289 silly audit   'object.fromentries': [ '2.0.8' ],
3289 silly audit   'object.groupby': [ '1.0.3' ],
3289 silly audit   'object.values': [ '1.2.1' ],
3289 silly audit   semver: [ '6.3.1', '7.8.5' ],
3289 silly audit   'string.prototype.trimend': [ '1.0.10' ],
3289 silly audit   'tsconfig-paths': [ '3.15.0' ],
3289 silly audit   'call-bind': [ '1.0.9' ],
3289 silly audit   'call-bound': [ '1.0.4' ],
3289 silly audit   'define-properties': [ '1.2.1' ],
3289 silly audit   'es-abstract': [ '1.24.2' ],
3289 silly audit   'es-object-atoms': [ '1.1.2' ],
3289 silly audit   'get-intrinsic': [ '1.3.0' ],
3289 silly audit   'is-string': [ '1.1.1' ],
3289 silly audit   'math-intrinsics': [ '1.1.0' ],
3289 silly audit   'es-errors': [ '1.3.0' ],
3289 silly audit   'es-shim-unscopables': [ '1.1.0' ],
3289 silly audit   'call-bind-apply-helpers': [ '1.0.2' ],
3289 silly audit   'es-define-property': [ '1.0.1' ],
3289 silly audit   'set-function-length': [ '1.2.2' ],
3289 silly audit   'function-bind': [ '1.1.2' ],
3289 silly audit   'define-data-property': [ '1.1.4' ],
3289 silly audit   'has-property-descriptors': [ '1.0.2' ],
3289 silly audit   'object-keys': [ '1.1.1' ],
3289 silly audit   gopd: [ '1.2.0' ],
3289 silly audit   'array-buffer-byte-length': [ '1.0.2' ],
3289 silly audit   'arraybuffer.prototype.slice': [ '1.0.4' ],
3289 silly audit   'available-typed-arrays': [ '1.0.7' ],
3289 silly audit   'data-view-buffer': [ '1.0.2' ],
3289 silly audit   'data-view-byte-length': [ '1.0.2' ],
3289 silly audit   'data-view-byte-offset': [ '1.0.1' ],
3289 silly audit   'es-set-tostringtag': [ '2.1.0' ],
3289 silly audit   'es-to-primitive': [ '1.3.4' ],
3289 silly audit   'function.prototype.name': [ '1.2.0' ],
3289 silly audit   'get-proto': [ '1.0.1' ],
3289 silly audit   'get-symbol-description': [ '1.1.0' ],
3289 silly audit   globalthis: [ '1.0.4' ],
3289 silly audit   'has-proto': [ '1.2.0' ],
3289 silly audit   'has-symbols': [ '1.1.0' ],
3289 silly audit   'internal-slot': [ '1.1.0' ],
3289 silly audit   'is-array-buffer': [ '3.0.5' ],
3289 silly audit   'is-callable': [ '1.2.7' ],
3289 silly audit   'is-data-view': [ '1.0.2' ],
3289 silly audit   'is-negative-zero': [ '2.0.3' ],
3289 silly audit   'is-regex': [ '1.2.1' ],
3289 silly audit   'is-set': [ '2.0.3' ],
3289 silly audit   'is-shared-array-buffer': [ '1.0.4' ],
3289 silly audit   'is-typed-array': [ '1.1.15' ],
3289 silly audit   'is-weakref': [ '1.1.1' ],
3289 silly audit   'object-inspect': [ '1.13.4' ],
3289 silly audit   'object.assign': [ '4.1.7' ],
3289 silly audit   'own-keys': [ '1.0.2' ],
3289 silly audit   'regexp.prototype.flags': [ '1.5.4' ],
3289 silly audit   'safe-array-concat': [ '1.1.4' ],
3289 silly audit   'safe-push-apply': [ '1.0.0' ],
3289 silly audit   'safe-regex-test': [ '1.1.0' ],
3289 silly audit   'set-proto': [ '1.0.0' ],
3289 silly audit   'stop-iteration-iterator': [ '1.1.0' ],
3289 silly audit   'string.prototype.trim': [ '1.2.11' ],
3289 silly audit   'string.prototype.trimstart': [ '1.0.8' ],
3289 silly audit   'typed-array-buffer': [ '1.0.3' ],
3289 silly audit   'typed-array-byte-length': [ '1.0.3' ],
3289 silly audit   'typed-array-byte-offset': [ '1.0.4' ],
3289 silly audit   'typed-array-length': [ '1.0.8' ],
3289 silly audit   'unbox-primitive': [ '1.1.0' ],
3289 silly audit   'which-typed-array': [ '1.1.22' ],
3289 silly audit   'possible-typed-array-names': [ '1.1.0' ],
3289 silly audit   'has-tostringtag': [ '1.0.2' ],
3289 silly audit   'es-abstract-get': [ '1.0.0' ],
3289 silly audit   'is-date-object': [ '1.1.0' ],
3289 silly audit   'is-symbol': [ '1.1.1' ],
3289 silly audit   'ast-types-flow': [ '0.0.8' ],
3289 silly audit   'axe-core': [ '4.13.0' ],
3289 silly audit   'axobject-query': [ '4.1.0' ],
3289 silly audit   'damerau-levenshtein': [ '1.0.8' ],
3289 silly audit   'emoji-regex': [ '9.2.2' ],
3289 silly audit   'jsx-ast-utils': [ '3.3.5' ],
3289 silly audit   'language-tags': [ '1.0.9' ],
3289 silly audit   'string.prototype.includes': [ '2.0.1' ],
3289 silly audit   'array.prototype.findlast': [ '1.2.5' ],
3289 silly audit   'array.prototype.tosorted': [ '1.1.4' ],
3289 silly audit   'es-iterator-helpers': [ '1.4.0' ],
3289 silly audit   estraverse: [ '5.3.0' ],
3289 silly audit   'object.entries': [ '1.1.9' ],
3289 silly audit   'prop-types': [ '15.8.1' ],
3289 silly audit   'string.prototype.matchall': [ '4.0.12' ],
3289 silly audit   'string.prototype.repeat': [ '1.0.0' ],
3289 silly audit   'iterator.prototype': [ '1.1.5' ],
3289 silly audit   '@babel/core': [ '7.29.7' ],
3289 silly audit   '@babel/parser': [ '7.29.8' ],
3289 silly audit   'hermes-parser': [ '0.25.1' ],
3289 silly audit   zod: [ '4.4.3' ],
3289 silly audit   'zod-validation-error': [ '4.0.2' ],
3289 silly audit   '@babel/generator': [ '7.29.8' ],
3289 silly audit   '@babel/helper-compilation-targets': [ '7.29.7' ],
3289 silly audit   '@babel/helper-module-transforms': [ '7.29.7' ],
3289 silly audit   '@babel/helpers': [ '7.29.7' ],
3289 silly audit   '@babel/template': [ '7.29.7' ],
3289 silly audit   '@babel/traverse': [ '7.29.8' ],
3289 silly audit   '@babel/types': [ '7.29.8' ],
3289 silly audit   '@jridgewell/remapping': [ '2.3.5' ],
3289 silly audit   'convert-source-map': [ '2.0.0' ],
3289 silly audit   gensync: [ '1.0.0-beta.2' ],
3289 silly audit   json5: [ '2.2.3', '1.0.2' ],
3289 silly audit   '@jridgewell/gen-mapping': [ '0.3.13' ],
3289 silly audit   '@jridgewell/trace-mapping': [ '0.3.31' ],
3289 silly audit   jsesc: [ '3.1.0' ],
3289 silly audit   '@babel/compat-data': [ '7.29.7' ],
3289 silly audit   '@babel/helper-validator-option': [ '7.29.7' ],
3289 silly audit   browserslist: [ '4.28.8' ],
3289 silly audit   'lru-cache': [ '5.1.1', '10.4.3' ],
3289 silly audit   '@babel/helper-module-imports': [ '7.29.7' ],
3289 silly audit   '@babel/helper-globals': [ '7.29.7' ],
3289 silly audit   '@babel/helper-string-parser': [ '7.29.7' ],
3289 silly audit   '@jridgewell/sourcemap-codec': [ '1.5.5' ],
3289 silly audit   '@jridgewell/resolve-uri': [ '3.1.2' ],
3289 silly audit   'baseline-browser-mapping': [ '2.11.13' ],
3289 silly audit   'caniuse-lite': [ '1.0.30001809' ],
3289 silly audit   'electron-to-chromium': [ '1.5.405' ],
3289 silly audit   'node-releases': [ '2.0.53' ],
3289 silly audit   'update-browserslist-db': [ '1.3.1' ],
3289 silly audit   esrecurse: [ '4.3.0' ],
3289 silly audit   acorn: [ '8.18.0' ],
3289 silly audit   'acorn-jsx': [ '5.3.2' ],
3289 silly audit   '@nodelib/fs.stat': [ '2.0.5' ],
3289 silly audit   '@nodelib/fs.walk': [ '1.2.8' ],
3289 silly audit   merge2: [ '1.4.1' ],
3289 silly audit   micromatch: [ '4.0.8' ],
3289 silly audit   '@nodelib/fs.scandir': [ '2.1.5' ],
3289 silly audit   fastq: [ '1.20.1' ],
3289 silly audit   'run-parallel': [ '1.2.0' ],
3289 silly audit   reusify: [ '1.1.0' ],
3289 silly audit   'flat-cache': [ '4.0.1' ],
3289 silly audit   'locate-path': [ '6.0.0' ],
3289 silly audit   'path-exists': [ '4.0.0' ],
3289 silly audit   flatted: [ '3.4.4' ],
3289 silly audit   keyv: [ '4.5.4' ],
3289 silly audit   'functions-have-names': [ '1.2.3' ],
3289 silly audit   'is-document.all': [ '1.0.0' ],
3289 silly audit   'dunder-proto': [ '1.0.1' ],
3289 silly audit   'resolve-pkg-maps': [ '1.0.0' ],
3289 silly audit   'hermes-estree': [ '0.25.1' ],
3289 silly audit   'parent-module': [ '1.0.1' ],
3289 silly audit   'resolve-from': [ '4.0.0' ],
3289 silly audit   'side-channel': [ '1.1.1' ],
3289 silly audit   'is-extglob': [ '2.1.1' ],
3289 silly audit   'set-function-name': [ '2.0.2' ],
3289 silly audit   argparse: [ '2.0.1' ],
3289 silly audit   cssstyle: [ '4.6.0' ],
3289 silly audit   'data-urls': [ '5.0.0' ],
3289 silly audit   'decimal.js': [ '10.6.0' ],
3289 silly audit   'form-data': [ '4.0.6' ],
3289 silly audit   'html-encoding-sniffer': [ '4.0.0' ],
3289 silly audit   'http-proxy-agent': [ '7.0.2' ],
3289 silly audit   'https-proxy-agent': [ '7.0.6' ],
3289 silly audit   'is-potential-custom-element-name': [ '1.0.1' ],
3289 silly audit   nwsapi: [ '2.2.24' ],
3289 silly audit   parse5: [ '7.3.0' ],
3289 silly audit   'rrweb-cssom': [ '0.7.1', '0.8.0' ],
3289 silly audit   saxes: [ '6.0.0' ],
3289 silly audit   'symbol-tree': [ '3.2.4' ],
3289 silly audit   'tough-cookie': [ '5.1.2' ],
3289 silly audit   'w3c-xmlserializer': [ '5.0.0' ],
3289 silly audit   'webidl-conversions': [ '7.0.0' ],
3289 silly audit   'whatwg-encoding': [ '3.1.1' ],
3289 silly audit   'whatwg-mimetype': [ '4.0.0' ],
3289 silly audit   'whatwg-url': [ '14.2.0' ],
3289 silly audit   ws: [ '8.21.3' ],
3289 silly audit   'xml-name-validator': [ '5.0.0' ],
3289 silly audit   '@asamuzakjp/css-color': [ '3.2.0' ],
3289 silly audit   '@csstools/css-calc': [ '2.1.4' ],
3289 silly audit   '@csstools/css-tokenizer': [ '3.0.4' ],
3289 silly audit   '@csstools/css-parser-algorithms': [ '3.0.5' ],
3289 silly audit   '@csstools/css-color-parser': [ '3.1.0' ],
3289 silly audit   '@csstools/color-helpers': [ '5.1.0' ],
3289 silly audit   asynckit: [ '0.4.0' ],
3289 silly audit   'combined-stream': [ '1.0.8' ],
3289 silly audit   'mime-types': [ '2.1.35' ],
3289 silly audit   'delayed-stream': [ '1.0.0' ],
3289 silly audit   'agent-base': [ '7.1.4' ],
3289 silly audit   'json-buffer': [ '3.0.1' ],
3289 silly audit   'language-subtag-registry': [ '0.3.23' ],
3289 silly audit   'prelude-ls': [ '1.2.1' ],
3289 silly audit   'type-check': [ '0.4.0' ],
3289 silly audit   'p-locate': [ '5.0.0' ],
3289 silly audit   yallist: [ '3.1.1' ],
3289 silly audit   braces: [ '3.0.3' ],
3289 silly audit   picomatch: [ '2.3.2', '4.0.5' ],
3289 silly audit   'fill-range': [ '7.1.1' ],
3289 silly audit   'to-regex-range': [ '5.0.1' ],
3289 silly audit   'mime-db': [ '1.52.0' ],
3289 silly audit   'brace-expansion': [ '1.1.18', '5.0.9' ],
3289 silly audit   'balanced-match': [ '1.0.2', '4.0.4' ],
3289 silly audit   'concat-map': [ '0.0.1' ],
3289 silly audit   dompurify: [ '3.4.8' ],
3289 silly audit   marked: [ '14.0.0' ],
3289 silly audit   '@types/trusted-types': [ '2.0.7' ],
3289 silly audit   '@next/env': [ '16.3.0' ],
3289 silly audit   '@next/swc-darwin-arm64': [ '16.3.0' ],
3289 silly audit   '@next/swc-darwin-x64': [ '16.3.0' ],
3289 silly audit   '@next/swc-linux-arm64-gnu': [ '16.3.0' ],
3289 silly audit   '@next/swc-linux-arm64-musl': [ '16.3.0' ],
3289 silly audit   '@next/swc-linux-x64-gnu': [ '16.3.0' ],
3289 silly audit   '@next/swc-linux-x64-musl': [ '16.3.0' ],
3289 silly audit   '@next/swc-win32-arm64-msvc': [ '16.3.0' ],
3289 silly audit   '@next/swc-win32-x64-msvc': [ '16.3.0' ],
3289 silly audit   '@swc/helpers': [ '0.5.15' ],
3289 silly audit   postcss: [ '8.5.23' ],
3289 silly audit   sharp: [ '0.35.3' ],
3289 silly audit   'styled-jsx': [ '5.1.6' ],
3289 silly audit   'deep-is': [ '0.1.4' ],
3289 silly audit   'fast-levenshtein': [ '2.0.6' ],
3289 silly audit   'word-wrap': [ '1.2.5' ],
3289 silly audit   'p-limit': [ '3.1.0' ],
3289 silly audit   'yocto-queue': [ '0.1.0' ],
3289 silly audit   callsites: [ '3.1.0' ],
3289 silly audit   entities: [ '6.0.1' ],
3289 silly audit   nanoid: [ '3.3.18' ],
3289 silly audit   'source-map-js': [ '1.2.1' ],
3289 silly audit   'ansi-regex': [ '5.0.1' ],
3289 silly audit   'react-is': [ '17.0.2', '16.13.1' ],
3289 silly audit   'loose-envify': [ '1.4.0' ],
3289 silly audit   'object-assign': [ '4.1.1' ],
3289 silly audit   scheduler: [ '0.27.0' ],
3289 silly audit   'indent-string': [ '4.0.0' ],
3289 silly audit   'strip-indent': [ '3.0.0' ],
3289 silly audit   'node-exports-info': [ '1.6.2' ],
3289 silly audit   'path-parse': [ '1.0.7' ],
3289 silly audit   'supports-preserve-symlinks-flag': [ '1.0.0' ],
3289 silly audit   'queue-microtask': [ '1.2.3' ],
3289 silly audit   isarray: [ '2.0.5' ],
3289 silly audit   xmlchars: [ '2.2.0' ],
3289 silly audit   '@img/colour': [ '1.1.0' ],
3289 silly audit   '@img/sharp-darwin-arm64': [ '0.35.3' ],
3289 silly audit   '@img/sharp-darwin-x64': [ '0.35.3' ],
3289 silly audit   '@img/sharp-freebsd-wasm32': [ '0.35.3' ],
3289 silly audit   '@img/sharp-libvips-darwin-arm64': [ '1.3.2' ],
3289 silly audit   '@img/sharp-libvips-darwin-x64': [ '1.3.2' ],
3289 silly audit   '@img/sharp-libvips-linux-arm': [ '1.3.2' ],
3289 silly audit   '@img/sharp-libvips-linux-arm64': [ '1.3.2' ],
3289 silly audit   '@img/sharp-libvips-linux-ppc64': [ '1.3.2' ],
3289 silly audit   '@img/sharp-libvips-linux-riscv64': [ '1.3.2' ],
3289 silly audit   '@img/sharp-libvips-linux-s390x': [ '1.3.2' ],
3289 silly audit   '@img/sharp-libvips-linux-x64': [ '1.3.2' ],
3289 silly audit   '@img/sharp-libvips-linuxmusl-arm64': [ '1.3.2' ],
3289 silly audit   '@img/sharp-libvips-linuxmusl-x64': [ '1.3.2' ],
3289 silly audit   '@img/sharp-linux-arm': [ '0.35.3' ],
3289 silly audit   '@img/sharp-linux-arm64': [ '0.35.3' ],
3289 silly audit   '@img/sharp-linux-ppc64': [ '0.35.3' ],
3289 silly audit   '@img/sharp-linux-riscv64': [ '0.35.3' ],
3289 silly audit   '@img/sharp-linux-s390x': [ '0.35.3' ],
3289 silly audit   '@img/sharp-linux-x64': [ '0.35.3' ],
3289 silly audit   '@img/sharp-linuxmusl-arm64': [ '0.35.3' ],
3289 silly audit   '@img/sharp-linuxmusl-x64': [ '0.35.3' ],
3289 silly audit   '@img/sharp-webcontainers-wasm32': [ '0.35.3' ],
3289 silly audit   '@img/sharp-win32-arm64': [ '0.35.3' ],
3289 silly audit   '@img/sharp-win32-ia32': [ '0.35.3' ],
3289 silly audit   '@img/sharp-win32-x64': [ '0.35.3' ],
3289 silly audit   'detect-libc': [ '2.1.2' ],
3289 silly audit   '@img/sharp-wasm32': [ '0.35.3' ],
3289 silly audit   '@emnapi/runtime': [ '1.11.3', '1.10.0' ],
3289 silly audit   'shebang-regex': [ '3.0.0' ],
3289 silly audit   'side-channel-list': [ '1.0.1' ],
3289 silly audit   'side-channel-map': [ '1.0.1' ],
3289 silly audit   'side-channel-weakmap': [ '1.0.2' ],
3289 silly audit   'min-indent': [ '1.0.1' ],
3289 silly audit   'client-only': [ '0.0.1' ],
3289 silly audit   'has-flag': [ '4.0.0' ],
3289 silly audit   fdir: [ '6.5.0' ],
3289 silly audit   'is-number': [ '7.0.0' ],
3289 silly audit   tldts: [ '6.1.86' ],
3289 silly audit   'tldts-core': [ '6.1.86' ],
3289 silly audit   '@types/json5': [ '0.0.29' ],
3289 silly audit   minimist: [ '1.2.8' ],
3289 silly audit   'strip-bom': [ '3.0.0' ],
3289 silly audit   'for-each': [ '0.3.5' ],
3289 silly audit   'reflect.getprototypeof': [ '1.0.10' ],
3289 silly audit   'which-builtin-type': [ '1.2.1' ],
3289 silly audit   '@typescript-eslint/eslint-plugin': [ '8.67.0' ],
3289 silly audit   '@typescript-eslint/parser': [ '8.67.0' ],
3289 silly audit   '@typescript-eslint/typescript-estree': [ '8.67.0' ],
3289 silly audit   '@typescript-eslint/utils': [ '8.67.0' ],
3289 silly audit   '@typescript-eslint/scope-manager': [ '8.67.0' ],
3289 silly audit   '@typescript-eslint/type-utils': [ '8.67.0' ],
3289 silly audit   '@typescript-eslint/visitor-keys': [ '8.67.0' ],
3289 silly audit   'ts-api-utils': [ '2.5.0' ],
3289 silly audit   '@typescript-eslint/types': [ '8.67.0' ],
3289 silly audit   '@typescript-eslint/project-service': [ '8.67.0' ],
3289 silly audit   '@typescript-eslint/tsconfig-utils': [ '8.67.0' ],
3289 silly audit   'has-bigints': [ '1.1.0' ],
3289 silly audit   'which-boxed-primitive': [ '1.1.1' ],
3289 silly audit   '@unrs/resolver-binding-android-arm-eabi': [ '1.12.2' ],
3289 silly audit   '@unrs/resolver-binding-android-arm64': [ '1.12.2' ],
3289 silly audit   '@unrs/resolver-binding-darwin-arm64': [ '1.12.2' ],
3289 silly audit   '@unrs/resolver-binding-darwin-x64': [ '1.12.2' ],
3289 silly audit   '@unrs/resolver-binding-freebsd-x64': [ '1.12.2' ],
3289 silly audit   '@unrs/resolver-binding-linux-arm-gnueabihf': [ '1.12.2' ],
3289 silly audit   '@unrs/resolver-binding-linux-arm-musleabihf': [ '1.12.2' ],
3289 silly audit   '@unrs/resolver-binding-linux-arm64-gnu': [ '1.12.2' ],
3289 silly audit   '@unrs/resolver-binding-linux-arm64-musl': [ '1.12.2' ],
3289 silly audit   '@unrs/resolver-binding-linux-loong64-gnu': [ '1.12.2' ],
3289 silly audit   '@unrs/resolver-binding-linux-loong64-musl': [ '1.12.2' ],
3289 silly audit   '@unrs/resolver-binding-linux-ppc64-gnu': [ '1.12.2' ],
3289 silly audit   '@unrs/resolver-binding-linux-riscv64-gnu': [ '1.12.2' ],
3289 silly audit   '@unrs/resolver-binding-linux-riscv64-musl': [ '1.12.2' ],
3289 silly audit   '@unrs/resolver-binding-linux-s390x-gnu': [ '1.12.2' ],
3289 silly audit   '@unrs/resolver-binding-linux-x64-gnu': [ '1.12.2' ],
3289 silly audit   '@unrs/resolver-binding-linux-x64-musl': [ '1.12.2' ],
3289 silly audit   '@unrs/resolver-binding-openharmony-arm64': [ '1.12.2' ],
3289 silly audit   '@unrs/resolver-binding-wasm32-wasi': [ '1.12.2' ],
3289 silly audit   '@unrs/resolver-binding-win32-arm64-msvc': [ '1.12.2' ],
3289 silly audit   '@unrs/resolver-binding-win32-ia32-msvc': [ '1.12.2' ],
3289 silly audit   '@unrs/resolver-binding-win32-x64-msvc': [ '1.12.2' ],
3289 silly audit   'napi-postinstall': [ '0.3.4' ],
3289 silly audit   '@emnapi/core': [ '1.10.0' ],
3289 silly audit   '@napi-rs/wasm-runtime': [ '1.2.3' ],
3289 silly audit   '@emnapi/wasi-threads': [ '1.2.1' ],
3289 silly audit   '@tybys/wasm-util': [ '0.10.3' ],
3289 silly audit   escalade: [ '3.2.0' ],
3289 silly audit   punycode: [ '2.3.1' ],
3289 silly audit   '@vitest/expect': [ '2.1.9' ],
3289 silly audit   '@vitest/mocker': [ '2.1.9' ],
3289 silly audit   '@vitest/pretty-format': [ '2.1.9' ],
3289 silly audit   '@vitest/runner': [ '2.1.9' ],
3289 silly audit   '@vitest/snapshot': [ '2.1.9' ],
3289 silly audit   '@vitest/spy': [ '2.1.9' ],
3289 silly audit   '@vitest/utils': [ '2.1.9' ],
3289 silly audit   chai: [ '5.3.3' ],
3289 silly audit   'expect-type': [ '1.4.0' ],
3289 silly audit   'magic-string': [ '0.30.21' ],
3289 silly audit   pathe: [ '1.1.2' ],
3289 silly audit   'std-env': [ '3.10.0' ],
3289 silly audit   tinybench: [ '2.9.0' ],
3289 silly audit   tinyexec: [ '0.3.2' ],
3289 silly audit   tinypool: [ '1.1.1' ],
3289 silly audit   tinyrainbow: [ '1.2.0' ],
3289 silly audit   vite: [ '5.4.21' ],
3289 silly audit   'vite-node': [ '2.1.9' ],
3289 silly audit   'why-is-node-running': [ '2.3.0' ],
3289 silly audit   'estree-walker': [ '3.0.3' ],
3289 silly audit   tinyspy: [ '3.0.2' ],
3289 silly audit   loupe: [ '3.2.1' ],
3289 silly audit   'assertion-error': [ '2.0.1' ],
3289 silly audit   'check-error': [ '2.1.3' ],
3289 silly audit   'deep-eql': [ '5.0.2' ],
3289 silly audit   pathval: [ '2.0.1' ],
3289 silly audit   esbuild: [ '0.21.5' ],
3289 silly audit   fsevents: [ '2.3.3' ],
3289 silly audit   rollup: [ '4.62.4' ],
3289 silly audit   '@esbuild/aix-ppc64': [ '0.21.5' ],
3289 silly audit   '@esbuild/android-arm': [ '0.21.5' ],
3289 silly audit   '@esbuild/android-arm64': [ '0.21.5' ],
3289 silly audit   '@esbuild/android-x64': [ '0.21.5' ],
3289 silly audit   '@esbuild/darwin-arm64': [ '0.21.5' ],
3289 silly audit   '@esbuild/darwin-x64': [ '0.21.5' ],
3289 silly audit   '@esbuild/freebsd-arm64': [ '0.21.5' ],
3289 silly audit   '@esbuild/freebsd-x64': [ '0.21.5' ],
3289 silly audit   '@esbuild/linux-arm': [ '0.21.5' ],
3289 silly audit   '@esbuild/linux-arm64': [ '0.21.5' ],
3289 silly audit   '@esbuild/linux-ia32': [ '0.21.5' ],
3289 silly audit   '@esbuild/linux-loong64': [ '0.21.5' ],
3289 silly audit   '@esbuild/linux-mips64el': [ '0.21.5' ],
3289 silly audit   '@esbuild/linux-ppc64': [ '0.21.5' ],
3289 silly audit   '@esbuild/linux-riscv64': [ '0.21.5' ],
3289 silly audit   '@esbuild/linux-s390x': [ '0.21.5' ],
3289 silly audit   '@esbuild/linux-x64': [ '0.21.5' ],
3289 silly audit   '@esbuild/netbsd-x64': [ '0.21.5' ],
3289 silly audit   '@esbuild/openbsd-x64': [ '0.21.5' ],
3289 silly audit   '@esbuild/sunos-x64': [ '0.21.5' ],
3289 silly audit   '@esbuild/win32-arm64': [ '0.21.5' ],
3289 silly audit   '@esbuild/win32-ia32': [ '0.21.5' ],
3289 silly audit   '@esbuild/win32-x64': [ '0.21.5' ],
3289 silly audit   '@napi-rs/lzma-linux-x64-gnu': [ '1.5.1' ],
3289 silly audit   '@rollup/rollup-android-arm-eabi': [ '4.62.4' ],
3289 silly audit   '@rollup/rollup-android-arm64': [ '4.62.4' ],
3289 silly audit   '@rollup/rollup-darwin-arm64': [ '4.62.4' ],
3289 silly audit   '@rollup/rollup-darwin-x64': [ '4.62.4' ],
3289 silly audit   '@rollup/rollup-freebsd-arm64': [ '4.62.4' ],
3289 silly audit   '@rollup/rollup-freebsd-x64': [ '4.62.4' ],
3289 silly audit   '@rollup/rollup-linux-arm-gnueabihf': [ '4.62.4' ],
3289 silly audit   '@rollup/rollup-linux-arm-musleabihf': [ '4.62.4' ],
3289 silly audit   '@rollup/rollup-linux-arm64-gnu': [ '4.62.4' ],
3289 silly audit   '@rollup/rollup-linux-arm64-musl': [ '4.62.4' ],
3289 silly audit   '@rollup/rollup-linux-loong64-gnu': [ '4.62.4' ],
3289 silly audit   '@rollup/rollup-linux-loong64-musl': [ '4.62.4' ],
3289 silly audit   '@rollup/rollup-linux-ppc64-gnu': [ '4.62.4' ],
3289 silly audit   '@rollup/rollup-linux-ppc64-musl': [ '4.62.4' ],
3289 silly audit   '@rollup/rollup-linux-riscv64-gnu': [ '4.62.4' ],
3289 silly audit   '@rollup/rollup-linux-riscv64-musl': [ '4.62.4' ],
3289 silly audit   '@rollup/rollup-linux-s390x-gnu': [ '4.62.4' ],
3289 silly audit   '@rollup/rollup-linux-x64-gnu': [ '4.62.4' ],
3289 silly audit   '@rollup/rollup-linux-x64-musl': [ '4.62.4' ],
3289 silly audit   '@rollup/rollup-openbsd-x64': [ '4.62.4' ],
3289 silly audit   '@rollup/rollup-openharmony-arm64': [ '4.62.4' ],
3289 silly audit   '@rollup/rollup-win32-arm64-msvc': [ '4.62.4' ],
3289 silly audit   '@rollup/rollup-win32-ia32-msvc': [ '4.62.4' ],
3289 silly audit   '@rollup/rollup-win32-x64-gnu': [ '4.62.4' ],
3289 silly audit   '@rollup/rollup-win32-x64-msvc': [ '4.62.4' ],
3289 silly audit   cac: [ '6.7.14' ],
3289 silly audit   'es-module-lexer': [ '1.7.0' ],
3289 silly audit   'iconv-lite': [ '0.6.3' ],
3289 silly audit   'safer-buffer': [ '2.1.2' ],
3289 silly audit   tr46: [ '5.1.1' ],
3289 silly audit   isexe: [ '2.0.0' ],
3289 silly audit   'is-bigint': [ '1.1.0' ],
3289 silly audit   'is-boolean-object': [ '1.2.2' ],
3289 silly audit   'is-number-object': [ '1.1.1' ],
3289 silly audit   'is-async-function': [ '2.1.1' ],
3289 silly audit   'is-finalizationregistry': [ '1.1.1' ],
3289 silly audit   'is-generator-function': [ '1.1.2' ],
3289 silly audit   'which-collection': [ '1.0.2' ],
3289 silly audit   'async-function': [ '1.0.0' ],
3289 silly audit   'generator-function': [ '2.0.1' ],
3289 silly audit   'is-map': [ '2.0.3' ],
3289 silly audit   'is-weakmap': [ '2.0.2' ],
3289 silly audit   'is-weakset': [ '2.0.4' ],
3289 silly audit   siginfo: [ '2.0.0' ],
3289 silly audit   stackback: [ '0.0.2' ]
3289 silly audit }
3290 http cache stackback@https://registry.npmjs.org/stackback/-/stackback-0.0.2.tgz 0ms (cache hit)
3291 http cache siginfo@https://registry.npmjs.org/siginfo/-/siginfo-2.0.0.tgz 0ms (cache hit)
3292 http cache is-weakmap@https://registry.npmjs.org/is-weakmap/-/is-weakmap-2.0.2.tgz 0ms (cache hit)
3293 http cache is-map@https://registry.npmjs.org/is-map/-/is-map-2.0.3.tgz 0ms (cache hit)
3294 http cache is-weakset@https://registry.npmjs.org/is-weakset/-/is-weakset-2.0.4.tgz 0ms (cache hit)
3295 http cache async-function@https://registry.npmjs.org/async-function/-/async-function-1.0.0.tgz 0ms (cache hit)
3296 http cache generator-function@https://registry.npmjs.org/generator-function/-/generator-function-2.0.1.tgz 0ms (cache hit)
3297 http cache which-collection@https://registry.npmjs.org/which-collection/-/which-collection-1.0.2.tgz 0ms (cache hit)
3298 http cache is-finalizationregistry@https://registry.npmjs.org/is-finalizationregistry/-/is-finalizationregistry-1.1.1.tgz 0ms (cache hit)
3299 http cache is-async-function@https://registry.npmjs.org/is-async-function/-/is-async-function-2.1.1.tgz 0ms (cache hit)
3300 http cache is-number-object@https://registry.npmjs.org/is-number-object/-/is-number-object-1.1.1.tgz 0ms (cache hit)
3301 http cache is-bigint@https://registry.npmjs.org/is-bigint/-/is-bigint-1.1.0.tgz 0ms (cache hit)
3302 http cache is-generator-function@https://registry.npmjs.org/is-generator-function/-/is-generator-function-1.1.2.tgz 0ms (cache hit)
3303 http cache is-boolean-object@https://registry.npmjs.org/is-boolean-object/-/is-boolean-object-1.2.2.tgz 0ms (cache hit)
3304 http cache isexe@https://registry.npmjs.org/isexe/-/isexe-2.0.0.tgz 0ms (cache hit)
3305 http cache @rollup/rollup-win32-x64-msvc@https://registry.npmjs.org/@rollup/rollup-win32-x64-msvc/-/rollup-win32-x64-msvc-4.62.4.tgz 0ms (cache hit)
3306 http cache es-module-lexer@https://registry.npmjs.org/es-module-lexer/-/es-module-lexer-1.7.0.tgz 0ms (cache hit)
3307 http cache safer-buffer@https://registry.npmjs.org/safer-buffer/-/safer-buffer-2.1.2.tgz 0ms (cache hit)
3308 http cache iconv-lite@https://registry.npmjs.org/iconv-lite/-/iconv-lite-0.6.3.tgz 0ms (cache hit)
3309 http cache @rollup/rollup-win32-x64-gnu@https://registry.npmjs.org/@rollup/rollup-win32-x64-gnu/-/rollup-win32-x64-gnu-4.62.4.tgz 0ms (cache hit)
3310 http cache cac@https://registry.npmjs.org/cac/-/cac-6.7.14.tgz 0ms (cache hit)
3311 http cache @esbuild/win32-x64@https://registry.npmjs.org/@esbuild/win32-x64/-/win32-x64-0.21.5.tgz 0ms (cache hit)
3312 http cache rollup@https://registry.npmjs.org/rollup/-/rollup-4.62.4.tgz 0ms (cache hit)
3313 http cache deep-eql@https://registry.npmjs.org/deep-eql/-/deep-eql-5.0.2.tgz 0ms (cache hit)
3314 http cache pathval@https://registry.npmjs.org/pathval/-/pathval-2.0.1.tgz 0ms (cache hit)
3315 http cache check-error@https://registry.npmjs.org/check-error/-/check-error-2.1.3.tgz 0ms (cache hit)
3316 http cache assertion-error@https://registry.npmjs.org/assertion-error/-/assertion-error-2.0.1.tgz 0ms (cache hit)
3317 http cache esbuild@https://registry.npmjs.org/esbuild/-/esbuild-0.21.5.tgz 0ms (cache hit)
3318 http cache loupe@https://registry.npmjs.org/loupe/-/loupe-3.2.1.tgz 0ms (cache hit)
3319 http cache tinyspy@https://registry.npmjs.org/tinyspy/-/tinyspy-3.0.2.tgz 0ms (cache hit)
3320 http cache why-is-node-running@https://registry.npmjs.org/why-is-node-running/-/why-is-node-running-2.3.0.tgz 0ms (cache hit)
3321 http cache estree-walker@https://registry.npmjs.org/estree-walker/-/estree-walker-3.0.3.tgz 0ms (cache hit)
3322 http cache vite-node@https://registry.npmjs.org/vite-node/-/vite-node-2.1.9.tgz 0ms (cache hit)
3323 http cache vite@https://registry.npmjs.org/vite/-/vite-5.4.21.tgz 0ms (cache hit)
3324 http cache tr46@https://registry.npmjs.org/tr46/-/tr46-5.1.1.tgz 0ms (cache hit)
3325 http cache tinybench@https://registry.npmjs.org/tinybench/-/tinybench-2.9.0.tgz 0ms (cache hit)
3326 http cache tinypool@https://registry.npmjs.org/tinypool/-/tinypool-1.1.1.tgz 0ms (cache hit)
3327 http cache tinyexec@https://registry.npmjs.org/tinyexec/-/tinyexec-0.3.2.tgz 0ms (cache hit)
3328 http cache pathe@https://registry.npmjs.org/pathe/-/pathe-1.1.2.tgz 0ms (cache hit)
3329 http cache tinyrainbow@https://registry.npmjs.org/tinyrainbow/-/tinyrainbow-1.2.0.tgz 0ms (cache hit)
3330 http cache magic-string@https://registry.npmjs.org/magic-string/-/magic-string-0.30.21.tgz 0ms (cache hit)
3331 http cache chai@https://registry.npmjs.org/chai/-/chai-5.3.3.tgz 0ms (cache hit)
3332 http cache std-env@https://registry.npmjs.org/std-env/-/std-env-3.10.0.tgz 0ms (cache hit)
3333 http cache expect-type@https://registry.npmjs.org/expect-type/-/expect-type-1.4.0.tgz 0ms (cache hit)
3334 http cache @vitest/utils@https://registry.npmjs.org/@vitest/utils/-/utils-2.1.9.tgz 0ms (cache hit)
3335 http cache @vitest/snapshot@https://registry.npmjs.org/@vitest/snapshot/-/snapshot-2.1.9.tgz 0ms (cache hit)
3336 http cache @vitest/spy@https://registry.npmjs.org/@vitest/spy/-/spy-2.1.9.tgz 0ms (cache hit)
3337 http cache @vitest/mocker@https://registry.npmjs.org/@vitest/mocker/-/mocker-2.1.9.tgz 0ms (cache hit)
3338 http cache @vitest/pretty-format@https://registry.npmjs.org/@vitest/pretty-format/-/pretty-format-2.1.9.tgz 0ms (cache hit)
3339 http cache escalade@https://registry.npmjs.org/escalade/-/escalade-3.2.0.tgz 0ms (cache hit)
3340 http cache @vitest/runner@https://registry.npmjs.org/@vitest/runner/-/runner-2.1.9.tgz 0ms (cache hit)
3341 http cache @vitest/expect@https://registry.npmjs.org/@vitest/expect/-/expect-2.1.9.tgz 0ms (cache hit)
3342 http cache @unrs/resolver-binding-win32-x64-msvc@https://registry.npmjs.org/@unrs/resolver-binding-win32-x64-msvc/-/resolver-binding-win32-x64-msvc-1.12.2.tgz 0ms (cache hit)
3343 http cache punycode@https://registry.npmjs.org/punycode/-/punycode-2.3.1.tgz 0ms (cache hit)
3344 http cache napi-postinstall@https://registry.npmjs.org/napi-postinstall/-/napi-postinstall-0.3.4.tgz 0ms (cache hit)
3345 http cache which-boxed-primitive@https://registry.npmjs.org/which-boxed-primitive/-/which-boxed-primitive-1.1.1.tgz 0ms (cache hit)
3346 http cache @typescript-eslint/tsconfig-utils@https://registry.npmjs.org/@typescript-eslint/tsconfig-utils/-/tsconfig-utils-8.67.0.tgz 0ms (cache hit)
3347 http cache has-bigints@https://registry.npmjs.org/has-bigints/-/has-bigints-1.1.0.tgz 0ms (cache hit)
3348 http cache @typescript-eslint/types@https://registry.npmjs.org/@typescript-eslint/types/-/types-8.67.0.tgz 0ms (cache hit)
3349 http cache ts-api-utils@https://registry.npmjs.org/ts-api-utils/-/ts-api-utils-2.5.0.tgz 0ms (cache hit)
3350 http cache @typescript-eslint/project-service@https://registry.npmjs.org/@typescript-eslint/project-service/-/project-service-8.67.0.tgz 0ms (cache hit)
3351 http cache @typescript-eslint/scope-manager@https://registry.npmjs.org/@typescript-eslint/scope-manager/-/scope-manager-8.67.0.tgz 0ms (cache hit)
3352 http cache @typescript-eslint/visitor-keys@https://registry.npmjs.org/@typescript-eslint/visitor-keys/-/visitor-keys-8.67.0.tgz 0ms (cache hit)
3353 http cache @typescript-eslint/utils@https://registry.npmjs.org/@typescript-eslint/utils/-/utils-8.67.0.tgz 0ms (cache hit)
3354 http cache @typescript-eslint/type-utils@https://registry.npmjs.org/@typescript-eslint/type-utils/-/type-utils-8.67.0.tgz 0ms (cache hit)
3355 http cache for-each@https://registry.npmjs.org/for-each/-/for-each-0.3.5.tgz 0ms (cache hit)
3356 http cache @typescript-eslint/parser@https://registry.npmjs.org/@typescript-eslint/parser/-/parser-8.67.0.tgz 0ms (cache hit)
3357 http cache @typescript-eslint/typescript-estree@https://registry.npmjs.org/@typescript-eslint/typescript-estree/-/typescript-estree-8.67.0.tgz 0ms (cache hit)
3358 http cache strip-bom@https://registry.npmjs.org/strip-bom/-/strip-bom-3.0.0.tgz 0ms (cache hit)
3359 http cache @typescript-eslint/eslint-plugin@https://registry.npmjs.org/@typescript-eslint/eslint-plugin/-/eslint-plugin-8.67.0.tgz 0ms (cache hit)
3360 http cache reflect.getprototypeof@https://registry.npmjs.org/reflect.getprototypeof/-/reflect.getprototypeof-1.0.10.tgz 0ms (cache hit)
3361 http cache which-builtin-type@https://registry.npmjs.org/which-builtin-type/-/which-builtin-type-1.2.1.tgz 0ms (cache hit)
3362 http cache minimist@https://registry.npmjs.org/minimist/-/minimist-1.2.8.tgz 0ms (cache hit)
3363 http cache tldts-core@https://registry.npmjs.org/tldts-core/-/tldts-core-6.1.86.tgz 0ms (cache hit)
3364 http cache is-number@https://registry.npmjs.org/is-number/-/is-number-7.0.0.tgz 0ms (cache hit)
3365 http cache @types/json5@https://registry.npmjs.org/@types/json5/-/json5-0.0.29.tgz 0ms (cache hit)
3366 http cache tldts@https://registry.npmjs.org/tldts/-/tldts-6.1.86.tgz 0ms (cache hit)
3367 http cache has-flag@https://registry.npmjs.org/has-flag/-/has-flag-4.0.0.tgz 0ms (cache hit)
3368 http cache client-only@https://registry.npmjs.org/client-only/-/client-only-0.0.1.tgz 0ms (cache hit)
3369 http cache min-indent@https://registry.npmjs.org/min-indent/-/min-indent-1.0.1.tgz 0ms (cache hit)
3370 http cache side-channel-weakmap@https://registry.npmjs.org/side-channel-weakmap/-/side-channel-weakmap-1.0.2.tgz 0ms (cache hit)
3371 http cache side-channel-map@https://registry.npmjs.org/side-channel-map/-/side-channel-map-1.0.1.tgz 0ms (cache hit)
3372 http cache side-channel-list@https://registry.npmjs.org/side-channel-list/-/side-channel-list-1.0.1.tgz 0ms (cache hit)
3373 http cache @emnapi/runtime@https://registry.npmjs.org/@emnapi/runtime/-/runtime-1.11.3.tgz 0ms (cache hit)
3374 http cache shebang-regex@https://registry.npmjs.org/shebang-regex/-/shebang-regex-3.0.0.tgz 0ms (cache hit)
3375 http cache detect-libc@https://registry.npmjs.org/detect-libc/-/detect-libc-2.1.2.tgz 0ms (cache hit)
3376 http cache @img/sharp-wasm32@https://registry.npmjs.org/@img/sharp-wasm32/-/sharp-wasm32-0.35.3.tgz 0ms (cache hit)
3377 http cache @img/sharp-win32-x64@https://registry.npmjs.org/@img/sharp-win32-x64/-/sharp-win32-x64-0.35.3.tgz 0ms (cache hit)
3378 http cache @img/colour@https://registry.npmjs.org/@img/colour/-/colour-1.1.0.tgz 0ms (cache hit)
3379 http cache isarray@https://registry.npmjs.org/isarray/-/isarray-2.0.5.tgz 0ms (cache hit)
3380 http cache queue-microtask@https://registry.npmjs.org/queue-microtask/-/queue-microtask-1.2.3.tgz 0ms (cache hit)
3381 http cache supports-preserve-symlinks-flag@https://registry.npmjs.org/supports-preserve-symlinks-flag/-/supports-preserve-symlinks-flag-1.0.0.tgz 0ms (cache hit)
3382 http cache path-parse@https://registry.npmjs.org/path-parse/-/path-parse-1.0.7.tgz 0ms (cache hit)
3383 http cache node-exports-info@https://registry.npmjs.org/node-exports-info/-/node-exports-info-1.6.2.tgz 0ms (cache hit)
3384 http cache strip-indent@https://registry.npmjs.org/strip-indent/-/strip-indent-3.0.0.tgz 0ms (cache hit)
3385 http cache scheduler@https://registry.npmjs.org/scheduler/-/scheduler-0.27.0.tgz 0ms (cache hit)
3386 http cache xmlchars@https://registry.npmjs.org/xmlchars/-/xmlchars-2.2.0.tgz 0ms (cache hit)
3387 http cache indent-string@https://registry.npmjs.org/indent-string/-/indent-string-4.0.0.tgz 0ms (cache hit)
3388 http cache object-assign@https://registry.npmjs.org/object-assign/-/object-assign-4.1.1.tgz 0ms (cache hit)
3389 http cache react-is@https://registry.npmjs.org/react-is/-/react-is-17.0.2.tgz 0ms (cache hit)
3390 http cache loose-envify@https://registry.npmjs.org/loose-envify/-/loose-envify-1.4.0.tgz 0ms (cache hit)
3391 http cache ansi-regex@https://registry.npmjs.org/ansi-regex/-/ansi-regex-5.0.1.tgz 0ms (cache hit)
3392 http cache source-map-js@https://registry.npmjs.org/source-map-js/-/source-map-js-1.2.1.tgz 0ms (cache hit)
3393 http cache callsites@https://registry.npmjs.org/callsites/-/callsites-3.1.0.tgz 0ms (cache hit)
3394 http cache nanoid@https://registry.npmjs.org/nanoid/-/nanoid-3.3.18.tgz 0ms (cache hit)
3395 http cache yocto-queue@https://registry.npmjs.org/yocto-queue/-/yocto-queue-0.1.0.tgz 0ms (cache hit)
3396 http cache p-limit@https://registry.npmjs.org/p-limit/-/p-limit-3.1.0.tgz 0ms (cache hit)
3397 http cache deep-is@https://registry.npmjs.org/deep-is/-/deep-is-0.1.4.tgz 0ms (cache hit)
3398 http cache word-wrap@https://registry.npmjs.org/word-wrap/-/word-wrap-1.2.5.tgz 0ms (cache hit)
3399 http cache entities@https://registry.npmjs.org/entities/-/entities-6.0.1.tgz 0ms (cache hit)
3400 http cache @next/swc-win32-x64-msvc@https://registry.npmjs.org/@next/swc-win32-x64-msvc/-/swc-win32-x64-msvc-16.3.0.tgz 0ms (cache hit)
3401 http cache fast-levenshtein@https://registry.npmjs.org/fast-levenshtein/-/fast-levenshtein-2.0.6.tgz 0ms (cache hit)
3402 http cache styled-jsx@https://registry.npmjs.org/styled-jsx/-/styled-jsx-5.1.6.tgz 0ms (cache hit)
3403 http cache postcss@https://registry.npmjs.org/postcss/-/postcss-8.5.23.tgz 0ms (cache hit)
3404 http cache sharp@https://registry.npmjs.org/sharp/-/sharp-0.35.3.tgz 0ms (cache hit)
3405 http cache @swc/helpers@https://registry.npmjs.org/@swc/helpers/-/helpers-0.5.15.tgz 0ms (cache hit)
3406 http cache @types/trusted-types@https://registry.npmjs.org/@types/trusted-types/-/trusted-types-2.0.7.tgz 0ms (cache hit)
3407 http cache @next/env@https://registry.npmjs.org/@next/env/-/env-16.3.0.tgz 0ms (cache hit)
3408 http cache marked@https://registry.npmjs.org/marked/-/marked-14.0.0.tgz 0ms (cache hit)
3409 http cache dompurify@https://registry.npmjs.org/dompurify/-/dompurify-3.4.8.tgz 0ms (cache hit)
3410 http cache concat-map@https://registry.npmjs.org/concat-map/-/concat-map-0.0.1.tgz 0ms (cache hit)
3411 http cache balanced-match@https://registry.npmjs.org/balanced-match/-/balanced-match-1.0.2.tgz 0ms (cache hit)
3412 http cache brace-expansion@https://registry.npmjs.org/brace-expansion/-/brace-expansion-1.1.18.tgz 0ms (cache hit)
3413 http cache mime-db@https://registry.npmjs.org/mime-db/-/mime-db-1.52.0.tgz 0ms (cache hit)
3414 http cache to-regex-range@https://registry.npmjs.org/to-regex-range/-/to-regex-range-5.0.1.tgz 0ms (cache hit)
3415 http cache yallist@https://registry.npmjs.org/yallist/-/yallist-3.1.1.tgz 0ms (cache hit)
3416 http cache fill-range@https://registry.npmjs.org/fill-range/-/fill-range-7.1.1.tgz 0ms (cache hit)
3417 http cache picomatch@https://registry.npmjs.org/picomatch/-/picomatch-2.3.2.tgz 0ms (cache hit)
3418 http cache braces@https://registry.npmjs.org/braces/-/braces-3.0.3.tgz 0ms (cache hit)
3419 http cache type-check@https://registry.npmjs.org/type-check/-/type-check-0.4.0.tgz 0ms (cache hit)
3420 http cache json-buffer@https://registry.npmjs.org/json-buffer/-/json-buffer-3.0.1.tgz 0ms (cache hit)
3421 http cache p-locate@https://registry.npmjs.org/p-locate/-/p-locate-5.0.0.tgz 0ms (cache hit)
3422 http cache language-subtag-registry@https://registry.npmjs.org/language-subtag-registry/-/language-subtag-registry-0.3.23.tgz 0ms (cache hit)
3423 http cache prelude-ls@https://registry.npmjs.org/prelude-ls/-/prelude-ls-1.2.1.tgz 0ms (cache hit)
3424 http cache agent-base@https://registry.npmjs.org/agent-base/-/agent-base-7.1.4.tgz 0ms (cache hit)
3425 http cache delayed-stream@https://registry.npmjs.org/delayed-stream/-/delayed-stream-1.0.0.tgz 0ms (cache hit)
3426 http cache combined-stream@https://registry.npmjs.org/combined-stream/-/combined-stream-1.0.8.tgz 0ms (cache hit)
3427 http cache mime-types@https://registry.npmjs.org/mime-types/-/mime-types-2.1.35.tgz 0ms (cache hit)
3428 http cache asynckit@https://registry.npmjs.org/asynckit/-/asynckit-0.4.0.tgz 0ms (cache hit)
3429 http cache @csstools/css-tokenizer@https://registry.npmjs.org/@csstools/css-tokenizer/-/css-tokenizer-3.0.4.tgz 0ms (cache hit)
3430 http cache @csstools/css-parser-algorithms@https://registry.npmjs.org/@csstools/css-parser-algorithms/-/css-parser-algorithms-3.0.5.tgz 0ms (cache hit)
3431 http cache @csstools/css-color-parser@https://registry.npmjs.org/@csstools/css-color-parser/-/css-color-parser-3.1.0.tgz 0ms (cache hit)
3432 http cache @csstools/css-calc@https://registry.npmjs.org/@csstools/css-calc/-/css-calc-2.1.4.tgz 0ms (cache hit)
3433 http cache @csstools/color-helpers@https://registry.npmjs.org/@csstools/color-helpers/-/color-helpers-5.1.0.tgz 0ms (cache hit)
3434 http cache @asamuzakjp/css-color@https://registry.npmjs.org/@asamuzakjp/css-color/-/css-color-3.2.0.tgz 0ms (cache hit)
3435 http cache ws@https://registry.npmjs.org/ws/-/ws-8.21.3.tgz 0ms (cache hit)
3436 http cache xml-name-validator@https://registry.npmjs.org/xml-name-validator/-/xml-name-validator-5.0.0.tgz 0ms (cache hit)
3437 http cache whatwg-url@https://registry.npmjs.org/whatwg-url/-/whatwg-url-14.2.0.tgz 0ms (cache hit)
3438 http cache whatwg-mimetype@https://registry.npmjs.org/whatwg-mimetype/-/whatwg-mimetype-4.0.0.tgz 0ms (cache hit)
3439 http cache whatwg-encoding@https://registry.npmjs.org/whatwg-encoding/-/whatwg-encoding-3.1.1.tgz 0ms (cache hit)
3440 http cache webidl-conversions@https://registry.npmjs.org/webidl-conversions/-/webidl-conversions-7.0.0.tgz 0ms (cache hit)
3441 http cache symbol-tree@https://registry.npmjs.org/symbol-tree/-/symbol-tree-3.2.4.tgz 0ms (cache hit)
3442 http cache w3c-xmlserializer@https://registry.npmjs.org/w3c-xmlserializer/-/w3c-xmlserializer-5.0.0.tgz 0ms (cache hit)
3443 http cache tough-cookie@https://registry.npmjs.org/tough-cookie/-/tough-cookie-5.1.2.tgz 0ms (cache hit)
3444 http cache saxes@https://registry.npmjs.org/saxes/-/saxes-6.0.0.tgz 0ms (cache hit)
3445 http cache rrweb-cssom@https://registry.npmjs.org/rrweb-cssom/-/rrweb-cssom-0.7.1.tgz 0ms (cache hit)
3446 http cache parse5@https://registry.npmjs.org/parse5/-/parse5-7.3.0.tgz 0ms (cache hit)
3447 http cache https-proxy-agent@https://registry.npmjs.org/https-proxy-agent/-/https-proxy-agent-7.0.6.tgz 0ms (cache hit)
3448 http cache nwsapi@https://registry.npmjs.org/nwsapi/-/nwsapi-2.2.24.tgz 0ms (cache hit)
3449 http cache is-potential-custom-element-name@https://registry.npmjs.org/is-potential-custom-element-name/-/is-potential-custom-element-name-1.0.1.tgz 0ms (cache hit)
3450 http cache form-data@https://registry.npmjs.org/form-data/-/form-data-4.0.6.tgz 1ms (cache hit)
3451 http cache http-proxy-agent@https://registry.npmjs.org/http-proxy-agent/-/http-proxy-agent-7.0.2.tgz 0ms (cache hit)
3452 http cache html-encoding-sniffer@https://registry.npmjs.org/html-encoding-sniffer/-/html-encoding-sniffer-4.0.0.tgz 0ms (cache hit)
3453 http cache decimal.js@https://registry.npmjs.org/decimal.js/-/decimal.js-10.6.0.tgz 0ms (cache hit)
3454 http cache data-urls@https://registry.npmjs.org/data-urls/-/data-urls-5.0.0.tgz 0ms (cache hit)
3455 http cache argparse@https://registry.npmjs.org/argparse/-/argparse-2.0.1.tgz 0ms (cache hit)
3456 http cache cssstyle@https://registry.npmjs.org/cssstyle/-/cssstyle-4.6.0.tgz 0ms (cache hit)
3457 http cache resolve-from@https://registry.npmjs.org/resolve-from/-/resolve-from-4.0.0.tgz 0ms (cache hit)
3458 http cache set-function-name@https://registry.npmjs.org/set-function-name/-/set-function-name-2.0.2.tgz 0ms (cache hit)
3459 http cache parent-module@https://registry.npmjs.org/parent-module/-/parent-module-1.0.1.tgz 0ms (cache hit)
3460 http cache is-extglob@https://registry.npmjs.org/is-extglob/-/is-extglob-2.1.1.tgz 0ms (cache hit)
3461 http cache side-channel@https://registry.npmjs.org/side-channel/-/side-channel-1.1.1.tgz 0ms (cache hit)
3462 http cache resolve-pkg-maps@https://registry.npmjs.org/resolve-pkg-maps/-/resolve-pkg-maps-1.0.0.tgz 0ms (cache hit)
3463 http cache hermes-estree@https://registry.npmjs.org/hermes-estree/-/hermes-estree-0.25.1.tgz 0ms (cache hit)
3464 http cache is-document.all@https://registry.npmjs.org/is-document.all/-/is-document.all-1.0.0.tgz 0ms (cache hit)
3465 http cache keyv@https://registry.npmjs.org/keyv/-/keyv-4.5.4.tgz 0ms (cache hit)
3466 http cache dunder-proto@https://registry.npmjs.org/dunder-proto/-/dunder-proto-1.0.1.tgz 0ms (cache hit)
3467 http cache functions-have-names@https://registry.npmjs.org/functions-have-names/-/functions-have-names-1.2.3.tgz 0ms (cache hit)
3468 http cache locate-path@https://registry.npmjs.org/locate-path/-/locate-path-6.0.0.tgz 0ms (cache hit)
3469 http cache flatted@https://registry.npmjs.org/flatted/-/flatted-3.4.4.tgz 0ms (cache hit)
3470 http cache reusify@https://registry.npmjs.org/reusify/-/reusify-1.1.0.tgz 0ms (cache hit)
3471 http cache path-exists@https://registry.npmjs.org/path-exists/-/path-exists-4.0.0.tgz 0ms (cache hit)
3472 http cache run-parallel@https://registry.npmjs.org/run-parallel/-/run-parallel-1.2.0.tgz 0ms (cache hit)
3473 http cache flat-cache@https://registry.npmjs.org/flat-cache/-/flat-cache-4.0.1.tgz 0ms (cache hit)
3474 http cache micromatch@https://registry.npmjs.org/micromatch/-/micromatch-4.0.8.tgz 0ms (cache hit)
3475 http cache @nodelib/fs.scandir@https://registry.npmjs.org/@nodelib/fs.scandir/-/fs.scandir-2.1.5.tgz 0ms (cache hit)
3476 http cache @nodelib/fs.walk@https://registry.npmjs.org/@nodelib/fs.walk/-/fs.walk-1.2.8.tgz 0ms (cache hit)
3477 http cache fastq@https://registry.npmjs.org/fastq/-/fastq-1.20.1.tgz 0ms (cache hit)
3478 http cache @nodelib/fs.stat@https://registry.npmjs.org/@nodelib/fs.stat/-/fs.stat-2.0.5.tgz 0ms (cache hit)
3479 http cache acorn-jsx@https://registry.npmjs.org/acorn-jsx/-/acorn-jsx-5.3.2.tgz 0ms (cache hit)
3480 http cache acorn@https://registry.npmjs.org/acorn/-/acorn-8.18.0.tgz 0ms (cache hit)
3481 http cache merge2@https://registry.npmjs.org/merge2/-/merge2-1.4.1.tgz 0ms (cache hit)
3482 http cache esrecurse@https://registry.npmjs.org/esrecurse/-/esrecurse-4.3.0.tgz 0ms (cache hit)
3483 http cache update-browserslist-db@https://registry.npmjs.org/update-browserslist-db/-/update-browserslist-db-1.3.1.tgz 0ms (cache hit)
3484 http cache electron-to-chromium@https://registry.npmjs.org/electron-to-chromium/-/electron-to-chromium-1.5.405.tgz 0ms (cache hit)
3485 http cache node-releases@https://registry.npmjs.org/node-releases/-/node-releases-2.0.53.tgz 0ms (cache hit)
3486 http cache caniuse-lite@https://registry.npmjs.org/caniuse-lite/-/caniuse-lite-1.0.30001809.tgz 0ms (cache hit)
3487 http cache baseline-browser-mapping@https://registry.npmjs.org/baseline-browser-mapping/-/baseline-browser-mapping-2.11.13.tgz 0ms (cache hit)
3488 http cache @jridgewell/resolve-uri@https://registry.npmjs.org/@jridgewell/resolve-uri/-/resolve-uri-3.1.2.tgz 0ms (cache hit)
3489 http cache @jridgewell/sourcemap-codec@https://registry.npmjs.org/@jridgewell/sourcemap-codec/-/sourcemap-codec-1.5.5.tgz 0ms (cache hit)
3490 http cache lru-cache@https://registry.npmjs.org/lru-cache/-/lru-cache-5.1.1.tgz 0ms (cache hit)
3491 http cache @babel/helper-module-imports@https://registry.npmjs.org/@babel/helper-module-imports/-/helper-module-imports-7.29.7.tgz 0ms (cache hit)
3492 http cache @babel/helper-string-parser@https://registry.npmjs.org/@babel/helper-string-parser/-/helper-string-parser-7.29.7.tgz 0ms (cache hit)
3493 http cache browserslist@https://registry.npmjs.org/browserslist/-/browserslist-4.28.8.tgz 0ms (cache hit)
3494 http cache @babel/helper-globals@https://registry.npmjs.org/@babel/helper-globals/-/helper-globals-7.29.7.tgz 0ms (cache hit)
3495 http cache jsesc@https://registry.npmjs.org/jsesc/-/jsesc-3.1.0.tgz 0ms (cache hit)
3496 http cache @babel/helper-validator-option@https://registry.npmjs.org/@babel/helper-validator-option/-/helper-validator-option-7.29.7.tgz 0ms (cache hit)
3497 http cache @jridgewell/trace-mapping@https://registry.npmjs.org/@jridgewell/trace-mapping/-/trace-mapping-0.3.31.tgz 0ms (cache hit)
3498 http cache @babel/compat-data@https://registry.npmjs.org/@babel/compat-data/-/compat-data-7.29.7.tgz 0ms (cache hit)
3499 http cache json5@https://registry.npmjs.org/json5/-/json5-2.2.3.tgz 0ms (cache hit)
3500 http cache @jridgewell/gen-mapping@https://registry.npmjs.org/@jridgewell/gen-mapping/-/gen-mapping-0.3.13.tgz 0ms (cache hit)
3501 http cache gensync@https://registry.npmjs.org/gensync/-/gensync-1.0.0-beta.2.tgz 0ms (cache hit)
3502 http cache convert-source-map@https://registry.npmjs.org/convert-source-map/-/convert-source-map-2.0.0.tgz 0ms (cache hit)
3503 http cache @jridgewell/remapping@https://registry.npmjs.org/@jridgewell/remapping/-/remapping-2.3.5.tgz 0ms (cache hit)
3504 http cache @babel/traverse@https://registry.npmjs.org/@babel/traverse/-/traverse-7.29.8.tgz 0ms (cache hit)
3505 http cache @babel/helpers@https://registry.npmjs.org/@babel/helpers/-/helpers-7.29.7.tgz 0ms (cache hit)
3506 http cache @babel/template@https://registry.npmjs.org/@babel/template/-/template-7.29.7.tgz 0ms (cache hit)
3507 http cache @babel/types@https://registry.npmjs.org/@babel/types/-/types-7.29.8.tgz 0ms (cache hit)
3508 http cache @babel/helper-module-transforms@https://registry.npmjs.org/@babel/helper-module-transforms/-/helper-module-transforms-7.29.7.tgz 0ms (cache hit)
3509 http cache zod-validation-error@https://registry.npmjs.org/zod-validation-error/-/zod-validation-error-4.0.2.tgz 0ms (cache hit)
3510 http cache zod@https://registry.npmjs.org/zod/-/zod-4.4.3.tgz 0ms (cache hit)
3511 http cache @babel/helper-compilation-targets@https://registry.npmjs.org/@babel/helper-compilation-targets/-/helper-compilation-targets-7.29.7.tgz 0ms (cache hit)
3512 http cache @babel/generator@https://registry.npmjs.org/@babel/generator/-/generator-7.29.8.tgz 0ms (cache hit)
3513 http cache iterator.prototype@https://registry.npmjs.org/iterator.prototype/-/iterator.prototype-1.1.5.tgz 0ms (cache hit)
3514 http cache hermes-parser@https://registry.npmjs.org/hermes-parser/-/hermes-parser-0.25.1.tgz 0ms (cache hit)
3515 http cache @babel/parser@https://registry.npmjs.org/@babel/parser/-/parser-7.29.8.tgz 0ms (cache hit)
3516 http cache string.prototype.matchall@https://registry.npmjs.org/string.prototype.matchall/-/string.prototype.matchall-4.0.12.tgz 0ms (cache hit)
3517 http cache string.prototype.repeat@https://registry.npmjs.org/string.prototype.repeat/-/string.prototype.repeat-1.0.0.tgz 0ms (cache hit)
3518 http cache es-iterator-helpers@https://registry.npmjs.org/es-iterator-helpers/-/es-iterator-helpers-1.4.0.tgz 0ms (cache hit)
3519 http cache @babel/core@https://registry.npmjs.org/@babel/core/-/core-7.29.7.tgz 0ms (cache hit)
3520 http cache object.entries@https://registry.npmjs.org/object.entries/-/object.entries-1.1.9.tgz 0ms (cache hit)
3521 http cache estraverse@https://registry.npmjs.org/estraverse/-/estraverse-5.3.0.tgz 0ms (cache hit)
3522 http cache array.prototype.tosorted@https://registry.npmjs.org/array.prototype.tosorted/-/array.prototype.tosorted-1.1.4.tgz 0ms (cache hit)
3523 http cache array.prototype.findlast@https://registry.npmjs.org/array.prototype.findlast/-/array.prototype.findlast-1.2.5.tgz 0ms (cache hit)
3524 http cache emoji-regex@https://registry.npmjs.org/emoji-regex/-/emoji-regex-9.2.2.tgz 0ms (cache hit)
3525 http cache language-tags@https://registry.npmjs.org/language-tags/-/language-tags-1.0.9.tgz 0ms (cache hit)
3526 http cache prop-types@https://registry.npmjs.org/prop-types/-/prop-types-15.8.1.tgz 0ms (cache hit)
3527 http cache jsx-ast-utils@https://registry.npmjs.org/jsx-ast-utils/-/jsx-ast-utils-3.3.5.tgz 0ms (cache hit)
3528 http cache string.prototype.includes@https://registry.npmjs.org/string.prototype.includes/-/string.prototype.includes-2.0.1.tgz 0ms (cache hit)
3529 http cache axobject-query@https://registry.npmjs.org/axobject-query/-/axobject-query-4.1.0.tgz 0ms (cache hit)
3530 http cache ast-types-flow@https://registry.npmjs.org/ast-types-flow/-/ast-types-flow-0.0.8.tgz 0ms (cache hit)
3531 http cache axe-core@https://registry.npmjs.org/axe-core/-/axe-core-4.13.0.tgz 0ms (cache hit)
3532 http cache is-date-object@https://registry.npmjs.org/is-date-object/-/is-date-object-1.1.0.tgz 0ms (cache hit)
3533 http cache damerau-levenshtein@https://registry.npmjs.org/damerau-levenshtein/-/damerau-levenshtein-1.0.8.tgz 0ms (cache hit)
3534 http cache es-abstract-get@https://registry.npmjs.org/es-abstract-get/-/es-abstract-get-1.0.0.tgz 0ms (cache hit)
3535 http cache is-symbol@https://registry.npmjs.org/is-symbol/-/is-symbol-1.1.1.tgz 0ms (cache hit)
3536 http cache has-tostringtag@https://registry.npmjs.org/has-tostringtag/-/has-tostringtag-1.0.2.tgz 0ms (cache hit)
3537 http cache possible-typed-array-names@https://registry.npmjs.org/possible-typed-array-names/-/possible-typed-array-names-1.1.0.tgz 0ms (cache hit)
3538 http cache which-typed-array@https://registry.npmjs.org/which-typed-array/-/which-typed-array-1.1.22.tgz 0ms (cache hit)
3539 http cache unbox-primitive@https://registry.npmjs.org/unbox-primitive/-/unbox-primitive-1.1.0.tgz 0ms (cache hit)
3540 http cache typed-array-length@https://registry.npmjs.org/typed-array-length/-/typed-array-length-1.0.8.tgz 0ms (cache hit)
3541 http cache typed-array-buffer@https://registry.npmjs.org/typed-array-buffer/-/typed-array-buffer-1.0.3.tgz 0ms (cache hit)
3542 http cache typed-array-byte-length@https://registry.npmjs.org/typed-array-byte-length/-/typed-array-byte-length-1.0.3.tgz 0ms (cache hit)
3543 http cache string.prototype.trimstart@https://registry.npmjs.org/string.prototype.trimstart/-/string.prototype.trimstart-1.0.8.tgz 0ms (cache hit)
3544 http cache typed-array-byte-offset@https://registry.npmjs.org/typed-array-byte-offset/-/typed-array-byte-offset-1.0.4.tgz 0ms (cache hit)
3545 http cache string.prototype.trim@https://registry.npmjs.org/string.prototype.trim/-/string.prototype.trim-1.2.11.tgz 0ms (cache hit)
3546 http cache stop-iteration-iterator@https://registry.npmjs.org/stop-iteration-iterator/-/stop-iteration-iterator-1.1.0.tgz 0ms (cache hit)
3547 http cache set-proto@https://registry.npmjs.org/set-proto/-/set-proto-1.0.0.tgz 0ms (cache hit)
3548 http cache safe-regex-test@https://registry.npmjs.org/safe-regex-test/-/safe-regex-test-1.1.0.tgz 0ms (cache hit)
3549 http cache safe-array-concat@https://registry.npmjs.org/safe-array-concat/-/safe-array-concat-1.1.4.tgz 0ms (cache hit)
3550 http cache object.assign@https://registry.npmjs.org/object.assign/-/object.assign-4.1.7.tgz 0ms (cache hit)
3551 http cache safe-push-apply@https://registry.npmjs.org/safe-push-apply/-/safe-push-apply-1.0.0.tgz 0ms (cache hit)
3552 http cache own-keys@https://registry.npmjs.org/own-keys/-/own-keys-1.0.2.tgz 0ms (cache hit)
3553 http cache object-inspect@https://registry.npmjs.org/object-inspect/-/object-inspect-1.13.4.tgz 0ms (cache hit)
3554 http cache is-typed-array@https://registry.npmjs.org/is-typed-array/-/is-typed-array-1.1.15.tgz 0ms (cache hit)
3555 http cache regexp.prototype.flags@https://registry.npmjs.org/regexp.prototype.flags/-/regexp.prototype.flags-1.5.4.tgz 0ms (cache hit)
3556 http cache is-weakref@https://registry.npmjs.org/is-weakref/-/is-weakref-1.1.1.tgz 0ms (cache hit)
3557 http cache is-shared-array-buffer@https://registry.npmjs.org/is-shared-array-buffer/-/is-shared-array-buffer-1.0.4.tgz 0ms (cache hit)
3558 http cache is-set@https://registry.npmjs.org/is-set/-/is-set-2.0.3.tgz 0ms (cache hit)
3559 http cache is-regex@https://registry.npmjs.org/is-regex/-/is-regex-1.2.1.tgz 0ms (cache hit)
3560 http cache is-callable@https://registry.npmjs.org/is-callable/-/is-callable-1.2.7.tgz 0ms (cache hit)
3561 http cache is-data-view@https://registry.npmjs.org/is-data-view/-/is-data-view-1.0.2.tgz 0ms (cache hit)
3562 http cache is-array-buffer@https://registry.npmjs.org/is-array-buffer/-/is-array-buffer-3.0.5.tgz 0ms (cache hit)
3563 http cache is-negative-zero@https://registry.npmjs.org/is-negative-zero/-/is-negative-zero-2.0.3.tgz 0ms (cache hit)
3564 http cache internal-slot@https://registry.npmjs.org/internal-slot/-/internal-slot-1.1.0.tgz 0ms (cache hit)
3565 http cache has-symbols@https://registry.npmjs.org/has-symbols/-/has-symbols-1.1.0.tgz 0ms (cache hit)
3566 http cache globalthis@https://registry.npmjs.org/globalthis/-/globalthis-1.0.4.tgz 0ms (cache hit)
3567 http cache has-proto@https://registry.npmjs.org/has-proto/-/has-proto-1.2.0.tgz 0ms (cache hit)
3568 http cache get-proto@https://registry.npmjs.org/get-proto/-/get-proto-1.0.1.tgz 0ms (cache hit)
3569 http cache get-symbol-description@https://registry.npmjs.org/get-symbol-description/-/get-symbol-description-1.1.0.tgz 0ms (cache hit)
3570 http cache function.prototype.name@https://registry.npmjs.org/function.prototype.name/-/function.prototype.name-1.2.0.tgz 0ms (cache hit)
3571 http cache es-to-primitive@https://registry.npmjs.org/es-to-primitive/-/es-to-primitive-1.3.4.tgz 0ms (cache hit)
3572 http cache data-view-byte-offset@https://registry.npmjs.org/data-view-byte-offset/-/data-view-byte-offset-1.0.1.tgz 0ms (cache hit)
3573 http cache es-set-tostringtag@https://registry.npmjs.org/es-set-tostringtag/-/es-set-tostringtag-2.1.0.tgz 0ms (cache hit)
3574 http cache data-view-buffer@https://registry.npmjs.org/data-view-buffer/-/data-view-buffer-1.0.2.tgz 0ms (cache hit)
3575 http cache available-typed-arrays@https://registry.npmjs.org/available-typed-arrays/-/available-typed-arrays-1.0.7.tgz 0ms (cache hit)
3576 http cache data-view-byte-length@https://registry.npmjs.org/data-view-byte-length/-/data-view-byte-length-1.0.2.tgz 0ms (cache hit)
3577 http cache array-buffer-byte-length@https://registry.npmjs.org/array-buffer-byte-length/-/array-buffer-byte-length-1.0.2.tgz 0ms (cache hit)
3578 http cache arraybuffer.prototype.slice@https://registry.npmjs.org/arraybuffer.prototype.slice/-/arraybuffer.prototype.slice-1.0.4.tgz 0ms (cache hit)
3579 http cache has-property-descriptors@https://registry.npmjs.org/has-property-descriptors/-/has-property-descriptors-1.0.2.tgz 0ms (cache hit)
3580 http cache object-keys@https://registry.npmjs.org/object-keys/-/object-keys-1.1.1.tgz 0ms (cache hit)
3581 http cache gopd@https://registry.npmjs.org/gopd/-/gopd-1.2.0.tgz 0ms (cache hit)
3582 http cache define-data-property@https://registry.npmjs.org/define-data-property/-/define-data-property-1.1.4.tgz 0ms (cache hit)
3583 http cache function-bind@https://registry.npmjs.org/function-bind/-/function-bind-1.1.2.tgz 0ms (cache hit)
3584 http cache call-bind-apply-helpers@https://registry.npmjs.org/call-bind-apply-helpers/-/call-bind-apply-helpers-1.0.2.tgz 0ms (cache hit)
3585 http cache es-define-property@https://registry.npmjs.org/es-define-property/-/es-define-property-1.0.1.tgz 0ms (cache hit)
3586 http cache math-intrinsics@https://registry.npmjs.org/math-intrinsics/-/math-intrinsics-1.1.0.tgz 0ms (cache hit)
3587 http cache is-string@https://registry.npmjs.org/is-string/-/is-string-1.1.1.tgz 0ms (cache hit)
3588 http cache set-function-length@https://registry.npmjs.org/set-function-length/-/set-function-length-1.2.2.tgz 0ms (cache hit)
3589 http cache es-object-atoms@https://registry.npmjs.org/es-object-atoms/-/es-object-atoms-1.1.2.tgz 0ms (cache hit)
3590 http cache es-shim-unscopables@https://registry.npmjs.org/es-shim-unscopables/-/es-shim-unscopables-1.1.0.tgz 0ms (cache hit)
3591 http cache es-abstract@https://registry.npmjs.org/es-abstract/-/es-abstract-1.24.2.tgz 0ms (cache hit)
3592 http cache es-errors@https://registry.npmjs.org/es-errors/-/es-errors-1.3.0.tgz 0ms (cache hit)
3593 http cache get-intrinsic@https://registry.npmjs.org/get-intrinsic/-/get-intrinsic-1.3.0.tgz 0ms (cache hit)
3594 http cache call-bind@https://registry.npmjs.org/call-bind/-/call-bind-1.0.9.tgz 0ms (cache hit)
3595 http cache define-properties@https://registry.npmjs.org/define-properties/-/define-properties-1.2.1.tgz 0ms (cache hit)
3596 http cache call-bound@https://registry.npmjs.org/call-bound/-/call-bound-1.0.4.tgz 0ms (cache hit)
3597 http cache string.prototype.trimend@https://registry.npmjs.org/string.prototype.trimend/-/string.prototype.trimend-1.0.10.tgz 0ms (cache hit)
3598 http cache object.groupby@https://registry.npmjs.org/object.groupby/-/object.groupby-1.0.3.tgz 0ms (cache hit)
3599 http cache object.values@https://registry.npmjs.org/object.values/-/object.values-1.2.1.tgz 0ms (cache hit)
3600 http cache tsconfig-paths@https://registry.npmjs.org/tsconfig-paths/-/tsconfig-paths-3.15.0.tgz 0ms (cache hit)
3601 http cache semver@https://registry.npmjs.org/semver/-/semver-6.3.1.tgz 0ms (cache hit)
3602 http cache hasown@https://registry.npmjs.org/hasown/-/hasown-2.0.4.tgz 0ms (cache hit)
3603 http cache doctrine@https://registry.npmjs.org/doctrine/-/doctrine-2.1.0.tgz 1ms (cache hit)
3604 http cache array.prototype.flatmap@https://registry.npmjs.org/array.prototype.flatmap/-/array.prototype.flatmap-1.3.3.tgz 0ms (cache hit)
3605 http cache eslint-module-utils@https://registry.npmjs.org/eslint-module-utils/-/eslint-module-utils-2.14.0.tgz 0ms (cache hit)
3606 http cache object.fromentries@https://registry.npmjs.org/object.fromentries/-/object.fromentries-2.0.8.tgz 0ms (cache hit)
3607 http cache array.prototype.flat@https://registry.npmjs.org/array.prototype.flat/-/array.prototype.flat-1.3.3.tgz 0ms (cache hit)
3608 http cache array-includes@https://registry.npmjs.org/array-includes/-/array-includes-3.1.9.tgz 0ms (cache hit)
3609 http cache @rtsao/scc@https://registry.npmjs.org/@rtsao/scc/-/scc-1.1.0.tgz 0ms (cache hit)
3610 http cache unrs-resolver@https://registry.npmjs.org/unrs-resolver/-/unrs-resolver-1.12.2.tgz 0ms (cache hit)
3611 http cache array.prototype.findlastindex@https://registry.npmjs.org/array.prototype.findlastindex/-/array.prototype.findlastindex-1.2.6.tgz 0ms (cache hit)
3612 http cache tinyglobby@https://registry.npmjs.org/tinyglobby/-/tinyglobby-0.2.17.tgz 0ms (cache hit)
3613 http cache stable-hash@https://registry.npmjs.org/stable-hash/-/stable-hash-0.0.5.tgz 0ms (cache hit)
3614 http cache @nolyfill/is-core-module@https://registry.npmjs.org/@nolyfill/is-core-module/-/is-core-module-1.0.39.tgz 0ms (cache hit)
3615 http cache is-bun-module@https://registry.npmjs.org/is-bun-module/-/is-bun-module-2.0.0.tgz 0ms (cache hit)
3616 http cache resolve@https://registry.npmjs.org/resolve/-/resolve-2.0.0-next.7.tgz 0ms (cache hit)
3617 http cache is-core-module@https://registry.npmjs.org/is-core-module/-/is-core-module-2.16.2.tgz 0ms (cache hit)
3618 http cache fast-glob@https://registry.npmjs.org/fast-glob/-/fast-glob-3.3.1.tgz 0ms (cache hit)
3619 http cache get-tsconfig@https://registry.npmjs.org/get-tsconfig/-/get-tsconfig-4.14.1.tgz 0ms (cache hit)
3620 http cache eslint-plugin-react-hooks@https://registry.npmjs.org/eslint-plugin-react-hooks/-/eslint-plugin-react-hooks-7.1.1.tgz 0ms (cache hit)
3621 http cache eslint-plugin-react@https://registry.npmjs.org/eslint-plugin-react/-/eslint-plugin-react-7.37.5.tgz 0ms (cache hit)
3622 http cache eslint-import-resolver-typescript@https://registry.npmjs.org/eslint-import-resolver-typescript/-/eslint-import-resolver-typescript-3.10.1.tgz 0ms (cache hit)
3623 http cache eslint-plugin-import@https://registry.npmjs.org/eslint-plugin-import/-/eslint-plugin-import-2.32.0.tgz 0ms (cache hit)
3624 http cache eslint-plugin-jsx-a11y@https://registry.npmjs.org/eslint-plugin-jsx-a11y/-/eslint-plugin-jsx-a11y-6.10.2.tgz 0ms (cache hit)
3625 http cache which@https://registry.npmjs.org/which/-/which-2.0.2.tgz 0ms (cache hit)
3626 http cache typescript-eslint@https://registry.npmjs.org/typescript-eslint/-/typescript-eslint-8.67.0.tgz 0ms (cache hit)
3627 http cache @next/eslint-plugin-next@https://registry.npmjs.org/@next/eslint-plugin-next/-/eslint-plugin-next-16.3.0.tgz 0ms (cache hit)
3628 http cache eslint-import-resolver-node@https://registry.npmjs.org/eslint-import-resolver-node/-/eslint-import-resolver-node-0.3.10.tgz 0ms (cache hit)
3629 http cache shebang-command@https://registry.npmjs.org/shebang-command/-/shebang-command-2.0.0.tgz 0ms (cache hit)
3630 http cache color-name@https://registry.npmjs.org/color-name/-/color-name-1.1.4.tgz 0ms (cache hit)
3631 http cache path-key@https://registry.npmjs.org/path-key/-/path-key-3.1.1.tgz 0ms (cache hit)
3632 http cache @humanfs/types@https://registry.npmjs.org/@humanfs/types/-/types-0.15.0.tgz 0ms (cache hit)
3633 http cache color-convert@https://registry.npmjs.org/color-convert/-/color-convert-2.0.1.tgz 0ms (cache hit)
3634 http cache @humanfs/core@https://registry.npmjs.org/@humanfs/core/-/core-0.19.2.tgz 0ms (cache hit)
3635 http cache ansi-styles@https://registry.npmjs.org/ansi-styles/-/ansi-styles-4.3.0.tgz 0ms (cache hit)
3636 http cache supports-color@https://registry.npmjs.org/supports-color/-/supports-color-7.2.0.tgz 0ms (cache hit)
3637 http cache levn@https://registry.npmjs.org/levn/-/levn-0.4.1.tgz 0ms (cache hit)
3638 http cache @types/json-schema@https://registry.npmjs.org/@types/json-schema/-/json-schema-7.0.15.tgz 0ms (cache hit)
3639 http cache @eslint/object-schema@https://registry.npmjs.org/@eslint/object-schema/-/object-schema-2.1.7.tgz 0ms (cache hit)
3640 http cache optionator@https://registry.npmjs.org/optionator/-/optionator-0.9.4.tgz 0ms (cache hit)
3641 http cache natural-compare@https://registry.npmjs.org/natural-compare/-/natural-compare-1.4.0.tgz 0ms (cache hit)
3642 http cache lodash.merge@https://registry.npmjs.org/lodash.merge/-/lodash.merge-4.6.2.tgz 0ms (cache hit)
3643 http cache imurmurhash@https://registry.npmjs.org/imurmurhash/-/imurmurhash-0.1.4.tgz 0ms (cache hit)
3644 http cache is-glob@https://registry.npmjs.org/is-glob/-/is-glob-4.0.3.tgz 0ms (cache hit)
3645 http cache find-up@https://registry.npmjs.org/find-up/-/find-up-5.0.0.tgz 0ms (cache hit)
3646 http cache glob-parent@https://registry.npmjs.org/glob-parent/-/glob-parent-6.0.2.tgz 0ms (cache hit)
3647 http cache file-entry-cache@https://registry.npmjs.org/file-entry-cache/-/file-entry-cache-8.0.0.tgz 0ms (cache hit)
3648 http cache esutils@https://registry.npmjs.org/esutils/-/esutils-2.0.3.tgz 0ms (cache hit)
3649 http cache esquery@https://registry.npmjs.org/esquery/-/esquery-1.7.0.tgz 0ms (cache hit)
3650 http cache eslint-visitor-keys@https://registry.npmjs.org/eslint-visitor-keys/-/eslint-visitor-keys-4.2.1.tgz 0ms (cache hit)
3651 http cache json-stable-stringify-without-jsonify@https://registry.npmjs.org/json-stable-stringify-without-jsonify/-/json-stable-stringify-without-jsonify-1.0.1.tgz 0ms (cache hit)
3652 http cache eslint-scope@https://registry.npmjs.org/eslint-scope/-/eslint-scope-8.4.0.tgz 0ms (cache hit)
3653 http cache @types/estree@https://registry.npmjs.org/@types/estree/-/estree-1.0.9.tgz 0ms (cache hit)
3654 http cache @humanwhocodes/retry@https://registry.npmjs.org/@humanwhocodes/retry/-/retry-0.4.3.tgz 0ms (cache hit)
3655 http cache cross-spawn@https://registry.npmjs.org/cross-spawn/-/cross-spawn-7.0.6.tgz 0ms (cache hit)
3656 http cache chalk@https://registry.npmjs.org/chalk/-/chalk-4.1.2.tgz 0ms (cache hit)
3657 http cache @humanwhocodes/module-importer@https://registry.npmjs.org/@humanwhocodes/module-importer/-/module-importer-1.0.1.tgz 0ms (cache hit)
3658 http cache escape-string-regexp@https://registry.npmjs.org/escape-string-regexp/-/escape-string-regexp-4.0.0.tgz 0ms (cache hit)
3659 http cache @humanfs/node@https://registry.npmjs.org/@humanfs/node/-/node-0.16.8.tgz 0ms (cache hit)
3660 http cache @eslint/js@https://registry.npmjs.org/@eslint/js/-/js-9.39.5.tgz 0ms (cache hit)
3661 http cache @eslint/plugin-kit@https://registry.npmjs.org/@eslint/plugin-kit/-/plugin-kit-0.4.1.tgz 0ms (cache hit)
3662 http cache @eslint/core@https://registry.npmjs.org/@eslint/core/-/core-0.17.0.tgz 0ms (cache hit)
3663 http cache @eslint/config-helpers@https://registry.npmjs.org/@eslint/config-helpers/-/config-helpers-0.4.2.tgz 0ms (cache hit)
3664 http cache dequal@https://registry.npmjs.org/dequal/-/dequal-2.0.3.tgz 0ms (cache hit)
3665 http cache @eslint-community/regexpp@https://registry.npmjs.org/@eslint-community/regexpp/-/regexpp-4.12.2.tgz 0ms (cache hit)
3666 http cache @eslint/config-array@https://registry.npmjs.org/@eslint/config-array/-/config-array-0.21.2.tgz 0ms (cache hit)
3667 http cache @eslint-community/eslint-utils@https://registry.npmjs.org/@eslint-community/eslint-utils/-/eslint-utils-4.10.1.tgz 0ms (cache hit)
3668 http cache ms@https://registry.npmjs.org/ms/-/ms-2.1.3.tgz 0ms (cache hit)
3669 http cache uri-js@https://registry.npmjs.org/uri-js/-/uri-js-4.4.1.tgz 0ms (cache hit)
3670 http cache fast-deep-equal@https://registry.npmjs.org/fast-deep-equal/-/fast-deep-equal-3.1.3.tgz 0ms (cache hit)
3671 http cache redent@https://registry.npmjs.org/redent/-/redent-3.0.0.tgz 0ms (cache hit)
3672 http cache json-schema-traverse@https://registry.npmjs.org/json-schema-traverse/-/json-schema-traverse-0.4.1.tgz 0ms (cache hit)
3673 http cache fast-json-stable-stringify@https://registry.npmjs.org/fast-json-stable-stringify/-/fast-json-stable-stringify-2.1.0.tgz 0ms (cache hit)
3674 http cache csstype@https://registry.npmjs.org/csstype/-/csstype-3.2.3.tgz 0ms (cache hit)
3675 http cache undici-types@https://registry.npmjs.org/undici-types/-/undici-types-6.21.0.tgz 0ms (cache hit)
3676 http cache css.escape@https://registry.npmjs.org/css.escape/-/css.escape-1.5.1.tgz 0ms (cache hit)
3677 http cache js-tokens@https://registry.npmjs.org/js-tokens/-/js-tokens-4.0.0.tgz 0ms (cache hit)
3678 http cache @babel/helper-validator-identifier@https://registry.npmjs.org/@babel/helper-validator-identifier/-/helper-validator-identifier-7.29.7.tgz 0ms (cache hit)
3679 http cache @adobe/css-tools@https://registry.npmjs.org/@adobe/css-tools/-/css-tools-4.5.0.tgz 0ms (cache hit)
3680 http cache pretty-format@https://registry.npmjs.org/pretty-format/-/pretty-format-27.5.1.tgz 0ms (cache hit)
3681 http cache lz-string@https://registry.npmjs.org/lz-string/-/lz-string-1.5.0.tgz 0ms (cache hit)
3682 http cache picocolors@https://registry.npmjs.org/picocolors/-/picocolors-1.1.1.tgz 0ms (cache hit)
3683 http cache dom-accessibility-api@https://registry.npmjs.org/dom-accessibility-api/-/dom-accessibility-api-0.5.16.tgz 0ms (cache hit)
3684 http cache aria-query@https://registry.npmjs.org/aria-query/-/aria-query-5.3.0.tgz 0ms (cache hit)
3685 http cache @types/aria-query@https://registry.npmjs.org/@types/aria-query/-/aria-query-5.0.4.tgz 0ms (cache hit)
3686 http cache @babel/code-frame@https://registry.npmjs.org/@babel/code-frame/-/code-frame-7.29.7.tgz 0ms (cache hit)
3687 http cache @supabase/phoenix@https://registry.npmjs.org/@supabase/phoenix/-/phoenix-0.4.5.tgz 0ms (cache hit)
3688 http cache tslib@https://registry.npmjs.org/tslib/-/tslib-2.8.1.tgz 0ms (cache hit)
3689 http cache @supabase/storage-js@https://registry.npmjs.org/@supabase/storage-js/-/storage-js-2.112.3.tgz 0ms (cache hit)
3690 http cache @babel/runtime@https://registry.npmjs.org/@babel/runtime/-/runtime-7.29.7.tgz 0ms (cache hit)
3691 http cache iceberg-js@https://registry.npmjs.org/iceberg-js/-/iceberg-js-0.8.1.tgz 0ms (cache hit)
3692 http cache @supabase/functions-js@https://registry.npmjs.org/@supabase/functions-js/-/functions-js-2.112.3.tgz 0ms (cache hit)
3693 http cache @supabase/postgrest-js@https://registry.npmjs.org/@supabase/postgrest-js/-/postgrest-js-2.112.3.tgz 0ms (cache hit)
3694 http cache @supabase/realtime-js@https://registry.npmjs.org/@supabase/realtime-js/-/realtime-js-2.112.3.tgz 0ms (cache hit)
3695 http cache @supabase/auth-js@https://registry.npmjs.org/@supabase/auth-js/-/auth-js-2.112.3.tgz 0ms (cache hit)
3696 http cache strip-json-comments@https://registry.npmjs.org/strip-json-comments/-/strip-json-comments-3.1.1.tgz 0ms (cache hit)
3697 http cache @monaco-editor/loader@https://registry.npmjs.org/@monaco-editor/loader/-/loader-1.7.0.tgz 0ms (cache hit)
3698 http cache state-local@https://registry.npmjs.org/state-local/-/state-local-1.0.7.tgz 0ms (cache hit)
3699 http cache minimatch@https://registry.npmjs.org/minimatch/-/minimatch-3.1.5.tgz 0ms (cache hit)
3700 http cache js-yaml@https://registry.npmjs.org/js-yaml/-/js-yaml-4.3.1.tgz 0ms (cache hit)
3701 http cache ignore@https://registry.npmjs.org/ignore/-/ignore-5.3.2.tgz 0ms (cache hit)
3702 http cache import-fresh@https://registry.npmjs.org/import-fresh/-/import-fresh-3.3.1.tgz 0ms (cache hit)
3703 http cache globals@https://registry.npmjs.org/globals/-/globals-14.0.0.tgz 0ms (cache hit)
3704 http cache espree@https://registry.npmjs.org/espree/-/espree-10.4.0.tgz 0ms (cache hit)
3705 http cache ajv@https://registry.npmjs.org/ajv/-/ajv-6.15.0.tgz 0ms (cache hit)
3706 http cache debug@https://registry.npmjs.org/debug/-/debug-4.4.3.tgz 0ms (cache hit)
3707 http cache typescript@https://registry.npmjs.org/typescript/-/typescript-5.9.3.tgz 0ms (cache hit)
3708 http cache eslint-config-next@https://registry.npmjs.org/eslint-config-next/-/eslint-config-next-16.3.0.tgz 0ms (cache hit)
3709 http cache vitest@https://registry.npmjs.org/vitest/-/vitest-2.1.9.tgz 0ms (cache hit)
3710 http cache next@https://registry.npmjs.org/next/-/next-16.3.0.tgz 0ms (cache hit)
3711 http cache jsdom@https://registry.npmjs.org/jsdom/-/jsdom-25.0.1.tgz 0ms (cache hit)
3712 http cache lucide-react@https://registry.npmjs.org/lucide-react/-/lucide-react-0.468.0.tgz 0ms (cache hit)
3713 http cache eslint@https://registry.npmjs.org/eslint/-/eslint-9.39.5.tgz 0ms (cache hit)
3714 http cache date-fns@https://registry.npmjs.org/date-fns/-/date-fns-4.4.0.tgz 0ms (cache hit)
3715 http cache @types/react@https://registry.npmjs.org/@types/react/-/react-19.2.18.tgz 0ms (cache hit)
3716 http cache @types/react-dom@https://registry.npmjs.org/@types/react-dom/-/react-dom-19.2.4.tgz 0ms (cache hit)
3717 http cache @types/node@https://registry.npmjs.org/@types/node/-/node-22.20.1.tgz 0ms (cache hit)
3718 http cache @testing-library/dom@https://registry.npmjs.org/@testing-library/dom/-/dom-10.4.1.tgz 0ms (cache hit)
3719 http cache @testing-library/react@https://registry.npmjs.org/@testing-library/react/-/react-16.3.2.tgz 0ms (cache hit)
3720 http cache @supabase/supabase-js@https://registry.npmjs.org/@supabase/supabase-js/-/supabase-js-2.112.3.tgz 0ms (cache hit)
3721 http cache monaco-editor@https://registry.npmjs.org/monaco-editor/-/monaco-editor-0.56.0.tgz 0ms (cache hit)
3722 http cache @testing-library/jest-dom@https://registry.npmjs.org/@testing-library/jest-dom/-/jest-dom-6.9.1.tgz 0ms (cache hit)
3723 http cache react@https://registry.npmjs.org/react/-/react-19.2.8.tgz 0ms (cache hit)
3724 http cache @eslint/eslintrc@https://registry.npmjs.org/@eslint/eslintrc/-/eslintrc-3.3.6.tgz 0ms (cache hit)
3725 http cache @monaco-editor/react@https://registry.npmjs.org/@monaco-editor/react/-/react-4.7.0.tgz 0ms (cache hit)
3726 http cache react-dom@https://registry.npmjs.org/react-dom/-/react-dom-19.2.8.tgz 0ms (cache hit)
3727 http cache eslint-visitor-keys@https://registry.npmjs.org/eslint-visitor-keys/-/eslint-visitor-keys-5.0.1.tgz 0ms (cache hit)
3728 http cache ignore@https://registry.npmjs.org/ignore/-/ignore-7.0.6.tgz 0ms (cache hit)
3729 http cache semver@https://registry.npmjs.org/semver/-/semver-7.8.5.tgz 0ms (cache hit)
3730 http cache balanced-match@https://registry.npmjs.org/balanced-match/-/balanced-match-4.0.4.tgz 0ms (cache hit)
3731 http cache semver@https://registry.npmjs.org/semver/-/semver-7.8.5.tgz 0ms (cache hit)
3732 http cache lru-cache@https://registry.npmjs.org/lru-cache/-/lru-cache-10.4.3.tgz 0ms (cache hit)
3733 http cache rrweb-cssom@https://registry.npmjs.org/rrweb-cssom/-/rrweb-cssom-0.8.0.tgz 0ms (cache hit)
3734 http cache minimatch@https://registry.npmjs.org/minimatch/-/minimatch-10.2.6.tgz 0ms (cache hit)
3735 http cache brace-expansion@https://registry.npmjs.org/brace-expansion/-/brace-expansion-5.0.9.tgz 0ms (cache hit)
3736 http cache react-is@https://registry.npmjs.org/react-is/-/react-is-16.13.1.tgz 0ms (cache hit)
3737 http cache json5@https://registry.npmjs.org/json5/-/json5-1.0.2.tgz 0ms (cache hit)
3738 http cache debug@https://registry.npmjs.org/debug/-/debug-3.2.7.tgz 0ms (cache hit)
3739 http cache fdir@https://registry.npmjs.org/fdir/-/fdir-6.5.0.tgz 0ms (cache hit)
3740 http cache semver@https://registry.npmjs.org/semver/-/semver-7.8.5.tgz 0ms (cache hit)
3741 http cache aria-query@https://registry.npmjs.org/aria-query/-/aria-query-5.3.2.tgz 0ms (cache hit)
3742 http cache debug@https://registry.npmjs.org/debug/-/debug-3.2.7.tgz 0ms (cache hit)
3743 http cache picomatch@https://registry.npmjs.org/picomatch/-/picomatch-4.0.5.tgz 0ms (cache hit)
3744 http cache glob-parent@https://registry.npmjs.org/glob-parent/-/glob-parent-5.1.2.tgz 0ms (cache hit)
3745 http cache ansi-styles@https://registry.npmjs.org/ansi-styles/-/ansi-styles-5.2.0.tgz 0ms (cache hit)
3746 http cache eslint-visitor-keys@https://registry.npmjs.org/eslint-visitor-keys/-/eslint-visitor-keys-3.4.3.tgz 0ms (cache hit)
3747 http cache eslint-visitor-keys@https://registry.npmjs.org/eslint-visitor-keys/-/eslint-visitor-keys-3.4.3.tgz 0ms (cache hit)
3748 http cache dom-accessibility-api@https://registry.npmjs.org/dom-accessibility-api/-/dom-accessibility-api-0.6.3.tgz 0ms (cache hit)
3749 http cache @eslint-community/eslint-utils@https://registry.npmjs.org/@eslint-community/eslint-utils/-/eslint-utils-4.9.1.tgz 0ms (cache hit)
3750 silly tarball no local data for stackback@https://registry.npmjs.org/stackback/-/stackback-0.0.2.tgz. Extracting by manifest.
3751 silly tarball no local data for siginfo@https://registry.npmjs.org/siginfo/-/siginfo-2.0.0.tgz. Extracting by manifest.
3752 http cache debug@https://registry.npmjs.org/debug/-/debug-3.2.7.tgz 0ms (cache hit)
3753 silly tarball no local data for is-map@https://registry.npmjs.org/is-map/-/is-map-2.0.3.tgz. Extracting by manifest.
3754 silly tarball no local data for is-weakmap@https://registry.npmjs.org/is-weakmap/-/is-weakmap-2.0.2.tgz. Extracting by manifest.
3755 silly tarball no local data for is-weakset@https://registry.npmjs.org/is-weakset/-/is-weakset-2.0.4.tgz. Extracting by manifest.
3756 silly tarball no local data for async-function@https://registry.npmjs.org/async-function/-/async-function-1.0.0.tgz. Extracting by manifest.
3757 http cache globals@https://registry.npmjs.org/globals/-/globals-16.4.0.tgz 0ms (cache hit)
3758 silly tarball no local data for which-collection@https://registry.npmjs.org/which-collection/-/which-collection-1.0.2.tgz. Extracting by manifest.
3759 silly tarball no local data for generator-function@https://registry.npmjs.org/generator-function/-/generator-function-2.0.1.tgz. Extracting by manifest.
3760 silly tarball no local data for is-finalizationregistry@https://registry.npmjs.org/is-finalizationregistry/-/is-finalizationregistry-1.1.1.tgz. Extracting by manifest.
3761 silly tarball no local data for is-async-function@https://registry.npmjs.org/is-async-function/-/is-async-function-2.1.1.tgz. Extracting by manifest.
3762 silly tarball no local data for is-number-object@https://registry.npmjs.org/is-number-object/-/is-number-object-1.1.1.tgz. Extracting by manifest.
3763 silly tarball no local data for is-generator-function@https://registry.npmjs.org/is-generator-function/-/is-generator-function-1.1.2.tgz. Extracting by manifest.
3764 silly tarball no local data for is-bigint@https://registry.npmjs.org/is-bigint/-/is-bigint-1.1.0.tgz. Extracting by manifest.
3765 silly tarball no local data for is-boolean-object@https://registry.npmjs.org/is-boolean-object/-/is-boolean-object-1.2.2.tgz. Extracting by manifest.
3766 silly tarball no local data for isexe@https://registry.npmjs.org/isexe/-/isexe-2.0.0.tgz. Extracting by manifest.
3767 silly tarball no local data for @rollup/rollup-win32-x64-msvc@https://registry.npmjs.org/@rollup/rollup-win32-x64-msvc/-/rollup-win32-x64-msvc-4.62.4.tgz. Extracting by manifest.
3768 silly tarball no local data for es-module-lexer@https://registry.npmjs.org/es-module-lexer/-/es-module-lexer-1.7.0.tgz. Extracting by manifest.
3769 silly tarball no local data for safer-buffer@https://registry.npmjs.org/safer-buffer/-/safer-buffer-2.1.2.tgz. Extracting by manifest.
3770 silly tarball no local data for iconv-lite@https://registry.npmjs.org/iconv-lite/-/iconv-lite-0.6.3.tgz. Extracting by manifest.
3771 silly tarball no local data for cac@https://registry.npmjs.org/cac/-/cac-6.7.14.tgz. Extracting by manifest.
3772 silly tarball no local data for @rollup/rollup-win32-x64-gnu@https://registry.npmjs.org/@rollup/rollup-win32-x64-gnu/-/rollup-win32-x64-gnu-4.62.4.tgz. Extracting by manifest.
3773 silly tarball no local data for @esbuild/win32-x64@https://registry.npmjs.org/@esbuild/win32-x64/-/win32-x64-0.21.5.tgz. Extracting by manifest.
3774 silly tarball no local data for rollup@https://registry.npmjs.org/rollup/-/rollup-4.62.4.tgz. Extracting by manifest.
3775 silly tarball no local data for deep-eql@https://registry.npmjs.org/deep-eql/-/deep-eql-5.0.2.tgz. Extracting by manifest.
3776 silly tarball no local data for pathval@https://registry.npmjs.org/pathval/-/pathval-2.0.1.tgz. Extracting by manifest.
3777 silly tarball no local data for check-error@https://registry.npmjs.org/check-error/-/check-error-2.1.3.tgz. Extracting by manifest.
3778 silly tarball no local data for assertion-error@https://registry.npmjs.org/assertion-error/-/assertion-error-2.0.1.tgz. Extracting by manifest.
3779 silly tarball no local data for esbuild@https://registry.npmjs.org/esbuild/-/esbuild-0.21.5.tgz. Extracting by manifest.
3780 silly tarball no local data for loupe@https://registry.npmjs.org/loupe/-/loupe-3.2.1.tgz. Extracting by manifest.
3781 silly tarball no local data for tinyspy@https://registry.npmjs.org/tinyspy/-/tinyspy-3.0.2.tgz. Extracting by manifest.
3782 silly tarball no local data for why-is-node-running@https://registry.npmjs.org/why-is-node-running/-/why-is-node-running-2.3.0.tgz. Extracting by manifest.
3783 silly tarball no local data for estree-walker@https://registry.npmjs.org/estree-walker/-/estree-walker-3.0.3.tgz. Extracting by manifest.
3784 silly tarball no local data for vite-node@https://registry.npmjs.org/vite-node/-/vite-node-2.1.9.tgz. Extracting by manifest.
3785 silly tarball no local data for vite@https://registry.npmjs.org/vite/-/vite-5.4.21.tgz. Extracting by manifest.
3786 silly tarball no local data for tr46@https://registry.npmjs.org/tr46/-/tr46-5.1.1.tgz. Extracting by manifest.
3787 silly tarball no local data for tinybench@https://registry.npmjs.org/tinybench/-/tinybench-2.9.0.tgz. Extracting by manifest.
3788 silly tarball no local data for tinypool@https://registry.npmjs.org/tinypool/-/tinypool-1.1.1.tgz. Extracting by manifest.
3789 silly tarball no local data for tinyexec@https://registry.npmjs.org/tinyexec/-/tinyexec-0.3.2.tgz. Extracting by manifest.
3790 silly tarball no local data for pathe@https://registry.npmjs.org/pathe/-/pathe-1.1.2.tgz. Extracting by manifest.
3791 silly tarball no local data for tinyrainbow@https://registry.npmjs.org/tinyrainbow/-/tinyrainbow-1.2.0.tgz. Extracting by manifest.
3792 silly tarball no local data for magic-string@https://registry.npmjs.org/magic-string/-/magic-string-0.30.21.tgz. Extracting by manifest.
3793 silly tarball no local data for chai@https://registry.npmjs.org/chai/-/chai-5.3.3.tgz. Extracting by manifest.
3794 silly tarball no local data for std-env@https://registry.npmjs.org/std-env/-/std-env-3.10.0.tgz. Extracting by manifest.
3795 silly tarball no local data for expect-type@https://registry.npmjs.org/expect-type/-/expect-type-1.4.0.tgz. Extracting by manifest.
3796 silly tarball no local data for @vitest/utils@https://registry.npmjs.org/@vitest/utils/-/utils-2.1.9.tgz. Extracting by manifest.
3797 silly tarball no local data for @vitest/snapshot@https://registry.npmjs.org/@vitest/snapshot/-/snapshot-2.1.9.tgz. Extracting by manifest.
3798 silly tarball no local data for @vitest/spy@https://registry.npmjs.org/@vitest/spy/-/spy-2.1.9.tgz. Extracting by manifest.
3799 silly tarball no local data for @vitest/mocker@https://registry.npmjs.org/@vitest/mocker/-/mocker-2.1.9.tgz. Extracting by manifest.
3800 silly tarball no local data for @vitest/pretty-format@https://registry.npmjs.org/@vitest/pretty-format/-/pretty-format-2.1.9.tgz. Extracting by manifest.
3801 silly tarball no local data for escalade@https://registry.npmjs.org/escalade/-/escalade-3.2.0.tgz. Extracting by manifest.
3802 silly tarball no local data for @vitest/runner@https://registry.npmjs.org/@vitest/runner/-/runner-2.1.9.tgz. Extracting by manifest.
3803 silly tarball no local data for @vitest/expect@https://registry.npmjs.org/@vitest/expect/-/expect-2.1.9.tgz. Extracting by manifest.
3804 silly tarball no local data for @unrs/resolver-binding-win32-x64-msvc@https://registry.npmjs.org/@unrs/resolver-binding-win32-x64-msvc/-/resolver-binding-win32-x64-msvc-1.12.2.tgz. Extracting by manifest.
3805 silly tarball no local data for punycode@https://registry.npmjs.org/punycode/-/punycode-2.3.1.tgz. Extracting by manifest.
3806 silly tarball no local data for napi-postinstall@https://registry.npmjs.org/napi-postinstall/-/napi-postinstall-0.3.4.tgz. Extracting by manifest.
3807 silly tarball no local data for which-boxed-primitive@https://registry.npmjs.org/which-boxed-primitive/-/which-boxed-primitive-1.1.1.tgz. Extracting by manifest.
3808 silly tarball no local data for @typescript-eslint/tsconfig-utils@https://registry.npmjs.org/@typescript-eslint/tsconfig-utils/-/tsconfig-utils-8.67.0.tgz. Extracting by manifest.
3809 silly tarball no local data for has-bigints@https://registry.npmjs.org/has-bigints/-/has-bigints-1.1.0.tgz. Extracting by manifest.
3810 silly tarball no local data for @typescript-eslint/types@https://registry.npmjs.org/@typescript-eslint/types/-/types-8.67.0.tgz. Extracting by manifest.
3811 silly tarball no local data for ts-api-utils@https://registry.npmjs.org/ts-api-utils/-/ts-api-utils-2.5.0.tgz. Extracting by manifest.
3812 silly tarball no local data for @typescript-eslint/project-service@https://registry.npmjs.org/@typescript-eslint/project-service/-/project-service-8.67.0.tgz. Extracting by manifest.
3813 silly tarball no local data for @typescript-eslint/scope-manager@https://registry.npmjs.org/@typescript-eslint/scope-manager/-/scope-manager-8.67.0.tgz. Extracting by manifest.
3814 silly tarball no local data for @typescript-eslint/visitor-keys@https://registry.npmjs.org/@typescript-eslint/visitor-keys/-/visitor-keys-8.67.0.tgz. Extracting by manifest.
3815 silly tarball no local data for @typescript-eslint/utils@https://registry.npmjs.org/@typescript-eslint/utils/-/utils-8.67.0.tgz. Extracting by manifest.
3816 silly tarball no local data for @typescript-eslint/type-utils@https://registry.npmjs.org/@typescript-eslint/type-utils/-/type-utils-8.67.0.tgz. Extracting by manifest.
3817 silly tarball no local data for for-each@https://registry.npmjs.org/for-each/-/for-each-0.3.5.tgz. Extracting by manifest.
3818 silly tarball no local data for @typescript-eslint/parser@https://registry.npmjs.org/@typescript-eslint/parser/-/parser-8.67.0.tgz. Extracting by manifest.
3819 silly tarball no local data for @typescript-eslint/typescript-estree@https://registry.npmjs.org/@typescript-eslint/typescript-estree/-/typescript-estree-8.67.0.tgz. Extracting by manifest.
3820 silly tarball no local data for strip-bom@https://registry.npmjs.org/strip-bom/-/strip-bom-3.0.0.tgz. Extracting by manifest.
3821 silly tarball no local data for @typescript-eslint/eslint-plugin@https://registry.npmjs.org/@typescript-eslint/eslint-plugin/-/eslint-plugin-8.67.0.tgz. Extracting by manifest.
3822 silly tarball no local data for reflect.getprototypeof@https://registry.npmjs.org/reflect.getprototypeof/-/reflect.getprototypeof-1.0.10.tgz. Extracting by manifest.
3823 silly tarball no local data for which-builtin-type@https://registry.npmjs.org/which-builtin-type/-/which-builtin-type-1.2.1.tgz. Extracting by manifest.
3824 silly tarball no local data for minimist@https://registry.npmjs.org/minimist/-/minimist-1.2.8.tgz. Extracting by manifest.
3825 silly tarball no local data for tldts-core@https://registry.npmjs.org/tldts-core/-/tldts-core-6.1.86.tgz. Extracting by manifest.
3826 silly tarball no local data for is-number@https://registry.npmjs.org/is-number/-/is-number-7.0.0.tgz. Extracting by manifest.
3827 silly tarball no local data for @types/json5@https://registry.npmjs.org/@types/json5/-/json5-0.0.29.tgz. Extracting by manifest.
3828 silly tarball no local data for tldts@https://registry.npmjs.org/tldts/-/tldts-6.1.86.tgz. Extracting by manifest.
3829 silly tarball no local data for has-flag@https://registry.npmjs.org/has-flag/-/has-flag-4.0.0.tgz. Extracting by manifest.
3830 silly tarball no local data for client-only@https://registry.npmjs.org/client-only/-/client-only-0.0.1.tgz. Extracting by manifest.
3831 silly tarball no local data for min-indent@https://registry.npmjs.org/min-indent/-/min-indent-1.0.1.tgz. Extracting by manifest.
3832 silly tarball no local data for side-channel-weakmap@https://registry.npmjs.org/side-channel-weakmap/-/side-channel-weakmap-1.0.2.tgz. Extracting by manifest.
3833 silly tarball no local data for side-channel-map@https://registry.npmjs.org/side-channel-map/-/side-channel-map-1.0.1.tgz. Extracting by manifest.
3834 silly tarball no local data for side-channel-list@https://registry.npmjs.org/side-channel-list/-/side-channel-list-1.0.1.tgz. Extracting by manifest.
3835 silly tarball no local data for @emnapi/runtime@https://registry.npmjs.org/@emnapi/runtime/-/runtime-1.11.3.tgz. Extracting by manifest.
3836 silly tarball no local data for shebang-regex@https://registry.npmjs.org/shebang-regex/-/shebang-regex-3.0.0.tgz. Extracting by manifest.
3837 silly tarball no local data for detect-libc@https://registry.npmjs.org/detect-libc/-/detect-libc-2.1.2.tgz. Extracting by manifest.
3838 silly tarball no local data for @img/sharp-wasm32@https://registry.npmjs.org/@img/sharp-wasm32/-/sharp-wasm32-0.35.3.tgz. Extracting by manifest.
3839 silly tarball no local data for @img/sharp-win32-x64@https://registry.npmjs.org/@img/sharp-win32-x64/-/sharp-win32-x64-0.35.3.tgz. Extracting by manifest.
3840 silly tarball no local data for @img/colour@https://registry.npmjs.org/@img/colour/-/colour-1.1.0.tgz. Extracting by manifest.
3841 silly tarball no local data for isarray@https://registry.npmjs.org/isarray/-/isarray-2.0.5.tgz. Extracting by manifest.
3842 silly tarball no local data for queue-microtask@https://registry.npmjs.org/queue-microtask/-/queue-microtask-1.2.3.tgz. Extracting by manifest.
3843 silly tarball no local data for supports-preserve-symlinks-flag@https://registry.npmjs.org/supports-preserve-symlinks-flag/-/supports-preserve-symlinks-flag-1.0.0.tgz. Extracting by manifest.
3844 silly tarball no local data for path-parse@https://registry.npmjs.org/path-parse/-/path-parse-1.0.7.tgz. Extracting by manifest.
3845 silly tarball no local data for node-exports-info@https://registry.npmjs.org/node-exports-info/-/node-exports-info-1.6.2.tgz. Extracting by manifest.
3846 silly tarball no local data for strip-indent@https://registry.npmjs.org/strip-indent/-/strip-indent-3.0.0.tgz. Extracting by manifest.
3847 silly tarball no local data for scheduler@https://registry.npmjs.org/scheduler/-/scheduler-0.27.0.tgz. Extracting by manifest.
3848 silly tarball no local data for xmlchars@https://registry.npmjs.org/xmlchars/-/xmlchars-2.2.0.tgz. Extracting by manifest.
3849 silly tarball no local data for indent-string@https://registry.npmjs.org/indent-string/-/indent-string-4.0.0.tgz. Extracting by manifest.
3850 silly tarball no local data for object-assign@https://registry.npmjs.org/object-assign/-/object-assign-4.1.1.tgz. Extracting by manifest.
3851 silly tarball no local data for react-is@https://registry.npmjs.org/react-is/-/react-is-17.0.2.tgz. Extracting by manifest.
3852 silly tarball no local data for loose-envify@https://registry.npmjs.org/loose-envify/-/loose-envify-1.4.0.tgz. Extracting by manifest.
3853 silly tarball no local data for ansi-regex@https://registry.npmjs.org/ansi-regex/-/ansi-regex-5.0.1.tgz. Extracting by manifest.
3854 silly tarball no local data for source-map-js@https://registry.npmjs.org/source-map-js/-/source-map-js-1.2.1.tgz. Extracting by manifest.
3855 silly tarball no local data for callsites@https://registry.npmjs.org/callsites/-/callsites-3.1.0.tgz. Extracting by manifest.
3856 silly tarball no local data for nanoid@https://registry.npmjs.org/nanoid/-/nanoid-3.3.18.tgz. Extracting by manifest.
3857 silly tarball no local data for yocto-queue@https://registry.npmjs.org/yocto-queue/-/yocto-queue-0.1.0.tgz. Extracting by manifest.
3858 silly tarball no local data for p-limit@https://registry.npmjs.org/p-limit/-/p-limit-3.1.0.tgz. Extracting by manifest.
3859 silly tarball no local data for deep-is@https://registry.npmjs.org/deep-is/-/deep-is-0.1.4.tgz. Extracting by manifest.
3860 silly tarball no local data for word-wrap@https://registry.npmjs.org/word-wrap/-/word-wrap-1.2.5.tgz. Extracting by manifest.
3861 silly tarball no local data for entities@https://registry.npmjs.org/entities/-/entities-6.0.1.tgz. Extracting by manifest.
3862 silly tarball no local data for @next/swc-win32-x64-msvc@https://registry.npmjs.org/@next/swc-win32-x64-msvc/-/swc-win32-x64-msvc-16.3.0.tgz. Extracting by manifest.
3863 silly tarball no local data for fast-levenshtein@https://registry.npmjs.org/fast-levenshtein/-/fast-levenshtein-2.0.6.tgz. Extracting by manifest.
3864 silly tarball no local data for styled-jsx@https://registry.npmjs.org/styled-jsx/-/styled-jsx-5.1.6.tgz. Extracting by manifest.
3865 silly tarball no local data for postcss@https://registry.npmjs.org/postcss/-/postcss-8.5.23.tgz. Extracting by manifest.
3866 silly tarball no local data for sharp@https://registry.npmjs.org/sharp/-/sharp-0.35.3.tgz. Extracting by manifest.
3867 silly tarball no local data for @swc/helpers@https://registry.npmjs.org/@swc/helpers/-/helpers-0.5.15.tgz. Extracting by manifest.
3868 silly tarball no local data for @types/trusted-types@https://registry.npmjs.org/@types/trusted-types/-/trusted-types-2.0.7.tgz. Extracting by manifest.
3869 silly tarball no local data for @next/env@https://registry.npmjs.org/@next/env/-/env-16.3.0.tgz. Extracting by manifest.
3870 silly tarball no local data for marked@https://registry.npmjs.org/marked/-/marked-14.0.0.tgz. Extracting by manifest.
3871 silly tarball no local data for dompurify@https://registry.npmjs.org/dompurify/-/dompurify-3.4.8.tgz. Extracting by manifest.
3872 silly tarball no local data for concat-map@https://registry.npmjs.org/concat-map/-/concat-map-0.0.1.tgz. Extracting by manifest.
3873 silly tarball no local data for balanced-match@https://registry.npmjs.org/balanced-match/-/balanced-match-1.0.2.tgz. Extracting by manifest.
3874 silly tarball no local data for brace-expansion@https://registry.npmjs.org/brace-expansion/-/brace-expansion-1.1.18.tgz. Extracting by manifest.
3875 silly tarball no local data for mime-db@https://registry.npmjs.org/mime-db/-/mime-db-1.52.0.tgz. Extracting by manifest.
3876 silly tarball no local data for to-regex-range@https://registry.npmjs.org/to-regex-range/-/to-regex-range-5.0.1.tgz. Extracting by manifest.
3877 silly tarball no local data for yallist@https://registry.npmjs.org/yallist/-/yallist-3.1.1.tgz. Extracting by manifest.
3878 silly tarball no local data for fill-range@https://registry.npmjs.org/fill-range/-/fill-range-7.1.1.tgz. Extracting by manifest.
3879 silly tarball no local data for picomatch@https://registry.npmjs.org/picomatch/-/picomatch-2.3.2.tgz. Extracting by manifest.
3880 silly tarball no local data for braces@https://registry.npmjs.org/braces/-/braces-3.0.3.tgz. Extracting by manifest.
3881 silly tarball no local data for type-check@https://registry.npmjs.org/type-check/-/type-check-0.4.0.tgz. Extracting by manifest.
3882 silly tarball no local data for json-buffer@https://registry.npmjs.org/json-buffer/-/json-buffer-3.0.1.tgz. Extracting by manifest.
3883 silly tarball no local data for p-locate@https://registry.npmjs.org/p-locate/-/p-locate-5.0.0.tgz. Extracting by manifest.
3884 silly tarball no local data for language-subtag-registry@https://registry.npmjs.org/language-subtag-registry/-/language-subtag-registry-0.3.23.tgz. Extracting by manifest.
3885 silly tarball no local data for prelude-ls@https://registry.npmjs.org/prelude-ls/-/prelude-ls-1.2.1.tgz. Extracting by manifest.
3886 silly tarball no local data for agent-base@https://registry.npmjs.org/agent-base/-/agent-base-7.1.4.tgz. Extracting by manifest.
3887 silly tarball no local data for delayed-stream@https://registry.npmjs.org/delayed-stream/-/delayed-stream-1.0.0.tgz. Extracting by manifest.
3888 silly tarball no local data for combined-stream@https://registry.npmjs.org/combined-stream/-/combined-stream-1.0.8.tgz. Extracting by manifest.
3889 silly tarball no local data for mime-types@https://registry.npmjs.org/mime-types/-/mime-types-2.1.35.tgz. Extracting by manifest.
3890 silly tarball no local data for asynckit@https://registry.npmjs.org/asynckit/-/asynckit-0.4.0.tgz. Extracting by manifest.
3891 silly tarball no local data for @csstools/css-tokenizer@https://registry.npmjs.org/@csstools/css-tokenizer/-/css-tokenizer-3.0.4.tgz. Extracting by manifest.
3892 silly tarball no local data for @csstools/css-parser-algorithms@https://registry.npmjs.org/@csstools/css-parser-algorithms/-/css-parser-algorithms-3.0.5.tgz. Extracting by manifest.
3893 silly tarball no local data for @csstools/css-color-parser@https://registry.npmjs.org/@csstools/css-color-parser/-/css-color-parser-3.1.0.tgz. Extracting by manifest.
3894 silly tarball no local data for @csstools/css-calc@https://registry.npmjs.org/@csstools/css-calc/-/css-calc-2.1.4.tgz. Extracting by manifest.
3895 silly tarball no local data for @csstools/color-helpers@https://registry.npmjs.org/@csstools/color-helpers/-/color-helpers-5.1.0.tgz. Extracting by manifest.
3896 silly tarball no local data for @asamuzakjp/css-color@https://registry.npmjs.org/@asamuzakjp/css-color/-/css-color-3.2.0.tgz. Extracting by manifest.
3897 silly tarball no local data for ws@https://registry.npmjs.org/ws/-/ws-8.21.3.tgz. Extracting by manifest.
3898 silly tarball no local data for xml-name-validator@https://registry.npmjs.org/xml-name-validator/-/xml-name-validator-5.0.0.tgz. Extracting by manifest.
3899 silly tarball no local data for whatwg-url@https://registry.npmjs.org/whatwg-url/-/whatwg-url-14.2.0.tgz. Extracting by manifest.
3900 silly tarball no local data for whatwg-mimetype@https://registry.npmjs.org/whatwg-mimetype/-/whatwg-mimetype-4.0.0.tgz. Extracting by manifest.
3901 silly tarball no local data for whatwg-encoding@https://registry.npmjs.org/whatwg-encoding/-/whatwg-encoding-3.1.1.tgz. Extracting by manifest.
3902 silly tarball no local data for webidl-conversions@https://registry.npmjs.org/webidl-conversions/-/webidl-conversions-7.0.0.tgz. Extracting by manifest.
3903 silly tarball no local data for symbol-tree@https://registry.npmjs.org/symbol-tree/-/symbol-tree-3.2.4.tgz. Extracting by manifest.
3904 silly tarball no local data for w3c-xmlserializer@https://registry.npmjs.org/w3c-xmlserializer/-/w3c-xmlserializer-5.0.0.tgz. Extracting by manifest.
3905 silly tarball no local data for tough-cookie@https://registry.npmjs.org/tough-cookie/-/tough-cookie-5.1.2.tgz. Extracting by manifest.
3906 silly tarball no local data for saxes@https://registry.npmjs.org/saxes/-/saxes-6.0.0.tgz. Extracting by manifest.
3907 silly tarball no local data for rrweb-cssom@https://registry.npmjs.org/rrweb-cssom/-/rrweb-cssom-0.7.1.tgz. Extracting by manifest.
3908 silly tarball no local data for parse5@https://registry.npmjs.org/parse5/-/parse5-7.3.0.tgz. Extracting by manifest.
3909 silly tarball no local data for https-proxy-agent@https://registry.npmjs.org/https-proxy-agent/-/https-proxy-agent-7.0.6.tgz. Extracting by manifest.
3910 silly tarball no local data for nwsapi@https://registry.npmjs.org/nwsapi/-/nwsapi-2.2.24.tgz. Extracting by manifest.
3911 silly tarball no local data for is-potential-custom-element-name@https://registry.npmjs.org/is-potential-custom-element-name/-/is-potential-custom-element-name-1.0.1.tgz. Extracting by manifest.
3912 silly tarball no local data for form-data@https://registry.npmjs.org/form-data/-/form-data-4.0.6.tgz. Extracting by manifest.
3913 silly tarball no local data for http-proxy-agent@https://registry.npmjs.org/http-proxy-agent/-/http-proxy-agent-7.0.2.tgz. Extracting by manifest.
3914 silly tarball no local data for html-encoding-sniffer@https://registry.npmjs.org/html-encoding-sniffer/-/html-encoding-sniffer-4.0.0.tgz. Extracting by manifest.
3915 silly tarball no local data for decimal.js@https://registry.npmjs.org/decimal.js/-/decimal.js-10.6.0.tgz. Extracting by manifest.
3916 silly tarball no local data for data-urls@https://registry.npmjs.org/data-urls/-/data-urls-5.0.0.tgz. Extracting by manifest.
3917 silly tarball no local data for argparse@https://registry.npmjs.org/argparse/-/argparse-2.0.1.tgz. Extracting by manifest.
3918 silly tarball no local data for cssstyle@https://registry.npmjs.org/cssstyle/-/cssstyle-4.6.0.tgz. Extracting by manifest.
3919 silly tarball no local data for resolve-from@https://registry.npmjs.org/resolve-from/-/resolve-from-4.0.0.tgz. Extracting by manifest.
3920 silly tarball no local data for set-function-name@https://registry.npmjs.org/set-function-name/-/set-function-name-2.0.2.tgz. Extracting by manifest.
3921 silly tarball no local data for parent-module@https://registry.npmjs.org/parent-module/-/parent-module-1.0.1.tgz. Extracting by manifest.
3922 silly tarball no local data for is-extglob@https://registry.npmjs.org/is-extglob/-/is-extglob-2.1.1.tgz. Extracting by manifest.
3923 silly tarball no local data for side-channel@https://registry.npmjs.org/side-channel/-/side-channel-1.1.1.tgz. Extracting by manifest.
3924 silly tarball no local data for resolve-pkg-maps@https://registry.npmjs.org/resolve-pkg-maps/-/resolve-pkg-maps-1.0.0.tgz. Extracting by manifest.
3925 silly tarball no local data for hermes-estree@https://registry.npmjs.org/hermes-estree/-/hermes-estree-0.25.1.tgz. Extracting by manifest.
3926 silly tarball no local data for is-document.all@https://registry.npmjs.org/is-document.all/-/is-document.all-1.0.0.tgz. Extracting by manifest.
3927 silly tarball no local data for keyv@https://registry.npmjs.org/keyv/-/keyv-4.5.4.tgz. Extracting by manifest.
3928 silly tarball no local data for dunder-proto@https://registry.npmjs.org/dunder-proto/-/dunder-proto-1.0.1.tgz. Extracting by manifest.
3929 silly tarball no local data for functions-have-names@https://registry.npmjs.org/functions-have-names/-/functions-have-names-1.2.3.tgz. Extracting by manifest.
3930 silly tarball no local data for locate-path@https://registry.npmjs.org/locate-path/-/locate-path-6.0.0.tgz. Extracting by manifest.
3931 silly tarball no local data for flatted@https://registry.npmjs.org/flatted/-/flatted-3.4.4.tgz. Extracting by manifest.
3932 silly tarball no local data for reusify@https://registry.npmjs.org/reusify/-/reusify-1.1.0.tgz. Extracting by manifest.
3933 silly tarball no local data for path-exists@https://registry.npmjs.org/path-exists/-/path-exists-4.0.0.tgz. Extracting by manifest.
3934 silly tarball no local data for run-parallel@https://registry.npmjs.org/run-parallel/-/run-parallel-1.2.0.tgz. Extracting by manifest.
3935 silly tarball no local data for flat-cache@https://registry.npmjs.org/flat-cache/-/flat-cache-4.0.1.tgz. Extracting by manifest.
3936 silly tarball no local data for micromatch@https://registry.npmjs.org/micromatch/-/micromatch-4.0.8.tgz. Extracting by manifest.
3937 silly tarball no local data for @nodelib/fs.scandir@https://registry.npmjs.org/@nodelib/fs.scandir/-/fs.scandir-2.1.5.tgz. Extracting by manifest.
3938 silly tarball no local data for @nodelib/fs.walk@https://registry.npmjs.org/@nodelib/fs.walk/-/fs.walk-1.2.8.tgz. Extracting by manifest.
3939 silly tarball no local data for fastq@https://registry.npmjs.org/fastq/-/fastq-1.20.1.tgz. Extracting by manifest.
3940 silly tarball no local data for @nodelib/fs.stat@https://registry.npmjs.org/@nodelib/fs.stat/-/fs.stat-2.0.5.tgz. Extracting by manifest.
3941 silly tarball no local data for acorn-jsx@https://registry.npmjs.org/acorn-jsx/-/acorn-jsx-5.3.2.tgz. Extracting by manifest.
3942 silly tarball no local data for acorn@https://registry.npmjs.org/acorn/-/acorn-8.18.0.tgz. Extracting by manifest.
3943 silly tarball no local data for merge2@https://registry.npmjs.org/merge2/-/merge2-1.4.1.tgz. Extracting by manifest.
3944 silly tarball no local data for esrecurse@https://registry.npmjs.org/esrecurse/-/esrecurse-4.3.0.tgz. Extracting by manifest.
3945 silly tarball no local data for update-browserslist-db@https://registry.npmjs.org/update-browserslist-db/-/update-browserslist-db-1.3.1.tgz. Extracting by manifest.
3946 silly tarball no local data for electron-to-chromium@https://registry.npmjs.org/electron-to-chromium/-/electron-to-chromium-1.5.405.tgz. Extracting by manifest.
3947 silly tarball no local data for node-releases@https://registry.npmjs.org/node-releases/-/node-releases-2.0.53.tgz. Extracting by manifest.
3948 silly tarball no local data for caniuse-lite@https://registry.npmjs.org/caniuse-lite/-/caniuse-lite-1.0.30001809.tgz. Extracting by manifest.
3949 silly tarball no local data for baseline-browser-mapping@https://registry.npmjs.org/baseline-browser-mapping/-/baseline-browser-mapping-2.11.13.tgz. Extracting by manifest.
3950 silly tarball no local data for @jridgewell/resolve-uri@https://registry.npmjs.org/@jridgewell/resolve-uri/-/resolve-uri-3.1.2.tgz. Extracting by manifest.
3951 silly tarball no local data for @jridgewell/sourcemap-codec@https://registry.npmjs.org/@jridgewell/sourcemap-codec/-/sourcemap-codec-1.5.5.tgz. Extracting by manifest.
3952 silly tarball no local data for lru-cache@https://registry.npmjs.org/lru-cache/-/lru-cache-5.1.1.tgz. Extracting by manifest.
3953 silly tarball no local data for @babel/helper-module-imports@https://registry.npmjs.org/@babel/helper-module-imports/-/helper-module-imports-7.29.7.tgz. Extracting by manifest.
3954 silly tarball no local data for @babel/helper-string-parser@https://registry.npmjs.org/@babel/helper-string-parser/-/helper-string-parser-7.29.7.tgz. Extracting by manifest.
3955 silly tarball no local data for browserslist@https://registry.npmjs.org/browserslist/-/browserslist-4.28.8.tgz. Extracting by manifest.
3956 silly tarball no local data for @babel/helper-globals@https://registry.npmjs.org/@babel/helper-globals/-/helper-globals-7.29.7.tgz. Extracting by manifest.
3957 silly tarball no local data for jsesc@https://registry.npmjs.org/jsesc/-/jsesc-3.1.0.tgz. Extracting by manifest.
3958 silly tarball no local data for @babel/helper-validator-option@https://registry.npmjs.org/@babel/helper-validator-option/-/helper-validator-option-7.29.7.tgz. Extracting by manifest.
3959 silly tarball no local data for @jridgewell/trace-mapping@https://registry.npmjs.org/@jridgewell/trace-mapping/-/trace-mapping-0.3.31.tgz. Extracting by manifest.
3960 silly tarball no local data for @babel/compat-data@https://registry.npmjs.org/@babel/compat-data/-/compat-data-7.29.7.tgz. Extracting by manifest.
3961 silly tarball no local data for json5@https://registry.npmjs.org/json5/-/json5-2.2.3.tgz. Extracting by manifest.
3962 silly tarball no local data for @jridgewell/gen-mapping@https://registry.npmjs.org/@jridgewell/gen-mapping/-/gen-mapping-0.3.13.tgz. Extracting by manifest.
3963 silly tarball no local data for gensync@https://registry.npmjs.org/gensync/-/gensync-1.0.0-beta.2.tgz. Extracting by manifest.
3964 silly tarball no local data for convert-source-map@https://registry.npmjs.org/convert-source-map/-/convert-source-map-2.0.0.tgz. Extracting by manifest.
3965 silly tarball no local data for @jridgewell/remapping@https://registry.npmjs.org/@jridgewell/remapping/-/remapping-2.3.5.tgz. Extracting by manifest.
3966 silly tarball no local data for @babel/traverse@https://registry.npmjs.org/@babel/traverse/-/traverse-7.29.8.tgz. Extracting by manifest.
3967 silly tarball no local data for @babel/helpers@https://registry.npmjs.org/@babel/helpers/-/helpers-7.29.7.tgz. Extracting by manifest.
3968 silly tarball no local data for @babel/template@https://registry.npmjs.org/@babel/template/-/template-7.29.7.tgz. Extracting by manifest.
3969 silly tarball no local data for @babel/types@https://registry.npmjs.org/@babel/types/-/types-7.29.8.tgz. Extracting by manifest.
3970 silly tarball no local data for @babel/helper-module-transforms@https://registry.npmjs.org/@babel/helper-module-transforms/-/helper-module-transforms-7.29.7.tgz. Extracting by manifest.
3971 silly tarball no local data for zod-validation-error@https://registry.npmjs.org/zod-validation-error/-/zod-validation-error-4.0.2.tgz. Extracting by manifest.
3972 silly tarball no local data for zod@https://registry.npmjs.org/zod/-/zod-4.4.3.tgz. Extracting by manifest.
3973 silly tarball no local data for @babel/helper-compilation-targets@https://registry.npmjs.org/@babel/helper-compilation-targets/-/helper-compilation-targets-7.29.7.tgz. Extracting by manifest.
3974 silly tarball no local data for @babel/generator@https://registry.npmjs.org/@babel/generator/-/generator-7.29.8.tgz. Extracting by manifest.
3975 silly tarball no local data for iterator.prototype@https://registry.npmjs.org/iterator.prototype/-/iterator.prototype-1.1.5.tgz. Extracting by manifest.
3976 silly tarball no local data for hermes-parser@https://registry.npmjs.org/hermes-parser/-/hermes-parser-0.25.1.tgz. Extracting by manifest.
3977 silly tarball no local data for @babel/parser@https://registry.npmjs.org/@babel/parser/-/parser-7.29.8.tgz. Extracting by manifest.
3978 silly tarball no local data for string.prototype.matchall@https://registry.npmjs.org/string.prototype.matchall/-/string.prototype.matchall-4.0.12.tgz. Extracting by manifest.
3979 silly tarball no local data for string.prototype.repeat@https://registry.npmjs.org/string.prototype.repeat/-/string.prototype.repeat-1.0.0.tgz. Extracting by manifest.
3980 silly tarball no local data for es-iterator-helpers@https://registry.npmjs.org/es-iterator-helpers/-/es-iterator-helpers-1.4.0.tgz. Extracting by manifest.
3981 silly tarball no local data for @babel/core@https://registry.npmjs.org/@babel/core/-/core-7.29.7.tgz. Extracting by manifest.
3982 silly tarball no local data for object.entries@https://registry.npmjs.org/object.entries/-/object.entries-1.1.9.tgz. Extracting by manifest.
3983 silly tarball no local data for estraverse@https://registry.npmjs.org/estraverse/-/estraverse-5.3.0.tgz. Extracting by manifest.
3984 silly tarball no local data for array.prototype.tosorted@https://registry.npmjs.org/array.prototype.tosorted/-/array.prototype.tosorted-1.1.4.tgz. Extracting by manifest.
3985 silly tarball no local data for array.prototype.findlast@https://registry.npmjs.org/array.prototype.findlast/-/array.prototype.findlast-1.2.5.tgz. Extracting by manifest.
3986 silly tarball no local data for emoji-regex@https://registry.npmjs.org/emoji-regex/-/emoji-regex-9.2.2.tgz. Extracting by manifest.
3987 silly tarball no local data for language-tags@https://registry.npmjs.org/language-tags/-/language-tags-1.0.9.tgz. Extracting by manifest.
3988 silly tarball no local data for prop-types@https://registry.npmjs.org/prop-types/-/prop-types-15.8.1.tgz. Extracting by manifest.
3989 silly tarball no local data for jsx-ast-utils@https://registry.npmjs.org/jsx-ast-utils/-/jsx-ast-utils-3.3.5.tgz. Extracting by manifest.
3990 silly tarball no local data for string.prototype.includes@https://registry.npmjs.org/string.prototype.includes/-/string.prototype.includes-2.0.1.tgz. Extracting by manifest.
3991 silly tarball no local data for axobject-query@https://registry.npmjs.org/axobject-query/-/axobject-query-4.1.0.tgz. Extracting by manifest.
3992 silly tarball no local data for ast-types-flow@https://registry.npmjs.org/ast-types-flow/-/ast-types-flow-0.0.8.tgz. Extracting by manifest.
3993 silly tarball no local data for axe-core@https://registry.npmjs.org/axe-core/-/axe-core-4.13.0.tgz. Extracting by manifest.
3994 silly tarball no local data for is-date-object@https://registry.npmjs.org/is-date-object/-/is-date-object-1.1.0.tgz. Extracting by manifest.
3995 silly tarball no local data for damerau-levenshtein@https://registry.npmjs.org/damerau-levenshtein/-/damerau-levenshtein-1.0.8.tgz. Extracting by manifest.
3996 silly tarball no local data for es-abstract-get@https://registry.npmjs.org/es-abstract-get/-/es-abstract-get-1.0.0.tgz. Extracting by manifest.
3997 silly tarball no local data for is-symbol@https://registry.npmjs.org/is-symbol/-/is-symbol-1.1.1.tgz. Extracting by manifest.
3998 silly tarball no local data for has-tostringtag@https://registry.npmjs.org/has-tostringtag/-/has-tostringtag-1.0.2.tgz. Extracting by manifest.
3999 silly tarball no local data for possible-typed-array-names@https://registry.npmjs.org/possible-typed-array-names/-/possible-typed-array-names-1.1.0.tgz. Extracting by manifest.
4000 silly tarball no local data for which-typed-array@https://registry.npmjs.org/which-typed-array/-/which-typed-array-1.1.22.tgz. Extracting by manifest.
4001 silly tarball no local data for unbox-primitive@https://registry.npmjs.org/unbox-primitive/-/unbox-primitive-1.1.0.tgz. Extracting by manifest.
4002 silly tarball no local data for typed-array-length@https://registry.npmjs.org/typed-array-length/-/typed-array-length-1.0.8.tgz. Extracting by manifest.
4003 silly tarball no local data for typed-array-buffer@https://registry.npmjs.org/typed-array-buffer/-/typed-array-buffer-1.0.3.tgz. Extracting by manifest.
4004 silly tarball no local data for typed-array-byte-length@https://registry.npmjs.org/typed-array-byte-length/-/typed-array-byte-length-1.0.3.tgz. Extracting by manifest.
4005 silly tarball no local data for string.prototype.trimstart@https://registry.npmjs.org/string.prototype.trimstart/-/string.prototype.trimstart-1.0.8.tgz. Extracting by manifest.
4006 silly tarball no local data for typed-array-byte-offset@https://registry.npmjs.org/typed-array-byte-offset/-/typed-array-byte-offset-1.0.4.tgz. Extracting by manifest.
4007 silly tarball no local data for string.prototype.trim@https://registry.npmjs.org/string.prototype.trim/-/string.prototype.trim-1.2.11.tgz. Extracting by manifest.
4008 silly tarball no local data for stop-iteration-iterator@https://registry.npmjs.org/stop-iteration-iterator/-/stop-iteration-iterator-1.1.0.tgz. Extracting by manifest.
4009 silly tarball no local data for set-proto@https://registry.npmjs.org/set-proto/-/set-proto-1.0.0.tgz. Extracting by manifest.
4010 silly tarball no local data for safe-regex-test@https://registry.npmjs.org/safe-regex-test/-/safe-regex-test-1.1.0.tgz. Extracting by manifest.
4011 silly tarball no local data for safe-array-concat@https://registry.npmjs.org/safe-array-concat/-/safe-array-concat-1.1.4.tgz. Extracting by manifest.
4012 silly tarball no local data for object.assign@https://registry.npmjs.org/object.assign/-/object.assign-4.1.7.tgz. Extracting by manifest.
4013 silly tarball no local data for safe-push-apply@https://registry.npmjs.org/safe-push-apply/-/safe-push-apply-1.0.0.tgz. Extracting by manifest.
4014 silly tarball no local data for own-keys@https://registry.npmjs.org/own-keys/-/own-keys-1.0.2.tgz. Extracting by manifest.
4015 silly tarball no local data for object-inspect@https://registry.npmjs.org/object-inspect/-/object-inspect-1.13.4.tgz. Extracting by manifest.
4016 silly tarball no local data for is-typed-array@https://registry.npmjs.org/is-typed-array/-/is-typed-array-1.1.15.tgz. Extracting by manifest.
4017 silly tarball no local data for regexp.prototype.flags@https://registry.npmjs.org/regexp.prototype.flags/-/regexp.prototype.flags-1.5.4.tgz. Extracting by manifest.
4018 silly tarball no local data for is-weakref@https://registry.npmjs.org/is-weakref/-/is-weakref-1.1.1.tgz. Extracting by manifest.
4019 silly tarball no local data for is-shared-array-buffer@https://registry.npmjs.org/is-shared-array-buffer/-/is-shared-array-buffer-1.0.4.tgz. Extracting by manifest.
4020 silly tarball no local data for is-set@https://registry.npmjs.org/is-set/-/is-set-2.0.3.tgz. Extracting by manifest.
4021 silly tarball no local data for is-regex@https://registry.npmjs.org/is-regex/-/is-regex-1.2.1.tgz. Extracting by manifest.
4022 silly tarball no local data for is-callable@https://registry.npmjs.org/is-callable/-/is-callable-1.2.7.tgz. Extracting by manifest.
4023 silly tarball no local data for is-data-view@https://registry.npmjs.org/is-data-view/-/is-data-view-1.0.2.tgz. Extracting by manifest.
4024 silly tarball no local data for is-array-buffer@https://registry.npmjs.org/is-array-buffer/-/is-array-buffer-3.0.5.tgz. Extracting by manifest.
4025 silly tarball no local data for is-negative-zero@https://registry.npmjs.org/is-negative-zero/-/is-negative-zero-2.0.3.tgz. Extracting by manifest.
4026 silly tarball no local data for internal-slot@https://registry.npmjs.org/internal-slot/-/internal-slot-1.1.0.tgz. Extracting by manifest.
4027 silly tarball no local data for has-symbols@https://registry.npmjs.org/has-symbols/-/has-symbols-1.1.0.tgz. Extracting by manifest.
4028 silly tarball no local data for globalthis@https://registry.npmjs.org/globalthis/-/globalthis-1.0.4.tgz. Extracting by manifest.
4029 silly tarball no local data for has-proto@https://registry.npmjs.org/has-proto/-/has-proto-1.2.0.tgz. Extracting by manifest.
4030 silly tarball no local data for get-proto@https://registry.npmjs.org/get-proto/-/get-proto-1.0.1.tgz. Extracting by manifest.
4031 silly tarball no local data for get-symbol-description@https://registry.npmjs.org/get-symbol-description/-/get-symbol-description-1.1.0.tgz. Extracting by manifest.
4032 silly tarball no local data for function.prototype.name@https://registry.npmjs.org/function.prototype.name/-/function.prototype.name-1.2.0.tgz. Extracting by manifest.
4033 silly tarball no local data for es-to-primitive@https://registry.npmjs.org/es-to-primitive/-/es-to-primitive-1.3.4.tgz. Extracting by manifest.
4034 silly tarball no local data for data-view-byte-offset@https://registry.npmjs.org/data-view-byte-offset/-/data-view-byte-offset-1.0.1.tgz. Extracting by manifest.
4035 silly tarball no local data for es-set-tostringtag@https://registry.npmjs.org/es-set-tostringtag/-/es-set-tostringtag-2.1.0.tgz. Extracting by manifest.
4036 silly tarball no local data for data-view-buffer@https://registry.npmjs.org/data-view-buffer/-/data-view-buffer-1.0.2.tgz. Extracting by manifest.
4037 silly tarball no local data for available-typed-arrays@https://registry.npmjs.org/available-typed-arrays/-/available-typed-arrays-1.0.7.tgz. Extracting by manifest.
4038 silly tarball no local data for data-view-byte-length@https://registry.npmjs.org/data-view-byte-length/-/data-view-byte-length-1.0.2.tgz. Extracting by manifest.
4039 silly tarball no local data for array-buffer-byte-length@https://registry.npmjs.org/array-buffer-byte-length/-/array-buffer-byte-length-1.0.2.tgz. Extracting by manifest.
4040 silly tarball no local data for arraybuffer.prototype.slice@https://registry.npmjs.org/arraybuffer.prototype.slice/-/arraybuffer.prototype.slice-1.0.4.tgz. Extracting by manifest.
4041 silly tarball no local data for has-property-descriptors@https://registry.npmjs.org/has-property-descriptors/-/has-property-descriptors-1.0.2.tgz. Extracting by manifest.
4042 silly tarball no local data for object-keys@https://registry.npmjs.org/object-keys/-/object-keys-1.1.1.tgz. Extracting by manifest.
4043 silly tarball no local data for gopd@https://registry.npmjs.org/gopd/-/gopd-1.2.0.tgz. Extracting by manifest.
4044 silly tarball no local data for define-data-property@https://registry.npmjs.org/define-data-property/-/define-data-property-1.1.4.tgz. Extracting by manifest.
4045 silly tarball no local data for function-bind@https://registry.npmjs.org/function-bind/-/function-bind-1.1.2.tgz. Extracting by manifest.
4046 silly tarball no local data for call-bind-apply-helpers@https://registry.npmjs.org/call-bind-apply-helpers/-/call-bind-apply-helpers-1.0.2.tgz. Extracting by manifest.
4047 silly tarball no local data for es-define-property@https://registry.npmjs.org/es-define-property/-/es-define-property-1.0.1.tgz. Extracting by manifest.
4048 silly tarball no local data for math-intrinsics@https://registry.npmjs.org/math-intrinsics/-/math-intrinsics-1.1.0.tgz. Extracting by manifest.
4049 silly tarball no local data for is-string@https://registry.npmjs.org/is-string/-/is-string-1.1.1.tgz. Extracting by manifest.
4050 silly tarball no local data for set-function-length@https://registry.npmjs.org/set-function-length/-/set-function-length-1.2.2.tgz. Extracting by manifest.
4051 silly tarball no local data for es-object-atoms@https://registry.npmjs.org/es-object-atoms/-/es-object-atoms-1.1.2.tgz. Extracting by manifest.
4052 silly tarball no local data for es-shim-unscopables@https://registry.npmjs.org/es-shim-unscopables/-/es-shim-unscopables-1.1.0.tgz. Extracting by manifest.
4053 silly tarball no local data for es-abstract@https://registry.npmjs.org/es-abstract/-/es-abstract-1.24.2.tgz. Extracting by manifest.
4054 silly tarball no local data for es-errors@https://registry.npmjs.org/es-errors/-/es-errors-1.3.0.tgz. Extracting by manifest.
4055 silly tarball no local data for get-intrinsic@https://registry.npmjs.org/get-intrinsic/-/get-intrinsic-1.3.0.tgz. Extracting by manifest.
4056 silly tarball no local data for call-bind@https://registry.npmjs.org/call-bind/-/call-bind-1.0.9.tgz. Extracting by manifest.
4057 silly tarball no local data for define-properties@https://registry.npmjs.org/define-properties/-/define-properties-1.2.1.tgz. Extracting by manifest.
4058 silly tarball no local data for call-bound@https://registry.npmjs.org/call-bound/-/call-bound-1.0.4.tgz. Extracting by manifest.
4059 silly tarball no local data for string.prototype.trimend@https://registry.npmjs.org/string.prototype.trimend/-/string.prototype.trimend-1.0.10.tgz. Extracting by manifest.
4060 silly tarball no local data for object.groupby@https://registry.npmjs.org/object.groupby/-/object.groupby-1.0.3.tgz. Extracting by manifest.
4061 silly tarball no local data for object.values@https://registry.npmjs.org/object.values/-/object.values-1.2.1.tgz. Extracting by manifest.
4062 silly tarball no local data for tsconfig-paths@https://registry.npmjs.org/tsconfig-paths/-/tsconfig-paths-3.15.0.tgz. Extracting by manifest.
4063 silly tarball no local data for semver@https://registry.npmjs.org/semver/-/semver-6.3.1.tgz. Extracting by manifest.
4064 silly tarball no local data for hasown@https://registry.npmjs.org/hasown/-/hasown-2.0.4.tgz. Extracting by manifest.
4065 silly tarball no local data for doctrine@https://registry.npmjs.org/doctrine/-/doctrine-2.1.0.tgz. Extracting by manifest.
4066 silly tarball no local data for array.prototype.flatmap@https://registry.npmjs.org/array.prototype.flatmap/-/array.prototype.flatmap-1.3.3.tgz. Extracting by manifest.
4067 silly tarball no local data for eslint-module-utils@https://registry.npmjs.org/eslint-module-utils/-/eslint-module-utils-2.14.0.tgz. Extracting by manifest.
4068 silly tarball no local data for object.fromentries@https://registry.npmjs.org/object.fromentries/-/object.fromentries-2.0.8.tgz. Extracting by manifest.
4069 silly tarball no local data for array.prototype.flat@https://registry.npmjs.org/array.prototype.flat/-/array.prototype.flat-1.3.3.tgz. Extracting by manifest.
4070 silly tarball no local data for array-includes@https://registry.npmjs.org/array-includes/-/array-includes-3.1.9.tgz. Extracting by manifest.
4071 silly tarball no local data for @rtsao/scc@https://registry.npmjs.org/@rtsao/scc/-/scc-1.1.0.tgz. Extracting by manifest.
4072 silly tarball no local data for unrs-resolver@https://registry.npmjs.org/unrs-resolver/-/unrs-resolver-1.12.2.tgz. Extracting by manifest.
4073 silly tarball no local data for array.prototype.findlastindex@https://registry.npmjs.org/array.prototype.findlastindex/-/array.prototype.findlastindex-1.2.6.tgz. Extracting by manifest.
4074 silly tarball no local data for tinyglobby@https://registry.npmjs.org/tinyglobby/-/tinyglobby-0.2.17.tgz. Extracting by manifest.
4075 silly tarball no local data for stable-hash@https://registry.npmjs.org/stable-hash/-/stable-hash-0.0.5.tgz. Extracting by manifest.
4076 silly tarball no local data for @nolyfill/is-core-module@https://registry.npmjs.org/@nolyfill/is-core-module/-/is-core-module-1.0.39.tgz. Extracting by manifest.
4077 silly tarball no local data for is-bun-module@https://registry.npmjs.org/is-bun-module/-/is-bun-module-2.0.0.tgz. Extracting by manifest.
4078 silly tarball no local data for resolve@https://registry.npmjs.org/resolve/-/resolve-2.0.0-next.7.tgz. Extracting by manifest.
4079 silly tarball no local data for is-core-module@https://registry.npmjs.org/is-core-module/-/is-core-module-2.16.2.tgz. Extracting by manifest.
4080 silly tarball no local data for fast-glob@https://registry.npmjs.org/fast-glob/-/fast-glob-3.3.1.tgz. Extracting by manifest.
4081 silly tarball no local data for get-tsconfig@https://registry.npmjs.org/get-tsconfig/-/get-tsconfig-4.14.1.tgz. Extracting by manifest.
4082 silly tarball no local data for eslint-plugin-react-hooks@https://registry.npmjs.org/eslint-plugin-react-hooks/-/eslint-plugin-react-hooks-7.1.1.tgz. Extracting by manifest.
4083 silly tarball no local data for eslint-plugin-react@https://registry.npmjs.org/eslint-plugin-react/-/eslint-plugin-react-7.37.5.tgz. Extracting by manifest.
4084 silly tarball no local data for eslint-import-resolver-typescript@https://registry.npmjs.org/eslint-import-resolver-typescript/-/eslint-import-resolver-typescript-3.10.1.tgz. Extracting by manifest.
4085 silly tarball no local data for eslint-plugin-import@https://registry.npmjs.org/eslint-plugin-import/-/eslint-plugin-import-2.32.0.tgz. Extracting by manifest.
4086 silly tarball no local data for eslint-plugin-jsx-a11y@https://registry.npmjs.org/eslint-plugin-jsx-a11y/-/eslint-plugin-jsx-a11y-6.10.2.tgz. Extracting by manifest.
4087 silly tarball no local data for which@https://registry.npmjs.org/which/-/which-2.0.2.tgz. Extracting by manifest.
4088 silly tarball no local data for typescript-eslint@https://registry.npmjs.org/typescript-eslint/-/typescript-eslint-8.67.0.tgz. Extracting by manifest.
4089 silly tarball no local data for @next/eslint-plugin-next@https://registry.npmjs.org/@next/eslint-plugin-next/-/eslint-plugin-next-16.3.0.tgz. Extracting by manifest.
4090 silly tarball no local data for eslint-import-resolver-node@https://registry.npmjs.org/eslint-import-resolver-node/-/eslint-import-resolver-node-0.3.10.tgz. Extracting by manifest.
4091 silly tarball no local data for shebang-command@https://registry.npmjs.org/shebang-command/-/shebang-command-2.0.0.tgz. Extracting by manifest.
4092 silly tarball no local data for color-name@https://registry.npmjs.org/color-name/-/color-name-1.1.4.tgz. Extracting by manifest.
4093 silly tarball no local data for path-key@https://registry.npmjs.org/path-key/-/path-key-3.1.1.tgz. Extracting by manifest.
4094 silly tarball no local data for @humanfs/types@https://registry.npmjs.org/@humanfs/types/-/types-0.15.0.tgz. Extracting by manifest.
4095 silly tarball no local data for color-convert@https://registry.npmjs.org/color-convert/-/color-convert-2.0.1.tgz. Extracting by manifest.
4096 silly tarball no local data for @humanfs/core@https://registry.npmjs.org/@humanfs/core/-/core-0.19.2.tgz. Extracting by manifest.
4097 silly tarball no local data for ansi-styles@https://registry.npmjs.org/ansi-styles/-/ansi-styles-4.3.0.tgz. Extracting by manifest.
4098 silly tarball no local data for supports-color@https://registry.npmjs.org/supports-color/-/supports-color-7.2.0.tgz. Extracting by manifest.
4099 silly tarball no local data for levn@https://registry.npmjs.org/levn/-/levn-0.4.1.tgz. Extracting by manifest.
4100 silly tarball no local data for @types/json-schema@https://registry.npmjs.org/@types/json-schema/-/json-schema-7.0.15.tgz. Extracting by manifest.
4101 silly tarball no local data for @eslint/object-schema@https://registry.npmjs.org/@eslint/object-schema/-/object-schema-2.1.7.tgz. Extracting by manifest.
4102 silly tarball no local data for optionator@https://registry.npmjs.org/optionator/-/optionator-0.9.4.tgz. Extracting by manifest.
4103 silly tarball no local data for natural-compare@https://registry.npmjs.org/natural-compare/-/natural-compare-1.4.0.tgz. Extracting by manifest.
4104 silly tarball no local data for lodash.merge@https://registry.npmjs.org/lodash.merge/-/lodash.merge-4.6.2.tgz. Extracting by manifest.
4105 silly tarball no local data for imurmurhash@https://registry.npmjs.org/imurmurhash/-/imurmurhash-0.1.4.tgz. Extracting by manifest.
4106 silly tarball no local data for is-glob@https://registry.npmjs.org/is-glob/-/is-glob-4.0.3.tgz. Extracting by manifest.
4107 silly tarball no local data for find-up@https://registry.npmjs.org/find-up/-/find-up-5.0.0.tgz. Extracting by manifest.
4108 silly tarball no local data for glob-parent@https://registry.npmjs.org/glob-parent/-/glob-parent-6.0.2.tgz. Extracting by manifest.
4109 silly tarball no local data for file-entry-cache@https://registry.npmjs.org/file-entry-cache/-/file-entry-cache-8.0.0.tgz. Extracting by manifest.
4110 silly tarball no local data for esutils@https://registry.npmjs.org/esutils/-/esutils-2.0.3.tgz. Extracting by manifest.
4111 silly tarball no local data for esquery@https://registry.npmjs.org/esquery/-/esquery-1.7.0.tgz. Extracting by manifest.
4112 silly tarball no local data for eslint-visitor-keys@https://registry.npmjs.org/eslint-visitor-keys/-/eslint-visitor-keys-4.2.1.tgz. Extracting by manifest.
4113 silly tarball no local data for json-stable-stringify-without-jsonify@https://registry.npmjs.org/json-stable-stringify-without-jsonify/-/json-stable-stringify-without-jsonify-1.0.1.tgz. Extracting by manifest.
4114 silly tarball no local data for eslint-scope@https://registry.npmjs.org/eslint-scope/-/eslint-scope-8.4.0.tgz. Extracting by manifest.
4115 silly tarball no local data for @types/estree@https://registry.npmjs.org/@types/estree/-/estree-1.0.9.tgz. Extracting by manifest.
4116 silly tarball no local data for @humanwhocodes/retry@https://registry.npmjs.org/@humanwhocodes/retry/-/retry-0.4.3.tgz. Extracting by manifest.
4117 silly tarball no local data for cross-spawn@https://registry.npmjs.org/cross-spawn/-/cross-spawn-7.0.6.tgz. Extracting by manifest.
4118 silly tarball no local data for chalk@https://registry.npmjs.org/chalk/-/chalk-4.1.2.tgz. Extracting by manifest.
4119 silly tarball no local data for @humanwhocodes/module-importer@https://registry.npmjs.org/@humanwhocodes/module-importer/-/module-importer-1.0.1.tgz. Extracting by manifest.
4120 silly tarball no local data for escape-string-regexp@https://registry.npmjs.org/escape-string-regexp/-/escape-string-regexp-4.0.0.tgz. Extracting by manifest.
4121 silly tarball no local data for @humanfs/node@https://registry.npmjs.org/@humanfs/node/-/node-0.16.8.tgz. Extracting by manifest.
4122 silly tarball no local data for @eslint/js@https://registry.npmjs.org/@eslint/js/-/js-9.39.5.tgz. Extracting by manifest.
4123 silly tarball no local data for @eslint/plugin-kit@https://registry.npmjs.org/@eslint/plugin-kit/-/plugin-kit-0.4.1.tgz. Extracting by manifest.
4124 silly tarball no local data for @eslint/core@https://registry.npmjs.org/@eslint/core/-/core-0.17.0.tgz. Extracting by manifest.
4125 silly tarball no local data for @eslint/config-helpers@https://registry.npmjs.org/@eslint/config-helpers/-/config-helpers-0.4.2.tgz. Extracting by manifest.
4126 silly tarball no local data for dequal@https://registry.npmjs.org/dequal/-/dequal-2.0.3.tgz. Extracting by manifest.
4127 silly tarball no local data for @eslint-community/regexpp@https://registry.npmjs.org/@eslint-community/regexpp/-/regexpp-4.12.2.tgz. Extracting by manifest.
4128 silly tarball no local data for @eslint/config-array@https://registry.npmjs.org/@eslint/config-array/-/config-array-0.21.2.tgz. Extracting by manifest.
4129 silly tarball no local data for @eslint-community/eslint-utils@https://registry.npmjs.org/@eslint-community/eslint-utils/-/eslint-utils-4.10.1.tgz. Extracting by manifest.
4130 silly tarball no local data for ms@https://registry.npmjs.org/ms/-/ms-2.1.3.tgz. Extracting by manifest.
4131 silly tarball no local data for uri-js@https://registry.npmjs.org/uri-js/-/uri-js-4.4.1.tgz. Extracting by manifest.
4132 silly tarball no local data for fast-deep-equal@https://registry.npmjs.org/fast-deep-equal/-/fast-deep-equal-3.1.3.tgz. Extracting by manifest.
4133 silly tarball no local data for redent@https://registry.npmjs.org/redent/-/redent-3.0.0.tgz. Extracting by manifest.
4134 silly tarball no local data for json-schema-traverse@https://registry.npmjs.org/json-schema-traverse/-/json-schema-traverse-0.4.1.tgz. Extracting by manifest.
4135 silly tarball no local data for fast-json-stable-stringify@https://registry.npmjs.org/fast-json-stable-stringify/-/fast-json-stable-stringify-2.1.0.tgz. Extracting by manifest.
4136 silly tarball no local data for csstype@https://registry.npmjs.org/csstype/-/csstype-3.2.3.tgz. Extracting by manifest.
4137 silly tarball no local data for undici-types@https://registry.npmjs.org/undici-types/-/undici-types-6.21.0.tgz. Extracting by manifest.
4138 silly tarball no local data for css.escape@https://registry.npmjs.org/css.escape/-/css.escape-1.5.1.tgz. Extracting by manifest.
4139 silly tarball no local data for js-tokens@https://registry.npmjs.org/js-tokens/-/js-tokens-4.0.0.tgz. Extracting by manifest.
4140 silly tarball no local data for @babel/helper-validator-identifier@https://registry.npmjs.org/@babel/helper-validator-identifier/-/helper-validator-identifier-7.29.7.tgz. Extracting by manifest.
4141 silly tarball no local data for @adobe/css-tools@https://registry.npmjs.org/@adobe/css-tools/-/css-tools-4.5.0.tgz. Extracting by manifest.
4142 silly tarball no local data for pretty-format@https://registry.npmjs.org/pretty-format/-/pretty-format-27.5.1.tgz. Extracting by manifest.
4143 silly tarball no local data for lz-string@https://registry.npmjs.org/lz-string/-/lz-string-1.5.0.tgz. Extracting by manifest.
4144 silly tarball no local data for picocolors@https://registry.npmjs.org/picocolors/-/picocolors-1.1.1.tgz. Extracting by manifest.
4145 silly tarball no local data for dom-accessibility-api@https://registry.npmjs.org/dom-accessibility-api/-/dom-accessibility-api-0.5.16.tgz. Extracting by manifest.
4146 silly tarball no local data for aria-query@https://registry.npmjs.org/aria-query/-/aria-query-5.3.0.tgz. Extracting by manifest.
4147 silly tarball no local data for @types/aria-query@https://registry.npmjs.org/@types/aria-query/-/aria-query-5.0.4.tgz. Extracting by manifest.
4148 silly tarball no local data for @babel/code-frame@https://registry.npmjs.org/@babel/code-frame/-/code-frame-7.29.7.tgz. Extracting by manifest.
4149 silly tarball no local data for @supabase/phoenix@https://registry.npmjs.org/@supabase/phoenix/-/phoenix-0.4.5.tgz. Extracting by manifest.
4150 silly tarball no local data for tslib@https://registry.npmjs.org/tslib/-/tslib-2.8.1.tgz. Extracting by manifest.
4151 silly tarball no local data for @supabase/storage-js@https://registry.npmjs.org/@supabase/storage-js/-/storage-js-2.112.3.tgz. Extracting by manifest.
4152 silly tarball no local data for @babel/runtime@https://registry.npmjs.org/@babel/runtime/-/runtime-7.29.7.tgz. Extracting by manifest.
4153 silly tarball no local data for iceberg-js@https://registry.npmjs.org/iceberg-js/-/iceberg-js-0.8.1.tgz. Extracting by manifest.
4154 silly tarball no local data for @supabase/functions-js@https://registry.npmjs.org/@supabase/functions-js/-/functions-js-2.112.3.tgz. Extracting by manifest.
4155 silly tarball no local data for @supabase/postgrest-js@https://registry.npmjs.org/@supabase/postgrest-js/-/postgrest-js-2.112.3.tgz. Extracting by manifest.
4156 silly tarball no local data for @supabase/realtime-js@https://registry.npmjs.org/@supabase/realtime-js/-/realtime-js-2.112.3.tgz. Extracting by manifest.
4157 silly tarball no local data for @supabase/auth-js@https://registry.npmjs.org/@supabase/auth-js/-/auth-js-2.112.3.tgz. Extracting by manifest.
4158 silly tarball no local data for strip-json-comments@https://registry.npmjs.org/strip-json-comments/-/strip-json-comments-3.1.1.tgz. Extracting by manifest.
4159 silly tarball no local data for @monaco-editor/loader@https://registry.npmjs.org/@monaco-editor/loader/-/loader-1.7.0.tgz. Extracting by manifest.
4160 silly tarball no local data for state-local@https://registry.npmjs.org/state-local/-/state-local-1.0.7.tgz. Extracting by manifest.
4161 silly tarball no local data for minimatch@https://registry.npmjs.org/minimatch/-/minimatch-3.1.5.tgz. Extracting by manifest.
4162 silly tarball no local data for js-yaml@https://registry.npmjs.org/js-yaml/-/js-yaml-4.3.1.tgz. Extracting by manifest.
4163 silly tarball no local data for ignore@https://registry.npmjs.org/ignore/-/ignore-5.3.2.tgz. Extracting by manifest.
4164 silly tarball no local data for import-fresh@https://registry.npmjs.org/import-fresh/-/import-fresh-3.3.1.tgz. Extracting by manifest.
4165 silly tarball no local data for globals@https://registry.npmjs.org/globals/-/globals-14.0.0.tgz. Extracting by manifest.
4166 silly tarball no local data for espree@https://registry.npmjs.org/espree/-/espree-10.4.0.tgz. Extracting by manifest.
4167 silly tarball no local data for ajv@https://registry.npmjs.org/ajv/-/ajv-6.15.0.tgz. Extracting by manifest.
4168 silly tarball no local data for debug@https://registry.npmjs.org/debug/-/debug-4.4.3.tgz. Extracting by manifest.
4169 silly tarball no local data for typescript@https://registry.npmjs.org/typescript/-/typescript-5.9.3.tgz. Extracting by manifest.
4170 silly tarball no local data for eslint-config-next@https://registry.npmjs.org/eslint-config-next/-/eslint-config-next-16.3.0.tgz. Extracting by manifest.
4171 silly tarball no local data for vitest@https://registry.npmjs.org/vitest/-/vitest-2.1.9.tgz. Extracting by manifest.
4172 silly tarball no local data for next@https://registry.npmjs.org/next/-/next-16.3.0.tgz. Extracting by manifest.
4173 silly tarball no local data for jsdom@https://registry.npmjs.org/jsdom/-/jsdom-25.0.1.tgz. Extracting by manifest.
4174 silly tarball no local data for lucide-react@https://registry.npmjs.org/lucide-react/-/lucide-react-0.468.0.tgz. Extracting by manifest.
4175 silly tarball no local data for eslint@https://registry.npmjs.org/eslint/-/eslint-9.39.5.tgz. Extracting by manifest.
4176 silly tarball no local data for date-fns@https://registry.npmjs.org/date-fns/-/date-fns-4.4.0.tgz. Extracting by manifest.
4177 silly tarball no local data for @types/react@https://registry.npmjs.org/@types/react/-/react-19.2.18.tgz. Extracting by manifest.
4178 silly tarball no local data for @types/react-dom@https://registry.npmjs.org/@types/react-dom/-/react-dom-19.2.4.tgz. Extracting by manifest.
4179 silly tarball no local data for @types/node@https://registry.npmjs.org/@types/node/-/node-22.20.1.tgz. Extracting by manifest.
4180 silly tarball no local data for @testing-library/dom@https://registry.npmjs.org/@testing-library/dom/-/dom-10.4.1.tgz. Extracting by manifest.
4181 silly tarball no local data for @testing-library/react@https://registry.npmjs.org/@testing-library/react/-/react-16.3.2.tgz. Extracting by manifest.
4182 silly tarball no local data for @supabase/supabase-js@https://registry.npmjs.org/@supabase/supabase-js/-/supabase-js-2.112.3.tgz. Extracting by manifest.
4183 silly tarball no local data for monaco-editor@https://registry.npmjs.org/monaco-editor/-/monaco-editor-0.56.0.tgz. Extracting by manifest.
4184 silly tarball no local data for @testing-library/jest-dom@https://registry.npmjs.org/@testing-library/jest-dom/-/jest-dom-6.9.1.tgz. Extracting by manifest.
4185 silly tarball no local data for react@https://registry.npmjs.org/react/-/react-19.2.8.tgz. Extracting by manifest.
4186 silly tarball no local data for @eslint/eslintrc@https://registry.npmjs.org/@eslint/eslintrc/-/eslintrc-3.3.6.tgz. Extracting by manifest.
4187 silly tarball no local data for @monaco-editor/react@https://registry.npmjs.org/@monaco-editor/react/-/react-4.7.0.tgz. Extracting by manifest.
4188 silly tarball no local data for react-dom@https://registry.npmjs.org/react-dom/-/react-dom-19.2.8.tgz. Extracting by manifest.
4189 silly tarball no local data for eslint-visitor-keys@https://registry.npmjs.org/eslint-visitor-keys/-/eslint-visitor-keys-5.0.1.tgz. Extracting by manifest.
4190 silly tarball no local data for ignore@https://registry.npmjs.org/ignore/-/ignore-7.0.6.tgz. Extracting by manifest.
4191 silly tarball no local data for semver@https://registry.npmjs.org/semver/-/semver-7.8.5.tgz. Extracting by manifest.
4192 silly tarball no local data for balanced-match@https://registry.npmjs.org/balanced-match/-/balanced-match-4.0.4.tgz. Extracting by manifest.
4193 silly tarball no local data for semver@https://registry.npmjs.org/semver/-/semver-7.8.5.tgz. Extracting by manifest.
4194 silly tarball no local data for lru-cache@https://registry.npmjs.org/lru-cache/-/lru-cache-10.4.3.tgz. Extracting by manifest.
4195 silly tarball no local data for rrweb-cssom@https://registry.npmjs.org/rrweb-cssom/-/rrweb-cssom-0.8.0.tgz. Extracting by manifest.
4196 silly tarball no local data for minimatch@https://registry.npmjs.org/minimatch/-/minimatch-10.2.6.tgz. Extracting by manifest.
4197 silly tarball no local data for brace-expansion@https://registry.npmjs.org/brace-expansion/-/brace-expansion-5.0.9.tgz. Extracting by manifest.
4198 silly tarball no local data for react-is@https://registry.npmjs.org/react-is/-/react-is-16.13.1.tgz. Extracting by manifest.
4199 silly tarball no local data for json5@https://registry.npmjs.org/json5/-/json5-1.0.2.tgz. Extracting by manifest.
4200 silly tarball no local data for debug@https://registry.npmjs.org/debug/-/debug-3.2.7.tgz. Extracting by manifest.
4201 silly tarball no local data for fdir@https://registry.npmjs.org/fdir/-/fdir-6.5.0.tgz. Extracting by manifest.
4202 silly tarball no local data for semver@https://registry.npmjs.org/semver/-/semver-7.8.5.tgz. Extracting by manifest.
4203 silly tarball no local data for aria-query@https://registry.npmjs.org/aria-query/-/aria-query-5.3.2.tgz. Extracting by manifest.
4204 silly tarball no local data for debug@https://registry.npmjs.org/debug/-/debug-3.2.7.tgz. Extracting by manifest.
4205 silly tarball no local data for picomatch@https://registry.npmjs.org/picomatch/-/picomatch-4.0.5.tgz. Extracting by manifest.
4206 silly tarball no local data for glob-parent@https://registry.npmjs.org/glob-parent/-/glob-parent-5.1.2.tgz. Extracting by manifest.
4207 silly tarball no local data for ansi-styles@https://registry.npmjs.org/ansi-styles/-/ansi-styles-5.2.0.tgz. Extracting by manifest.
4208 silly tarball no local data for eslint-visitor-keys@https://registry.npmjs.org/eslint-visitor-keys/-/eslint-visitor-keys-3.4.3.tgz. Extracting by manifest.
4209 silly tarball no local data for eslint-visitor-keys@https://registry.npmjs.org/eslint-visitor-keys/-/eslint-visitor-keys-3.4.3.tgz. Extracting by manifest.
4210 silly tarball no local data for dom-accessibility-api@https://registry.npmjs.org/dom-accessibility-api/-/dom-accessibility-api-0.6.3.tgz. Extracting by manifest.
4211 silly tarball no local data for @eslint-community/eslint-utils@https://registry.npmjs.org/@eslint-community/eslint-utils/-/eslint-utils-4.9.1.tgz. Extracting by manifest.
4212 silly tarball no local data for debug@https://registry.npmjs.org/debug/-/debug-3.2.7.tgz. Extracting by manifest.
4213 silly tarball no local data for globals@https://registry.npmjs.org/globals/-/globals-16.4.0.tgz. Extracting by manifest.
4214 http fetch POST 200 https://registry.npmjs.org/-/npm/v1/security/advisories/bulk 592ms
4215 silly audit report {
4215 silly audit report   vitest: [
4215 silly audit report     {
4215 silly audit report       id: 1120126,
4215 silly audit report       url: 'https://github.com/advisories/GHSA-5xrq-8626-4rwp',
4215 silly audit report       title: 'When Vitest UI server is listening, arbitrary file can be read and executed',
4215 silly audit report       severity: 'critical',
4215 silly audit report       vulnerable_versions: '<3.2.6',
4215 silly audit report       cwe: [Array],
4215 silly audit report       cvss: [Object]
4215 silly audit report     }
4215 silly audit report   ],
4215 silly audit report   dompurify: [
4215 silly audit report     {
4215 silly audit report       id: 1124022,
4215 silly audit report       url: 'https://github.com/advisories/GHSA-c2j3-45gr-mqc4',
4215 silly audit report       title: 'DOMPurify: `CUSTOM_ELEMENT_HANDLING` bypasses `afterSanitizeElements` for allowed custom elements.',
4215 silly audit report       severity: 'low',
4215 silly audit report       vulnerable_versions: '<=3.4.11',
4215 silly audit report       cwe: [Array],
4215 silly audit report       cvss: [Object]
4215 silly audit report     },
4215 silly audit report     {
4215 silly audit report       id: 1124233,
4215 silly audit report       url: 'https://github.com/advisories/GHSA-cmwh-pvxp-8882',
4215 silly audit report       title: 'DOMPurify: Permanent `ALLOWED_ATTR` pollution via `setConfig()` bypassing the hook clone-guard (incomplete fix of the 3.4.7 hook-pollution patch)',
4215 silly audit report       severity: 'moderate',
4215 silly audit report       vulnerable_versions: '<=3.4.10',
4215 silly audit report       cwe: [Array],
4215 silly audit report       cvss: [Object]
4215 silly audit report     },
4215 silly audit report     {
4215 silly audit report       id: 1124234,
4215 silly audit report       url: 'https://github.com/advisories/GHSA-vxr8-fq34-vvx9',
4215 silly audit report       title: 'DOMPurify: Trusted Types policy survives `clearConfig()` and can poison later `RETURN_TRUSTED_TYPE` output',
4215 silly audit report       severity: 'low',
4215 silly audit report       vulnerable_versions: '<3.4.9',
4215 silly audit report       cwe: [Array],
4215 silly audit report       cvss: [Object]
4215 silly audit report     },
4215 silly audit report     {
4215 silly audit report       id: 1138538,
4215 silly audit report       url: 'https://github.com/advisories/GHSA-55q2-fjhq-7xh7',
4215 silly audit report       title: 'DOMPurify: IN_PLACE hook removal leaves a detached subtree executable, causing XSS',
4215 silly audit report       severity: 'moderate',
4215 silly audit report       vulnerable_versions: '<=3.4.12',
4215 silly audit report       cwe: [Array],
4215 silly audit report       cvss: [Object]
4215 silly audit report     }
4215 silly audit report   ],
4215 silly audit report   vite: [
4215 silly audit report     {
4215 silly audit report       id: 1120784,
4215 silly audit report       url: 'https://github.com/advisories/GHSA-v6wh-96g9-6wx3',
4215 silly audit report       title: 'launch-editor: NTLMv2 hash disclosure via UNC path handling on Windows',
4215 silly audit report       severity: 'moderate',
4215 silly audit report       vulnerable_versions: '<=6.4.2',
4215 silly audit report       cwe: [Array],
4215 silly audit report       cvss: [Object]
4215 silly audit report     },
4215 silly audit report     {
4215 silly audit report       id: 1116229,
4215 silly audit report       url: 'https://github.com/advisories/GHSA-4w7w-66w2-5vf9',
4215 silly audit report       title: 'Vite Vulnerable to Path Traversal in Optimized Deps `.map` Handling',
4215 silly audit report       severity: 'moderate',
4215 silly audit report       vulnerable_versions: '<=6.4.1',
4215 silly audit report       cwe: [Array],
4215 silly audit report       cvss: [Object]
4215 silly audit report     },
4215 silly audit report     {
4215 silly audit report       id: 1123525,
4215 silly audit report       url: 'https://github.com/advisories/GHSA-fx2h-pf6j-xcff',
4215 silly audit report       title: 'vite: `server.fs.deny` bypass on Windows alternate paths',
4215 silly audit report       severity: 'high',
4215 silly audit report       vulnerable_versions: '<=6.4.2',
4215 silly audit report       cwe: [Array],
4215 silly audit report       cvss: [Object]
4215 silly audit report     }
4215 silly audit report   ],
4215 silly audit report   esbuild: [
4215 silly audit report     {
4215 silly audit report       id: 1102341,
4215 silly audit report       url: 'https://github.com/advisories/GHSA-67mh-4wv8-2f99',
4215 silly audit report       title: 'esbuild enables any website to send any requests to the development server and read the response',
4215 silly audit report       severity: 'moderate',
4215 silly audit report       vulnerable_versions: '<=0.24.2',
4215 silly audit report       cwe: [Array],
4215 silly audit report       cvss: [Object]
4215 silly audit report     }
4215 silly audit report   ]
4215 silly audit report }
4216 silly packumentCache corgi:https://registry.npmjs.org/vitest cache-miss
4217 silly packumentCache corgi:https://registry.npmjs.org/dompurify cache-miss
4218 silly packumentCache corgi:https://registry.npmjs.org/vite cache-miss
4219 silly packumentCache corgi:https://registry.npmjs.org/esbuild cache-miss
4220 http fetch GET 200 https://registry.npmjs.org/generator-function/-/generator-function-2.0.1.tgz 521ms (cache miss)
4221 http fetch GET 200 https://registry.npmjs.org/siginfo/-/siginfo-2.0.0.tgz 524ms (cache miss)
4222 http fetch GET 200 https://registry.npmjs.org/is-map/-/is-map-2.0.3.tgz 525ms (cache miss)
4223 http fetch GET 200 https://registry.npmjs.org/async-function/-/async-function-1.0.0.tgz 524ms (cache miss)
4224 http fetch GET 200 https://registry.npmjs.org/is-finalizationregistry/-/is-finalizationregistry-1.1.1.tgz 523ms (cache miss)
4225 http fetch GET 200 https://registry.npmjs.org/is-weakset/-/is-weakset-2.0.4.tgz 526ms (cache miss)
4226 http fetch GET 200 https://registry.npmjs.org/isexe/-/isexe-2.0.0.tgz 521ms (cache miss)
4227 http fetch GET 200 https://registry.npmjs.org/is-async-function/-/is-async-function-2.1.1.tgz 523ms (cache miss)
4228 http fetch GET 200 https://registry.npmjs.org/safer-buffer/-/safer-buffer-2.1.2.tgz 574ms (cache miss)
4229 http fetch GET 200 https://registry.npmjs.org/pathval/-/pathval-2.0.1.tgz 571ms (cache miss)
4230 http fetch GET 200 https://registry.npmjs.org/deep-eql/-/deep-eql-5.0.2.tgz 626ms (cache miss)
4231 http fetch GET 200 https://registry.npmjs.org/check-error/-/check-error-2.1.3.tgz 626ms (cache miss)
4232 http fetch GET 200 https://registry.npmjs.org/why-is-node-running/-/why-is-node-running-2.3.0.tgz 653ms (cache miss)
4233 http fetch GET 200 https://registry.npmjs.org/estree-walker/-/estree-walker-3.0.3.tgz 673ms (cache miss)
4234 http fetch GET 200 https://registry.npmjs.org/tinyspy/-/tinyspy-3.0.2.tgz 695ms (cache miss)
4235 http fetch GET 200 https://registry.npmjs.org/pathe/-/pathe-1.1.2.tgz 693ms (cache miss)
4236 http fetch GET 200 https://registry.npmjs.org/assertion-error/-/assertion-error-2.0.1.tgz 717ms (cache miss)
4237 http fetch GET 200 https://registry.npmjs.org/tinyrainbow/-/tinyrainbow-1.2.0.tgz 714ms (cache miss)
4238 http fetch GET 200 https://registry.npmjs.org/tinypool/-/tinypool-1.1.1.tgz 715ms (cache miss)
4239 http fetch GET 200 https://registry.npmjs.org/@vitest/pretty-format/-/pretty-format-2.1.9.tgz 763ms (cache miss)
4240 http fetch GET 200 https://registry.npmjs.org/stackback/-/stackback-0.0.2.tgz 783ms (cache miss)
4241 http fetch GET 200 https://registry.npmjs.org/@vitest/spy/-/spy-2.1.9.tgz 765ms (cache miss)
4242 http fetch GET 200 https://registry.npmjs.org/escalade/-/escalade-3.2.0.tgz 764ms (cache miss)
4243 http fetch GET 200 https://registry.npmjs.org/punycode/-/punycode-2.3.1.tgz 778ms (cache miss)
4244 http fetch GET 200 https://registry.npmjs.org/@typescript-eslint/tsconfig-utils/-/tsconfig-utils-8.67.0.tgz 1010ms (cache miss)
4245 http fetch GET 200 https://registry.npmjs.org/@typescript-eslint/project-service/-/project-service-8.67.0.tgz 1049ms (cache miss)
4246 http fetch GET 200 https://registry.npmjs.org/which-boxed-primitive/-/which-boxed-primitive-1.1.1.tgz 1098ms (cache miss)
4247 http fetch GET 200 https://registry.npmjs.org/strip-bom/-/strip-bom-3.0.0.tgz 1170ms (cache miss)
4248 http fetch GET 200 https://registry.npmjs.org/which-builtin-type/-/which-builtin-type-1.2.1.tgz 1170ms (cache miss)
4249 http fetch GET 200 https://registry.npmjs.org/@typescript-eslint/visitor-keys/-/visitor-keys-8.67.0.tgz 1257ms (cache miss)
4250 http fetch GET 200 https://registry.npmjs.org/reflect.getprototypeof/-/reflect.getprototypeof-1.0.10.tgz 1254ms (cache miss)
4251 http fetch GET 200 https://registry.npmjs.org/@types/json5/-/json5-0.0.29.tgz 1255ms (cache miss)
4252 http fetch GET 200 https://registry.npmjs.org/is-number/-/is-number-7.0.0.tgz 1312ms (cache miss)
4253 http fetch GET 200 https://registry.npmjs.org/has-flag/-/has-flag-4.0.0.tgz 1313ms (cache miss)
4254 http fetch GET 200 https://registry.npmjs.org/min-indent/-/min-indent-1.0.1.tgz 1312ms (cache miss)
4255 http fetch GET 200 https://registry.npmjs.org/client-only/-/client-only-0.0.1.tgz 1319ms (cache miss)
4256 http fetch GET 200 https://registry.npmjs.org/side-channel-list/-/side-channel-list-1.0.1.tgz 1436ms (cache miss)
4257 http fetch GET 200 https://registry.npmjs.org/side-channel-map/-/side-channel-map-1.0.1.tgz 1437ms (cache miss)
4258 http fetch GET 200 https://registry.npmjs.org/isarray/-/isarray-2.0.5.tgz 1433ms (cache miss)
4259 http fetch GET 200 https://registry.npmjs.org/queue-microtask/-/queue-microtask-1.2.3.tgz 1481ms (cache miss)
4260 http fetch GET 200 https://registry.npmjs.org/path-parse/-/path-parse-1.0.7.tgz 1481ms (cache miss)
4261 http fetch GET 200 https://registry.npmjs.org/shebang-regex/-/shebang-regex-3.0.0.tgz 1531ms (cache miss)
4262 http fetch GET 200 https://registry.npmjs.org/strip-indent/-/strip-indent-3.0.0.tgz 1527ms (cache miss)
4263 http fetch GET 200 https://registry.npmjs.org/indent-string/-/indent-string-4.0.0.tgz 1527ms (cache miss)
4264 http fetch GET 200 https://registry.npmjs.org/object-assign/-/object-assign-4.1.1.tgz 1527ms (cache miss)
4265 http fetch GET 200 https://registry.npmjs.org/side-channel-weakmap/-/side-channel-weakmap-1.0.2.tgz 1570ms (cache miss)
4266 http fetch GET 200 https://registry.npmjs.org/p-limit/-/p-limit-3.1.0.tgz 1562ms (cache miss)
4267 http fetch GET 200 https://registry.npmjs.org/node-exports-info/-/node-exports-info-1.6.2.tgz 1566ms (cache miss)
4268 http fetch GET 200 https://registry.npmjs.org/callsites/-/callsites-3.1.0.tgz 1563ms (cache miss)
4269 http fetch GET 200 https://registry.npmjs.org/yocto-queue/-/yocto-queue-0.1.0.tgz 1582ms (cache miss)
4270 http fetch GET 200 https://registry.npmjs.org/deep-is/-/deep-is-0.1.4.tgz 1601ms (cache miss)
4271 http fetch GET 200 https://registry.npmjs.org/ansi-regex/-/ansi-regex-5.0.1.tgz 1603ms (cache miss)
4272 http fetch GET 200 https://registry.npmjs.org/loose-envify/-/loose-envify-1.4.0.tgz 1640ms (cache miss)
4273 http fetch GET 200 https://registry.npmjs.org/@types/trusted-types/-/trusted-types-2.0.7.tgz 1650ms (cache miss)
4274 http fetch GET 200 https://registry.npmjs.org/word-wrap/-/word-wrap-1.2.5.tgz 1695ms (cache miss)
4275 http fetch GET 200 https://registry.npmjs.org/concat-map/-/concat-map-0.0.1.tgz 1695ms (cache miss)
4276 http fetch GET 200 https://registry.npmjs.org/brace-expansion/-/brace-expansion-1.1.18.tgz 1695ms (cache miss)
4277 http fetch GET 200 https://registry.npmjs.org/balanced-match/-/balanced-match-1.0.2.tgz 1699ms (cache miss)
4278 http fetch GET 200 https://registry.npmjs.org/fast-levenshtein/-/fast-levenshtein-2.0.6.tgz 1737ms (cache miss)
4279 http fetch GET 200 https://registry.npmjs.org/to-regex-range/-/to-regex-range-5.0.1.tgz 1739ms (cache miss)
4280 http fetch GET 200 https://registry.npmjs.org/fill-range/-/fill-range-7.1.1.tgz 1739ms (cache miss)
4281 http fetch GET 200 https://registry.npmjs.org/yallist/-/yallist-3.1.1.tgz 1740ms (cache miss)
4282 http fetch GET 200 https://registry.npmjs.org/combined-stream/-/combined-stream-1.0.8.tgz 1747ms (cache miss)
4283 http fetch GET 200 https://registry.npmjs.org/p-locate/-/p-locate-5.0.0.tgz 1750ms (cache miss)
4284 http fetch GET 200 https://registry.npmjs.org/delayed-stream/-/delayed-stream-1.0.0.tgz 1749ms (cache miss)
4285 http fetch GET 200 https://registry.npmjs.org/xml-name-validator/-/xml-name-validator-5.0.0.tgz 1747ms (cache miss)
4286 http fetch GET 200 https://registry.npmjs.org/whatwg-encoding/-/whatwg-encoding-3.1.1.tgz 1763ms (cache miss)
4287 http fetch GET 200 https://registry.npmjs.org/w3c-xmlserializer/-/w3c-xmlserializer-5.0.0.tgz 1763ms (cache miss)
4288 http fetch GET 200 https://registry.npmjs.org/symbol-tree/-/symbol-tree-3.2.4.tgz 1765ms (cache miss)
4289 http fetch GET 200 https://registry.npmjs.org/is-potential-custom-element-name/-/is-potential-custom-element-name-1.0.1.tgz 1763ms (cache miss)
4290 http fetch GET 200 https://registry.npmjs.org/html-encoding-sniffer/-/html-encoding-sniffer-4.0.0.tgz 1763ms (cache miss)
4291 http fetch GET 200 https://registry.npmjs.org/parent-module/-/parent-module-1.0.1.tgz 1760ms (cache miss)
4292 http fetch GET 200 https://registry.npmjs.org/set-function-name/-/set-function-name-2.0.2.tgz 1761ms (cache miss)
4293 http fetch GET 200 https://registry.npmjs.org/webidl-conversions/-/webidl-conversions-7.0.0.tgz 1773ms (cache miss)
4294 http fetch GET 200 https://registry.npmjs.org/resolve-pkg-maps/-/resolve-pkg-maps-1.0.0.tgz 1764ms (cache miss)
4295 http fetch GET 200 https://registry.npmjs.org/side-channel/-/side-channel-1.1.1.tgz 1764ms (cache miss)
4296 http fetch GET 200 https://registry.npmjs.org/is-document.all/-/is-document.all-1.0.0.tgz 1764ms (cache miss)
4297 http fetch GET 200 https://registry.npmjs.org/is-extglob/-/is-extglob-2.1.1.tgz 1765ms (cache miss)
4298 http fetch GET 200 https://registry.npmjs.org/functions-have-names/-/functions-have-names-1.2.3.tgz 1764ms (cache miss)
4299 http fetch GET 200 https://registry.npmjs.org/reusify/-/reusify-1.1.0.tgz 1764ms (cache miss)
4300 http fetch GET 200 https://registry.npmjs.org/flatted/-/flatted-3.4.4.tgz 1765ms (cache miss)
4301 http fetch GET 200 https://registry.npmjs.org/path-exists/-/path-exists-4.0.0.tgz 1765ms (cache miss)
4302 http fetch GET 200 https://registry.npmjs.org/run-parallel/-/run-parallel-1.2.0.tgz 1767ms (cache miss)
4303 http fetch GET 200 https://registry.npmjs.org/locate-path/-/locate-path-6.0.0.tgz 1768ms (cache miss)
4304 http fetch GET 200 https://registry.npmjs.org/@nodelib/fs.walk/-/fs.walk-1.2.8.tgz 1767ms (cache miss)
4305 http fetch GET 200 https://registry.npmjs.org/esrecurse/-/esrecurse-4.3.0.tgz 1766ms (cache miss)
4306 http fetch GET 200 https://registry.npmjs.org/acorn-jsx/-/acorn-jsx-5.3.2.tgz 1767ms (cache miss)
4307 http fetch GET 200 https://registry.npmjs.org/update-browserslist-db/-/update-browserslist-db-1.3.1.tgz 1767ms (cache miss)
4308 http fetch GET 200 https://registry.npmjs.org/node-releases/-/node-releases-2.0.53.tgz 1766ms (cache miss)
4309 http fetch GET 200 https://registry.npmjs.org/@nodelib/fs.stat/-/fs.stat-2.0.5.tgz 1774ms (cache miss)
4310 http fetch GET 200 https://registry.npmjs.org/lru-cache/-/lru-cache-5.1.1.tgz 1769ms (cache miss)
4311 http fetch GET 200 https://registry.npmjs.org/@babel/helper-globals/-/helper-globals-7.29.7.tgz 1768ms (cache miss)
4312 http fetch GET 200 https://registry.npmjs.org/jsesc/-/jsesc-3.1.0.tgz 1769ms (cache miss)
4313 http fetch GET 200 https://registry.npmjs.org/@babel/compat-data/-/compat-data-7.29.7.tgz 1768ms (cache miss)
4314 http fetch GET 200 https://registry.npmjs.org/gensync/-/gensync-1.0.0-beta.2.tgz 1767ms (cache miss)
4315 http fetch GET 200 https://registry.npmjs.org/asynckit/-/asynckit-0.4.0.tgz 1801ms (cache miss)
4316 http fetch GET 200 https://registry.npmjs.org/data-urls/-/data-urls-5.0.0.tgz 1820ms (cache miss)
4317 http fetch GET 200 https://registry.npmjs.org/@next/env/-/env-16.3.0.tgz 1846ms (cache miss)
4318 http fetch GET 200 https://registry.npmjs.org/dunder-proto/-/dunder-proto-1.0.1.tgz 1827ms (cache miss)
4319 http fetch GET 200 https://registry.npmjs.org/tinybench/-/tinybench-2.9.0.tgz 1893ms (cache miss)
4320 http fetch GET 200 https://registry.npmjs.org/esbuild/-/esbuild-0.21.5.tgz 1897ms (cache miss)
4321 http fetch GET 200 https://registry.npmjs.org/es-module-lexer/-/es-module-lexer-1.7.0.tgz 1902ms (cache miss)
4322 http fetch GET 200 https://registry.npmjs.org/json-buffer/-/json-buffer-3.0.1.tgz 1858ms (cache miss)
4323 http fetch GET 200 https://registry.npmjs.org/mime-types/-/mime-types-2.1.35.tgz 1896ms (cache miss)
4324 http fetch GET 200 https://registry.npmjs.org/whatwg-mimetype/-/whatwg-mimetype-4.0.0.tgz 1892ms (cache miss)
4325 http fetch GET 200 https://registry.npmjs.org/resolve-from/-/resolve-from-4.0.0.tgz 1886ms (cache miss)
4326 http fetch GET 200 https://registry.npmjs.org/iterator.prototype/-/iterator.prototype-1.1.5.tgz 1866ms (cache miss)
4327 http fetch GET 200 https://registry.npmjs.org/which-collection/-/which-collection-1.0.2.tgz 1964ms (cache miss)
4328 http fetch GET 200 https://registry.npmjs.org/@nodelib/fs.scandir/-/fs.scandir-2.1.5.tgz 1893ms (cache miss)
4329 http fetch GET 200 https://registry.npmjs.org/micromatch/-/micromatch-4.0.8.tgz 1894ms (cache miss)
4330 http fetch GET 200 https://registry.npmjs.org/merge2/-/merge2-1.4.1.tgz 1895ms (cache miss)
4331 http fetch GET 200 https://registry.npmjs.org/@babel/helper-validator-option/-/helper-validator-option-7.29.7.tgz 1889ms (cache miss)
4332 http fetch GET 200 https://registry.npmjs.org/@csstools/css-tokenizer/-/css-tokenizer-3.0.4.tgz 1916ms (cache miss)
4333 http fetch GET 200 https://registry.npmjs.org/convert-source-map/-/convert-source-map-2.0.0.tgz 1889ms (cache miss)
4334 http fetch GET 200 https://registry.npmjs.org/string.prototype.matchall/-/string.prototype.matchall-4.0.12.tgz 1942ms (cache miss)
4335 http fetch GET 200 https://registry.npmjs.org/string.prototype.repeat/-/string.prototype.repeat-1.0.0.tgz 1988ms (cache miss)
4336 http fetch GET 200 https://registry.npmjs.org/object.entries/-/object.entries-1.1.9.tgz 1988ms (cache miss)
4337 http fetch GET 200 https://registry.npmjs.org/array.prototype.tosorted/-/array.prototype.tosorted-1.1.4.tgz 1989ms (cache miss)
4338 http fetch GET 200 https://registry.npmjs.org/emoji-regex/-/emoji-regex-9.2.2.tgz 1988ms (cache miss)
4339 http fetch GET 200 https://registry.npmjs.org/estraverse/-/estraverse-5.3.0.tgz 1990ms (cache miss)
4340 http fetch GET 200 https://registry.npmjs.org/@img/colour/-/colour-1.1.0.tgz 2049ms (cache miss)
4341 http fetch GET 200 https://registry.npmjs.org/keyv/-/keyv-4.5.4.tgz 2041ms (cache miss)
4342 http fetch GET 200 https://registry.npmjs.org/language-tags/-/language-tags-1.0.9.tgz 2023ms (cache miss)
4343 http fetch GET 200 https://registry.npmjs.org/ast-types-flow/-/ast-types-flow-0.0.8.tgz 2022ms (cache miss)
4344 http fetch GET 200 https://registry.npmjs.org/es-abstract-get/-/es-abstract-get-1.0.0.tgz 2053ms (cache miss)
4345 http fetch GET 200 https://registry.npmjs.org/is-date-object/-/is-date-object-1.1.0.tgz 2055ms (cache miss)
4346 http fetch GET 200 https://registry.npmjs.org/has-tostringtag/-/has-tostringtag-1.0.2.tgz 2054ms (cache miss)
4347 http fetch GET 200 https://registry.npmjs.org/possible-typed-array-names/-/possible-typed-array-names-1.1.0.tgz 2054ms (cache miss)
4348 http fetch GET 200 https://registry.npmjs.org/typed-array-buffer/-/typed-array-buffer-1.0.3.tgz 2054ms (cache miss)
4349 http fetch GET 200 https://registry.npmjs.org/which-typed-array/-/which-typed-array-1.1.22.tgz 2055ms (cache miss)
4350 http fetch GET 200 https://registry.npmjs.org/unbox-primitive/-/unbox-primitive-1.1.0.tgz 2056ms (cache miss)
4351 http fetch GET 200 https://registry.npmjs.org/typed-array-byte-offset/-/typed-array-byte-offset-1.0.4.tgz 2054ms (cache miss)
4352 http fetch GET 200 https://registry.npmjs.org/set-proto/-/set-proto-1.0.0.tgz 2054ms (cache miss)
4353 http fetch GET 200 https://registry.npmjs.org/is-weakmap/-/is-weakmap-2.0.2.tgz 2160ms (cache miss)
4354 http fetch GET 200 https://registry.npmjs.org/stop-iteration-iterator/-/stop-iteration-iterator-1.1.0.tgz 2055ms (cache miss)
4355 http fetch GET 200 https://registry.npmjs.org/safe-regex-test/-/safe-regex-test-1.1.0.tgz 2054ms (cache miss)
4356 http fetch GET 200 https://registry.npmjs.org/typed-array-byte-length/-/typed-array-byte-length-1.0.3.tgz 2059ms (cache miss)
4357 http fetch GET 200 https://registry.npmjs.org/string.prototype.trim/-/string.prototype.trim-1.2.11.tgz 2059ms (cache miss)
4358 http fetch GET 200 https://registry.npmjs.org/own-keys/-/own-keys-1.0.2.tgz 2057ms (cache miss)
4359 http fetch GET 200 https://registry.npmjs.org/safe-array-concat/-/safe-array-concat-1.1.4.tgz 2096ms (cache miss)
4360 http fetch GET 200 https://registry.npmjs.org/is-set/-/is-set-2.0.3.tgz 2095ms (cache miss)
4361 http fetch GET 200 https://registry.npmjs.org/regexp.prototype.flags/-/regexp.prototype.flags-1.5.4.tgz 2096ms (cache miss)
4362 http fetch GET 200 https://registry.npmjs.org/is-typed-array/-/is-typed-array-1.1.15.tgz 2097ms (cache miss)
4363 http fetch GET 200 https://registry.npmjs.org/is-weakref/-/is-weakref-1.1.1.tgz 2098ms (cache miss)
4364 http fetch GET 200 https://registry.npmjs.org/is-shared-array-buffer/-/is-shared-array-buffer-1.0.4.tgz 2097ms (cache miss)
4365 http fetch GET 200 https://registry.npmjs.org/safe-push-apply/-/safe-push-apply-1.0.0.tgz 2099ms (cache miss)
4366 http fetch GET 200 https://registry.npmjs.org/string.prototype.includes/-/string.prototype.includes-2.0.1.tgz 2121ms (cache miss)
4367 http fetch GET 200 https://registry.npmjs.org/@babel/helper-string-parser/-/helper-string-parser-7.29.7.tgz 2135ms (cache miss)
4368 http fetch GET 200 https://registry.npmjs.org/is-data-view/-/is-data-view-1.0.2.tgz 2141ms (cache miss)
4369 http fetch GET 200 https://registry.npmjs.org/is-callable/-/is-callable-1.2.7.tgz 2141ms (cache miss)
4370 http fetch GET 200 https://registry.npmjs.org/std-env/-/std-env-3.10.0.tgz 2255ms (cache miss)
4371 http fetch GET 200 https://registry.npmjs.org/has-symbols/-/has-symbols-1.1.0.tgz 2195ms (cache miss)
4372 http fetch GET 200 https://registry.npmjs.org/internal-slot/-/internal-slot-1.1.0.tgz 2199ms (cache miss)
4373 http fetch GET 200 https://registry.npmjs.org/has-proto/-/has-proto-1.2.0.tgz 2199ms (cache miss)
4374 http fetch GET 200 https://registry.npmjs.org/get-proto/-/get-proto-1.0.1.tgz 2202ms (cache miss)
4375 http fetch GET 200 https://registry.npmjs.org/get-symbol-description/-/get-symbol-description-1.1.0.tgz 2202ms (cache miss)
4376 http fetch GET 200 https://registry.npmjs.org/is-bigint/-/is-bigint-1.1.0.tgz 2340ms (cache miss)
4377 http fetch GET 200 https://registry.npmjs.org/@typescript-eslint/parser/-/parser-8.67.0.tgz 2319ms (cache miss)
4378 http fetch GET 200 https://registry.npmjs.org/es-to-primitive/-/es-to-primitive-1.3.4.tgz 2292ms (cache miss)
4379 http fetch GET 200 https://registry.npmjs.org/data-view-byte-offset/-/data-view-byte-offset-1.0.1.tgz 2296ms (cache miss)
4380 http fetch GET 200 https://registry.npmjs.org/es-set-tostringtag/-/es-set-tostringtag-2.1.0.tgz 2297ms (cache miss)
4381 http fetch GET 200 https://registry.npmjs.org/tr46/-/tr46-5.1.1.tgz 2415ms (cache miss)
4382 http fetch GET 200 https://registry.npmjs.org/data-view-byte-length/-/data-view-byte-length-1.0.2.tgz 2316ms (cache miss)
4383 http fetch GET 200 https://registry.npmjs.org/object-keys/-/object-keys-1.1.1.tgz 2320ms (cache miss)
4384 http fetch GET 200 https://registry.npmjs.org/arraybuffer.prototype.slice/-/arraybuffer.prototype.slice-1.0.4.tgz 2322ms (cache miss)
4385 http fetch GET 200 https://registry.npmjs.org/has-property-descriptors/-/has-property-descriptors-1.0.2.tgz 2321ms (cache miss)
4386 http fetch GET 200 https://registry.npmjs.org/function-bind/-/function-bind-1.1.2.tgz 2322ms (cache miss)
4387 http fetch GET 200 https://registry.npmjs.org/gopd/-/gopd-1.2.0.tgz 2324ms (cache miss)
4388 http fetch GET 200 https://registry.npmjs.org/tinyexec/-/tinyexec-0.3.2.tgz 2472ms (cache miss)
4389 http fetch GET 200 https://registry.npmjs.org/type-check/-/type-check-0.4.0.tgz 2437ms (cache miss)
4390 http fetch GET 200 https://registry.npmjs.org/es-define-property/-/es-define-property-1.0.1.tgz 2372ms (cache miss)
4391 http fetch GET 200 https://registry.npmjs.org/set-function-length/-/set-function-length-1.2.2.tgz 2372ms (cache miss)
4392 http fetch GET 200 https://registry.npmjs.org/is-string/-/is-string-1.1.1.tgz 2372ms (cache miss)
4393 http fetch GET 200 https://registry.npmjs.org/array-buffer-byte-length/-/array-buffer-byte-length-1.0.2.tgz 2402ms (cache miss)
4394 http fetch GET 200 https://registry.npmjs.org/@vitest/expect/-/expect-2.1.9.tgz 2507ms (cache miss)
4395 http fetch GET 200 https://registry.npmjs.org/es-shim-unscopables/-/es-shim-unscopables-1.1.0.tgz 2412ms (cache miss)
4396 http fetch GET 200 https://registry.npmjs.org/define-properties/-/define-properties-1.2.1.tgz 2411ms (cache miss)
4397 http fetch GET 200 https://registry.npmjs.org/es-errors/-/es-errors-1.3.0.tgz 2412ms (cache miss)
4398 http fetch GET 200 https://registry.npmjs.org/call-bound/-/call-bound-1.0.4.tgz 2412ms (cache miss)
4399 http fetch GET 200 https://registry.npmjs.org/hasown/-/hasown-2.0.4.tgz 2450ms (cache miss)
4400 http fetch GET 200 https://registry.npmjs.org/object.groupby/-/object.groupby-1.0.3.tgz 2451ms (cache miss)
4401 http fetch GET 200 https://registry.npmjs.org/saxes/-/saxes-6.0.0.tgz 2537ms (cache miss)
4402 http fetch GET 200 https://registry.npmjs.org/is-number-object/-/is-number-object-1.1.1.tgz 2602ms (cache miss)
4403 http fetch GET 200 https://registry.npmjs.org/array.prototype.flat/-/array.prototype.flat-1.3.3.tgz 2481ms (cache miss)
4404 http fetch GET 200 https://registry.npmjs.org/object.fromentries/-/object.fromentries-2.0.8.tgz 2482ms (cache miss)
4405 http fetch GET 200 https://registry.npmjs.org/@rtsao/scc/-/scc-1.1.0.tgz 2482ms (cache miss)
4406 warn deprecated whatwg-encoding@3.1.1: Use @exodus/bytes instead for a more spec-conformant and faster implementation
4407 http fetch GET 200 https://registry.npmjs.org/has-bigints/-/has-bigints-1.1.0.tgz 2653ms (cache miss)
4408 http fetch GET 200 https://registry.npmjs.org/stable-hash/-/stable-hash-0.0.5.tgz 2549ms (cache miss)
4409 http fetch GET 200 https://registry.npmjs.org/array.prototype.findlastindex/-/array.prototype.findlastindex-1.2.6.tgz 2550ms (cache miss)
4410 http fetch GET 200 https://registry.npmjs.org/is-bun-module/-/is-bun-module-2.0.0.tgz 2549ms (cache miss)
4411 http fetch GET 200 https://registry.npmjs.org/@nolyfill/is-core-module/-/is-core-module-1.0.39.tgz 2551ms (cache miss)
4412 http fetch GET 200 https://registry.npmjs.org/array-includes/-/array-includes-3.1.9.tgz 2587ms (cache miss)
4413 http fetch GET 200 https://registry.npmjs.org/is-core-module/-/is-core-module-2.16.2.tgz 2585ms (cache miss)
4414 http fetch GET 200 https://registry.npmjs.org/eslint-import-resolver-node/-/eslint-import-resolver-node-0.3.10.tgz 2621ms (cache miss)
4415 http fetch GET 200 https://registry.npmjs.org/typescript-eslint/-/typescript-eslint-8.67.0.tgz 2622ms (cache miss)
4416 http fetch GET 200 https://registry.npmjs.org/color-name/-/color-name-1.1.4.tgz 2621ms (cache miss)
4417 http fetch GET 200 https://registry.npmjs.org/which/-/which-2.0.2.tgz 2623ms (cache miss)
4418 http fetch GET 200 https://registry.npmjs.org/@csstools/css-parser-algorithms/-/css-parser-algorithms-3.0.5.tgz 2722ms (cache miss)
4419 http fetch GET 200 https://registry.npmjs.org/flat-cache/-/flat-cache-4.0.1.tgz 2708ms (cache miss)
4420 http fetch GET 200 https://registry.npmjs.org/supports-preserve-symlinks-flag/-/supports-preserve-symlinks-flag-1.0.0.tgz 2764ms (cache miss)
4421 http fetch GET 200 https://registry.npmjs.org/path-key/-/path-key-3.1.1.tgz 2668ms (cache miss)
4422 http fetch GET 200 https://registry.npmjs.org/supports-color/-/supports-color-7.2.0.tgz 2667ms (cache miss)
4423 http fetch GET 200 https://registry.npmjs.org/levn/-/levn-0.4.1.tgz 2667ms (cache miss)
4424 http fetch GET 200 https://registry.npmjs.org/ansi-styles/-/ansi-styles-4.3.0.tgz 2669ms (cache miss)
4425 http fetch GET 200 https://registry.npmjs.org/detect-libc/-/detect-libc-2.1.2.tgz 2800ms (cache miss)
4426 http fetch GET 200 https://registry.npmjs.org/react-is/-/react-is-17.0.2.tgz 2797ms (cache miss)
4427 http fetch GET 200 https://registry.npmjs.org/@csstools/color-helpers/-/color-helpers-5.1.0.tgz 2782ms (cache miss)
4428 http fetch GET 200 https://registry.npmjs.org/optionator/-/optionator-0.9.4.tgz 2701ms (cache miss)
4429 http fetch GET 200 https://registry.npmjs.org/shebang-command/-/shebang-command-2.0.0.tgz 2706ms (cache miss)
4430 http fetch GET 200 https://registry.npmjs.org/natural-compare/-/natural-compare-1.4.0.tgz 2702ms (cache miss)
4431 http fetch GET 200 https://registry.npmjs.org/@types/json-schema/-/json-schema-7.0.15.tgz 2704ms (cache miss)
4432 http fetch GET 200 https://registry.npmjs.org/https-proxy-agent/-/https-proxy-agent-7.0.6.tgz 2783ms (cache miss)
4433 http fetch GET 200 https://registry.npmjs.org/@csstools/css-calc/-/css-calc-2.1.4.tgz 2791ms (cache miss)
4434 http fetch GET 200 https://registry.npmjs.org/damerau-levenshtein/-/damerau-levenshtein-1.0.8.tgz 2757ms (cache miss)
4435 http fetch GET 200 https://registry.npmjs.org/color-convert/-/color-convert-2.0.1.tgz 2728ms (cache miss)
4436 http fetch GET 200 https://registry.npmjs.org/file-entry-cache/-/file-entry-cache-8.0.0.tgz 2725ms (cache miss)
4437 http fetch GET 200 https://registry.npmjs.org/is-glob/-/is-glob-4.0.3.tgz 2726ms (cache miss)
4438 http fetch GET 200 https://registry.npmjs.org/find-up/-/find-up-5.0.0.tgz 2728ms (cache miss)
4439 http fetch GET 200 https://registry.npmjs.org/esutils/-/esutils-2.0.3.tgz 2727ms (cache miss)
4440 http fetch GET 200 https://registry.npmjs.org/glob-parent/-/glob-parent-6.0.2.tgz 2737ms (cache miss)
4441 http fetch GET 200 https://registry.npmjs.org/imurmurhash/-/imurmurhash-0.1.4.tgz 2767ms (cache miss)
4442 http fetch GET 200 https://registry.npmjs.org/json-stable-stringify-without-jsonify/-/json-stable-stringify-without-jsonify-1.0.1.tgz 2764ms (cache miss)
4443 http fetch GET 200 https://registry.npmjs.org/@humanwhocodes/retry/-/retry-0.4.3.tgz 2764ms (cache miss)
4444 http fetch GET 200 https://registry.npmjs.org/cross-spawn/-/cross-spawn-7.0.6.tgz 2765ms (cache miss)
4445 http fetch GET 200 https://registry.npmjs.org/@types/estree/-/estree-1.0.9.tgz 2766ms (cache miss)
4446 http fetch GET 200 https://registry.npmjs.org/chalk/-/chalk-4.1.2.tgz 2798ms (cache miss)
4447 http fetch GET 200 https://registry.npmjs.org/@eslint/js/-/js-9.39.5.tgz 2798ms (cache miss)
4448 http fetch GET 200 https://registry.npmjs.org/escape-string-regexp/-/escape-string-regexp-4.0.0.tgz 2799ms (cache miss)
4449 http fetch GET 200 https://registry.npmjs.org/@eslint/config-helpers/-/config-helpers-0.4.2.tgz 2797ms (cache miss)
4450 http fetch GET 200 https://registry.npmjs.org/is-boolean-object/-/is-boolean-object-1.2.2.tgz 2955ms (cache miss)
4451 http fetch GET 200 https://registry.npmjs.org/lodash.merge/-/lodash.merge-4.6.2.tgz 2835ms (cache miss)
4452 http fetch GET 200 https://registry.npmjs.org/@humanwhocodes/module-importer/-/module-importer-1.0.1.tgz 2829ms (cache miss)
4453 http fetch GET 200 https://registry.npmjs.org/dequal/-/dequal-2.0.3.tgz 2829ms (cache miss)
4454 http fetch GET 200 https://registry.npmjs.org/ms/-/ms-2.1.3.tgz 2829ms (cache miss)
4455 http fetch GET 200 https://registry.npmjs.org/argparse/-/argparse-2.0.1.tgz 2921ms (cache miss)
4456 http fetch GET 200 https://registry.npmjs.org/nwsapi/-/nwsapi-2.2.24.tgz 2926ms (cache miss)
4457 http fetch GET 200 https://registry.npmjs.org/@humanfs/types/-/types-0.15.0.tgz 2862ms (cache miss)
4458 http fetch GET 200 https://registry.npmjs.org/fast-json-stable-stringify/-/fast-json-stable-stringify-2.1.0.tgz 2847ms (cache miss)
4459 http fetch GET 200 https://registry.npmjs.org/redent/-/redent-3.0.0.tgz 2849ms (cache miss)
4460 http fetch GET 200 https://registry.npmjs.org/fast-deep-equal/-/fast-deep-equal-3.1.3.tgz 2849ms (cache miss)
4461 http fetch GET 200 https://registry.npmjs.org/json-schema-traverse/-/json-schema-traverse-0.4.1.tgz 2850ms (cache miss)
4462 http fetch GET 200 https://registry.npmjs.org/js-tokens/-/js-tokens-4.0.0.tgz 2850ms (cache miss)
4463 http fetch GET 200 https://registry.npmjs.org/css.escape/-/css.escape-1.5.1.tgz 2851ms (cache miss)
4464 http fetch GET 200 https://registry.npmjs.org/@babel/helper-validator-identifier/-/helper-validator-identifier-7.29.7.tgz 2852ms (cache miss)
4465 http fetch GET 200 https://registry.npmjs.org/form-data/-/form-data-4.0.6.tgz 2950ms (cache miss)
4466 http fetch GET 200 https://registry.npmjs.org/picocolors/-/picocolors-1.1.1.tgz 2873ms (cache miss)
4467 http fetch GET 200 https://registry.npmjs.org/@babel/code-frame/-/code-frame-7.29.7.tgz 2870ms (cache miss)
4468 http fetch GET 200 https://registry.npmjs.org/http-proxy-agent/-/http-proxy-agent-7.0.2.tgz 2971ms (cache miss)
4469 http fetch GET 200 https://registry.npmjs.org/semver/-/semver-6.3.1.tgz 2929ms (cache miss)
4470 http fetch GET 200 https://registry.npmjs.org/@csstools/css-color-parser/-/css-color-parser-3.1.0.tgz 3015ms (cache miss)
4471 http fetch GET 200 https://registry.npmjs.org/ts-api-utils/-/ts-api-utils-2.5.0.tgz 3053ms (cache miss)
4472 http fetch GET 200 https://registry.npmjs.org/@jridgewell/resolve-uri/-/resolve-uri-3.1.2.tgz 2994ms (cache miss)
4473 http fetch GET 200 https://registry.npmjs.org/unrs-resolver/-/unrs-resolver-1.12.2.tgz 2947ms (cache miss)
4474 http fetch GET 200 https://registry.npmjs.org/@types/aria-query/-/aria-query-5.0.4.tgz 2915ms (cache miss)
4475 http fetch GET 200 https://registry.npmjs.org/strip-json-comments/-/strip-json-comments-3.1.1.tgz 2911ms (cache miss)
4476 http fetch GET 200 https://registry.npmjs.org/state-local/-/state-local-1.0.7.tgz 2911ms (cache miss)
4477 http fetch GET 200 https://registry.npmjs.org/import-fresh/-/import-fresh-3.3.1.tgz 2909ms (cache miss)
4478 http fetch GET 200 https://registry.npmjs.org/decimal.js/-/decimal.js-10.6.0.tgz 3017ms (cache miss)
4479 http fetch GET 200 https://registry.npmjs.org/for-each/-/for-each-0.3.5.tgz 3067ms (cache miss)
4480 http fetch GET 200 https://registry.npmjs.org/minimatch/-/minimatch-3.1.5.tgz 2929ms (cache miss)
4481 http fetch GET 200 https://registry.npmjs.org/debug/-/debug-4.4.3.tgz 2928ms (cache miss)
4482 http fetch GET 200 https://registry.npmjs.org/is-generator-function/-/is-generator-function-1.1.2.tgz 3103ms (cache miss)
4483 http fetch GET 200 https://registry.npmjs.org/mime-db/-/mime-db-1.52.0.tgz 3054ms (cache miss)
4484 http fetch GET 200 https://registry.npmjs.org/eslint-visitor-keys/-/eslint-visitor-keys-5.0.1.tgz 3008ms (cache miss)
4485 http fetch GET 200 https://registry.npmjs.org/browserslist/-/browserslist-4.28.8.tgz 3113ms (cache miss)
4486 http fetch GET 200 https://registry.npmjs.org/picomatch/-/picomatch-2.3.2.tgz 3159ms (cache miss)
4487 http fetch GET 200 https://registry.npmjs.org/balanced-match/-/balanced-match-4.0.4.tgz 3038ms (cache miss)
4488 http fetch GET 200 https://registry.npmjs.org/prelude-ls/-/prelude-ls-1.2.1.tgz 3194ms (cache miss)
4489 http fetch GET 200 https://registry.npmjs.org/get-intrinsic/-/get-intrinsic-1.3.0.tgz 3148ms (cache miss)
4490 http fetch GET 200 https://registry.npmjs.org/@eslint/core/-/core-0.17.0.tgz 3119ms (cache miss)
4491 http fetch GET 200 https://registry.npmjs.org/cac/-/cac-6.7.14.tgz 3271ms (cache miss)
4492 http fetch GET 200 https://registry.npmjs.org/brace-expansion/-/brace-expansion-5.0.9.tgz 3092ms (cache miss)
4493 http fetch GET 200 https://registry.npmjs.org/react-is/-/react-is-16.13.1.tgz 3094ms (cache miss)
4494 http fetch GET 200 https://registry.npmjs.org/tinyglobby/-/tinyglobby-0.2.17.tgz 3164ms (cache miss)
4495 http fetch GET 200 https://registry.npmjs.org/is-array-buffer/-/is-array-buffer-3.0.5.tgz 3191ms (cache miss)
4496 http fetch GET 200 https://registry.npmjs.org/is-regex/-/is-regex-1.2.1.tgz 3193ms (cache miss)
4497 http fetch GET 200 https://registry.npmjs.org/typed-array-length/-/typed-array-length-1.0.8.tgz 3202ms (cache miss)
4498 http fetch GET 200 https://registry.npmjs.org/glob-parent/-/glob-parent-5.1.2.tgz 3146ms (cache miss)
4499 http fetch GET 200 https://registry.npmjs.org/braces/-/braces-3.0.3.tgz 3284ms (cache miss)
4500 http fetch GET 200 https://registry.npmjs.org/@vitest/snapshot/-/snapshot-2.1.9.tgz 3336ms (cache miss)
4501 http fetch GET 200 https://registry.npmjs.org/eslint-visitor-keys/-/eslint-visitor-keys-3.4.3.tgz 3166ms (cache miss)
4502 http fetch GET 200 https://registry.npmjs.org/ignore/-/ignore-5.3.2.tgz 3192ms (cache miss)
4503 http fetch GET 200 https://registry.npmjs.org/data-view-buffer/-/data-view-buffer-1.0.2.tgz 3249ms (cache miss)
4504 http fetch GET 200 https://registry.npmjs.org/available-typed-arrays/-/available-typed-arrays-1.0.7.tgz 3250ms (cache miss)
4505 http fetch GET 200 https://registry.npmjs.org/baseline-browser-mapping/-/baseline-browser-mapping-2.11.13.tgz 3298ms (cache miss)
4506 http fetch GET 200 https://registry.npmjs.org/is-symbol/-/is-symbol-1.1.1.tgz 3292ms (cache miss)
4507 http fetch GET 200 https://registry.npmjs.org/@vitest/runner/-/runner-2.1.9.tgz 3384ms (cache miss)
4508 http fetch GET 200 https://registry.npmjs.org/ansi-styles/-/ansi-styles-5.2.0.tgz 3248ms (cache miss)
4509 http fetch GET 200 https://registry.npmjs.org/define-data-property/-/define-data-property-1.1.4.tgz 3321ms (cache miss)
4510 http fetch GET 200 https://registry.npmjs.org/ignore/-/ignore-7.0.6.tgz 3259ms (cache miss)
4511 http fetch GET 200 https://registry.npmjs.org/globals/-/globals-14.0.0.tgz 3274ms (cache miss)
4512 http fetch GET 200 https://registry.npmjs.org/is-negative-zero/-/is-negative-zero-2.0.3.tgz 3336ms (cache miss)
4513 http fetch GET 200 https://registry.npmjs.org/eslint-visitor-keys/-/eslint-visitor-keys-3.4.3.tgz 3268ms (cache miss)
4514 http fetch GET 200 https://registry.npmjs.org/electron-to-chromium/-/electron-to-chromium-1.5.405.tgz 3382ms (cache miss)
4515 http fetch GET 200 https://registry.npmjs.org/doctrine/-/doctrine-2.1.0.tgz 3369ms (cache miss)
4516 http fetch GET 200 https://registry.npmjs.org/eslint-import-resolver-typescript/-/eslint-import-resolver-typescript-3.10.1.tgz 3359ms (cache miss)
4517 http fetch GET 200 https://registry.npmjs.org/get-tsconfig/-/get-tsconfig-4.14.1.tgz 3364ms (cache miss)
4518 http fetch GET 200 https://registry.npmjs.org/prop-types/-/prop-types-15.8.1.tgz 3412ms (cache miss)
4519 http fetch GET 200 https://registry.npmjs.org/call-bind/-/call-bind-1.0.9.tgz 3395ms (cache miss)
4520 http fetch GET 200 https://registry.npmjs.org/@humanfs/node/-/node-0.16.8.tgz 3368ms (cache miss)
4521 http fetch GET 200 https://registry.npmjs.org/@typescript-eslint/types/-/types-8.67.0.tgz 3509ms (cache miss)
4522 http fetch GET 200 https://registry.npmjs.org/@babel/helper-module-imports/-/helper-module-imports-7.29.7.tgz 3447ms (cache miss)
4523 http fetch GET 200 https://registry.npmjs.org/expect-type/-/expect-type-1.4.0.tgz 3519ms (cache miss)
4524 http fetch GET 200 https://registry.npmjs.org/fastq/-/fastq-1.20.1.tgz 3468ms (cache miss)
4525 http fetch GET 200 https://registry.npmjs.org/agent-base/-/agent-base-7.1.4.tgz 3510ms (cache miss)
4526 http fetch GET 200 https://registry.npmjs.org/eslint-visitor-keys/-/eslint-visitor-keys-4.2.1.tgz 3469ms (cache miss)
4527 http fetch GET 200 https://registry.npmjs.org/fdir/-/fdir-6.5.0.tgz 3481ms (cache miss)
4528 http fetch GET 200 https://registry.npmjs.org/scheduler/-/scheduler-0.27.0.tgz 3627ms (cache miss)
4529 http fetch GET 200 https://registry.npmjs.org/dompurify 3345ms (cache miss)
4530 silly packumentCache corgi:https://registry.npmjs.org/dompurify set size:undefined disposed:false
4531 http fetch GET 200 https://registry.npmjs.org/es-object-atoms/-/es-object-atoms-1.1.2.tgz 3607ms (cache miss)
4532 http fetch GET 200 https://registry.npmjs.org/string.prototype.trimstart/-/string.prototype.trimstart-1.0.8.tgz 3632ms (cache miss)
4533 http fetch GET 200 https://registry.npmjs.org/debug/-/debug-3.2.7.tgz 3584ms (cache miss)
4534 http fetch GET 200 https://registry.npmjs.org/eslint-config-next/-/eslint-config-next-16.3.0.tgz 3601ms (cache miss)
4535 http fetch GET 200 https://registry.npmjs.org/array.prototype.findlast/-/array.prototype.findlast-1.2.5.tgz 3689ms (cache miss)
4536 http fetch GET 200 https://registry.npmjs.org/debug/-/debug-3.2.7.tgz 3608ms (cache miss)
4537 http fetch GET 200 https://registry.npmjs.org/espree/-/espree-10.4.0.tgz 3630ms (cache miss)
4538 http fetch GET 200 https://registry.npmjs.org/string.prototype.trimend/-/string.prototype.trimend-1.0.10.tgz 3687ms (cache miss)
4539 http fetch GET 200 https://registry.npmjs.org/iceberg-js/-/iceberg-js-0.8.1.tgz 3648ms (cache miss)
4540 http fetch GET 200 https://registry.npmjs.org/acorn/-/acorn-8.18.0.tgz 3741ms (cache miss)
4541 http fetch GET 200 https://registry.npmjs.org/@eslint/object-schema/-/object-schema-2.1.7.tgz 3677ms (cache miss)
4542 http fetch GET 200 https://registry.npmjs.org/@humanfs/core/-/core-0.19.2.tgz 3679ms (cache miss)
4543 http fetch GET 200 https://registry.npmjs.org/globals/-/globals-16.4.0.tgz 3639ms (cache miss)
4544 http fetch GET 200 https://registry.npmjs.org/@eslint-community/regexpp/-/regexpp-4.12.2.tgz 3680ms (cache miss)
4545 http fetch GET 200 https://registry.npmjs.org/globalthis/-/globalthis-1.0.4.tgz 3734ms (cache miss)
4546 http fetch GET 200 https://registry.npmjs.org/tslib/-/tslib-2.8.1.tgz 3704ms (cache miss)
4547 http fetch GET 200 https://registry.npmjs.org/array.prototype.flatmap/-/array.prototype.flatmap-1.3.3.tgz 3749ms (cache miss)
4548 http fetch GET 200 https://registry.npmjs.org/picomatch/-/picomatch-4.0.5.tgz 3698ms (cache miss)
4549 http fetch GET 200 https://registry.npmjs.org/object.values/-/object.values-1.2.1.tgz 3768ms (cache miss)
4550 http fetch GET 200 https://registry.npmjs.org/magic-string/-/magic-string-0.30.21.tgz 3882ms (cache miss)
4551 http fetch GET 200 https://registry.npmjs.org/@eslint/plugin-kit/-/plugin-kit-0.4.1.tgz 3759ms (cache miss)
4552 http fetch GET 200 https://registry.npmjs.org/@eslint-community/eslint-utils/-/eslint-utils-4.10.1.tgz 3763ms (cache miss)
4553 http fetch GET 200 https://registry.npmjs.org/whatwg-url/-/whatwg-url-14.2.0.tgz 3863ms (cache miss)
4554 http fetch GET 200 https://registry.npmjs.org/@vitest/utils/-/utils-2.1.9.tgz 3919ms (cache miss)
4555 http fetch GET 200 https://registry.npmjs.org/debug/-/debug-3.2.7.tgz 3758ms (cache miss)
4556 http fetch GET 200 https://registry.npmjs.org/call-bind-apply-helpers/-/call-bind-apply-helpers-1.0.2.tgz 3831ms (cache miss)
4557 http fetch GET 200 https://registry.npmjs.org/source-map-js/-/source-map-js-1.2.1.tgz 3917ms (cache miss)
4558 http fetch GET 200 https://registry.npmjs.org/@babel/helper-compilation-targets/-/helper-compilation-targets-7.29.7.tgz 3873ms (cache miss)
4559 http fetch GET 200 https://registry.npmjs.org/@types/react-dom/-/react-dom-19.2.4.tgz 3792ms (cache miss)
4560 http fetch GET 200 https://registry.npmjs.org/zod-validation-error/-/zod-validation-error-4.0.2.tgz 3903ms (cache miss)
4561 http fetch GET 200 https://registry.npmjs.org/json5/-/json5-1.0.2.tgz 3810ms (cache miss)
4562 http fetch GET 200 https://registry.npmjs.org/hermes-estree/-/hermes-estree-0.25.1.tgz 3926ms (cache miss)
4563 http fetch GET 200 https://registry.npmjs.org/@babel/helper-module-transforms/-/helper-module-transforms-7.29.7.tgz 3932ms (cache miss)
4564 http fetch GET 200 https://registry.npmjs.org/eslint-scope/-/eslint-scope-8.4.0.tgz 3874ms (cache miss)
4565 http fetch GET 200 https://registry.npmjs.org/object.assign/-/object.assign-4.1.7.tgz 3920ms (cache miss)
4566 http fetch GET 200 https://registry.npmjs.org/@eslint-community/eslint-utils/-/eslint-utils-4.9.1.tgz 3869ms (cache miss)
4567 http fetch GET 200 https://registry.npmjs.org/@babel/template/-/template-7.29.7.tgz 3973ms (cache miss)
4568 http fetch GET 200 https://registry.npmjs.org/xmlchars/-/xmlchars-2.2.0.tgz 4035ms (cache miss)
4569 http fetch GET 200 https://registry.npmjs.org/@emnapi/runtime/-/runtime-1.11.3.tgz 4045ms (cache miss)
4570 http fetch GET 200 https://registry.npmjs.org/ws/-/ws-8.21.3.tgz 4028ms (cache miss)
4571 http fetch GET 200 https://registry.npmjs.org/esbuild 3764ms (cache miss)
4572 silly packumentCache corgi:https://registry.npmjs.org/esbuild set size:undefined disposed:false
4573 http fetch GET 200 https://registry.npmjs.org/minimist/-/minimist-1.2.8.tgz 4109ms (cache miss)
4574 http fetch GET 200 https://registry.npmjs.org/function.prototype.name/-/function.prototype.name-1.2.0.tgz 4039ms (cache miss)
4575 http fetch GET 200 https://registry.npmjs.org/nanoid/-/nanoid-3.3.18.tgz 4114ms (cache miss)
4576 http fetch GET 200 https://registry.npmjs.org/csstype/-/csstype-3.2.3.tgz 4011ms (cache miss)
4577 http fetch GET 200 https://registry.npmjs.org/json5/-/json5-2.2.3.tgz 4099ms (cache miss)
4578 http fetch GET 200 https://registry.npmjs.org/napi-postinstall/-/napi-postinstall-0.3.4.tgz 4187ms (cache miss)
4579 http fetch GET 200 https://registry.npmjs.org/@types/react/-/react-19.2.18.tgz 4046ms (cache miss)
4580 http fetch GET 200 https://registry.npmjs.org/lz-string/-/lz-string-1.5.0.tgz 4072ms (cache miss)
4581 http fetch GET 200 https://registry.npmjs.org/@vitest/mocker/-/mocker-2.1.9.tgz 4234ms (cache miss)
4582 http fetch GET 200 https://registry.npmjs.org/vitest 3961ms (cache miss)
4583 silly packumentCache corgi:https://registry.npmjs.org/vitest set size:undefined disposed:false
4584 http fetch GET 200 https://registry.npmjs.org/@monaco-editor/react/-/react-4.7.0.tgz 4174ms (cache miss)
4585 http fetch GET 200 https://registry.npmjs.org/marked/-/marked-14.0.0.tgz 4321ms (cache miss)
4586 http fetch GET 200 https://registry.npmjs.org/@rollup/rollup-win32-x64-gnu/-/rollup-win32-x64-gnu-4.62.4.tgz 4366ms (cache miss)
4587 http fetch GET 200 https://registry.npmjs.org/@eslint/config-array/-/config-array-0.21.2.tgz 4219ms (cache miss)
4588 http fetch GET 200 https://registry.npmjs.org/@unrs/resolver-binding-win32-x64-msvc/-/resolver-binding-win32-x64-msvc-1.12.2.tgz 4383ms (cache miss)
4589 http fetch GET 200 https://registry.npmjs.org/eslint-module-utils/-/eslint-module-utils-2.14.0.tgz 4289ms (cache miss)
4590 http fetch GET 200 https://registry.npmjs.org/styled-jsx/-/styled-jsx-5.1.6.tgz 4402ms (cache miss)
4591 http fetch GET 200 https://registry.npmjs.org/@jridgewell/sourcemap-codec/-/sourcemap-codec-1.5.5.tgz 4384ms (cache miss)
4592 http fetch GET 200 https://registry.npmjs.org/dompurify/-/dompurify-3.4.8.tgz 4459ms (cache miss)
4593 http fetch GET 200 https://registry.npmjs.org/esquery/-/esquery-1.7.0.tgz 4384ms (cache miss)
4594 http fetch GET 200 https://registry.npmjs.org/rrweb-cssom/-/rrweb-cssom-0.7.1.tgz 4504ms (cache miss)
4595 http fetch GET 200 https://registry.npmjs.org/@babel/parser/-/parser-7.29.8.tgz 4503ms (cache miss)
4596 http fetch GET 200 https://registry.npmjs.org/math-intrinsics/-/math-intrinsics-1.1.0.tgz 4476ms (cache miss)
4597 http fetch GET 200 https://registry.npmjs.org/@rollup/rollup-win32-x64-msvc/-/rollup-win32-x64-msvc-4.62.4.tgz 4665ms (cache miss)
4598 http fetch GET 200 https://registry.npmjs.org/@jridgewell/remapping/-/remapping-2.3.5.tgz 4705ms (cache miss)
4599 http fetch GET 200 https://registry.npmjs.org/@jridgewell/gen-mapping/-/gen-mapping-0.3.13.tgz 4712ms (cache miss)
4600 http fetch GET 200 https://registry.npmjs.org/react/-/react-19.2.8.tgz 4645ms (cache miss)
4601 http fetch GET 200 https://registry.npmjs.org/undici-types/-/undici-types-6.21.0.tgz 4678ms (cache miss)
4602 http fetch GET 200 https://registry.npmjs.org/object-inspect/-/object-inspect-1.13.4.tgz 4734ms (cache miss)
4603 http fetch GET 200 https://registry.npmjs.org/iconv-lite/-/iconv-lite-0.6.3.tgz 4875ms (cache miss)
4604 http fetch GET 200 https://registry.npmjs.org/@adobe/css-tools/-/css-tools-4.5.0.tgz 4733ms (cache miss)
4605 http fetch GET 200 https://registry.npmjs.org/vite-node/-/vite-node-2.1.9.tgz 4902ms (cache miss)
4606 http fetch GET 200 https://registry.npmjs.org/@testing-library/react/-/react-16.3.2.tgz 4747ms (cache miss)
4607 http fetch GET 200 https://registry.npmjs.org/lru-cache/-/lru-cache-10.4.3.tgz 4745ms (cache miss)
4608 http fetch GET 200 https://registry.npmjs.org/vite 4596ms (cache miss)
4609 silly packumentCache corgi:https://registry.npmjs.org/vite set size:undefined disposed:false
4610 http fetch GET 200 https://registry.npmjs.org/rrweb-cssom/-/rrweb-cssom-0.8.0.tgz 4828ms (cache miss)
4611 http fetch GET 200 https://registry.npmjs.org/language-subtag-registry/-/language-subtag-registry-0.3.23.tgz 4968ms (cache miss)
4612 http fetch GET 200 https://registry.npmjs.org/pretty-format/-/pretty-format-27.5.1.tgz 4924ms (cache miss)
4613 silly packumentCache corgi:https://registry.npmjs.org/monaco-editor cache-miss
4614 http fetch GET 200 https://registry.npmjs.org/@eslint/eslintrc/-/eslintrc-3.3.6.tgz 5142ms (cache miss)
4615 http fetch GET 200 https://registry.npmjs.org/@typescript-eslint/type-utils/-/type-utils-8.67.0.tgz 5367ms (cache miss)
4616 http fetch GET 200 https://registry.npmjs.org/tough-cookie/-/tough-cookie-5.1.2.tgz 5405ms (cache miss)
4617 http fetch GET 200 https://registry.npmjs.org/@monaco-editor/loader/-/loader-1.7.0.tgz 5321ms (cache miss)
4618 http fetch GET 200 https://registry.npmjs.org/@testing-library/jest-dom/-/jest-dom-6.9.1.tgz 5336ms (cache miss)
4619 http fetch GET 200 https://registry.npmjs.org/@supabase/postgrest-js/-/postgrest-js-2.112.3.tgz 5388ms (cache miss)
4620 http fetch GET 200 https://registry.npmjs.org/@jridgewell/trace-mapping/-/trace-mapping-0.3.31.tgz 5472ms (cache miss)
4621 http fetch GET 200 https://registry.npmjs.org/eslint-plugin-react-hooks/-/eslint-plugin-react-hooks-7.1.1.tgz 5426ms (cache miss)
4622 http fetch GET 200 https://registry.npmjs.org/@supabase/storage-js/-/storage-js-2.112.3.tgz 5415ms (cache miss)
4623 http fetch GET 200 https://registry.npmjs.org/sharp/-/sharp-0.35.3.tgz 5583ms (cache miss)
4624 http fetch GET 200 https://registry.npmjs.org/postcss/-/postcss-8.5.23.tgz 5588ms (cache miss)
4625 http fetch GET 200 https://registry.npmjs.org/js-yaml/-/js-yaml-4.3.1.tgz 5476ms (cache miss)
4626 http fetch GET 200 https://registry.npmjs.org/semver/-/semver-7.8.5.tgz 5492ms (cache miss)
4627 http fetch GET 200 https://registry.npmjs.org/semver/-/semver-7.8.5.tgz 5510ms (cache miss)
4628 http fetch GET 200 https://registry.npmjs.org/semver/-/semver-7.8.5.tgz 5508ms (cache miss)
4629 http fetch GET 200 https://registry.npmjs.org/rollup/-/rollup-4.62.4.tgz 5701ms (cache miss)
4630 http fetch GET 200 https://registry.npmjs.org/loupe/-/loupe-3.2.1.tgz 5720ms (cache miss)
4631 http fetch GET 200 https://registry.npmjs.org/@babel/generator/-/generator-7.29.8.tgz 5648ms (cache miss)
4632 http fetch GET 200 https://registry.npmjs.org/@supabase/supabase-js/-/supabase-js-2.112.3.tgz 5572ms (cache miss)
4633 http fetch GET 200 https://registry.npmjs.org/chai/-/chai-5.3.3.tgz 5747ms (cache miss)
4634 http fetch GET 200 https://registry.npmjs.org/axe-core/-/axe-core-4.13.0.tgz 5698ms (cache miss)
4635 http fetch GET 200 https://registry.npmjs.org/monaco-editor 743ms (cache miss)
4636 silly packumentCache corgi:https://registry.npmjs.org/monaco-editor set size:undefined disposed:false
4637 silly packumentCache corgi:https://registry.npmjs.org/@vitest%2fmocker cache-miss
4638 silly packumentCache corgi:https://registry.npmjs.org/vite-node cache-miss
4639 http fetch GET 200 https://registry.npmjs.org/hermes-parser/-/hermes-parser-0.25.1.tgz 5904ms (cache miss)
4640 http fetch GET 200 https://registry.npmjs.org/vite/-/vite-5.4.21.tgz 5988ms (cache miss)
4641 http fetch GET 200 https://registry.npmjs.org/tldts/-/tldts-6.1.86.tgz 6029ms (cache miss)
4642 http fetch GET 200 https://registry.npmjs.org/@supabase/functions-js/-/functions-js-2.112.3.tgz 5913ms (cache miss)
4643 http fetch GET 200 https://registry.npmjs.org/dom-accessibility-api/-/dom-accessibility-api-0.5.16.tgz 5925ms (cache miss)
4644 http fetch GET 200 https://registry.npmjs.org/uri-js/-/uri-js-4.4.1.tgz 5950ms (cache miss)
4645 http fetch GET 200 https://registry.npmjs.org/@vitest%2fmocker 228ms (cache miss)
4646 silly packumentCache corgi:https://registry.npmjs.org/@vitest%2fmocker set size:undefined disposed:false
4647 http fetch GET 200 https://registry.npmjs.org/@next/eslint-plugin-next/-/eslint-plugin-next-16.3.0.tgz 6008ms (cache miss)
4648 http fetch GET 200 https://registry.npmjs.org/fast-glob/-/fast-glob-3.3.1.tgz 6019ms (cache miss)
4649 http fetch GET 200 https://registry.npmjs.org/minimatch/-/minimatch-10.2.6.tgz 6023ms (cache miss)
4650 http fetch GET 200 https://registry.npmjs.org/vite-node 304ms (cache miss)
4651 silly packumentCache corgi:https://registry.npmjs.org/vite-node set size:undefined disposed:false
4652 http fetch GET 200 https://registry.npmjs.org/dom-accessibility-api/-/dom-accessibility-api-0.6.3.tgz 6062ms (cache miss)
4653 http fetch GET 200 https://registry.npmjs.org/@supabase/phoenix/-/phoenix-0.4.5.tgz 6212ms (cache miss)
4654 http fetch GET 200 https://registry.npmjs.org/@testing-library/dom/-/dom-10.4.1.tgz 6215ms (cache miss)
4655 silly packumentCache corgi:https://registry.npmjs.org/@monaco-editor%2freact cache-miss
4656 http fetch GET 200 https://registry.npmjs.org/@types/node/-/node-22.20.1.tgz 6265ms (cache miss)
4657 http fetch GET 200 https://registry.npmjs.org/@babel/traverse/-/traverse-7.29.8.tgz 6402ms (cache miss)
4658 http fetch GET 200 https://registry.npmjs.org/tsconfig-paths/-/tsconfig-paths-3.15.0.tgz 6376ms (cache miss)
4659 http fetch GET 200 https://registry.npmjs.org/parse5/-/parse5-7.3.0.tgz 6503ms (cache miss)
4660 http fetch GET 200 https://registry.npmjs.org/@typescript-eslint/typescript-estree/-/typescript-estree-8.67.0.tgz 6649ms (cache miss)
4661 http fetch GET 200 https://registry.npmjs.org/tldts-core/-/tldts-core-6.1.86.tgz 6665ms (cache miss)
4662 http fetch GET 200 https://registry.npmjs.org/@asamuzakjp/css-color/-/css-color-3.2.0.tgz 6649ms (cache miss)
4663 http fetch GET 200 https://registry.npmjs.org/@typescript-eslint/utils/-/utils-8.67.0.tgz 6686ms (cache miss)
4664 http fetch GET 200 https://registry.npmjs.org/@img/sharp-wasm32/-/sharp-wasm32-0.35.3.tgz 6710ms (cache miss)
4665 http fetch GET 200 https://registry.npmjs.org/cssstyle/-/cssstyle-4.6.0.tgz 6678ms (cache miss)
4666 http fetch GET 200 https://registry.npmjs.org/@esbuild/win32-x64/-/win32-x64-0.21.5.tgz 6795ms (cache miss)
4667 http fetch GET 200 https://registry.npmjs.org/entities/-/entities-6.0.1.tgz 6765ms (cache miss)
4668 http fetch GET 200 https://registry.npmjs.org/react-dom/-/react-dom-19.2.8.tgz 6671ms (cache miss)
4669 http fetch GET 200 https://registry.npmjs.org/@monaco-editor%2freact 468ms (cache miss)
4670 silly packumentCache corgi:https://registry.npmjs.org/@monaco-editor%2freact set size:undefined disposed:false
4671 http fetch GET 200 https://registry.npmjs.org/ajv/-/ajv-6.15.0.tgz 6747ms (cache miss)
4672 http fetch GET 200 https://registry.npmjs.org/vitest/-/vitest-2.1.9.tgz 6914ms (cache miss)
4673 http fetch GET 200 https://registry.npmjs.org/jsx-ast-utils/-/jsx-ast-utils-3.3.5.tgz 7022ms (cache miss)
4674 http fetch GET 200 https://registry.npmjs.org/es-iterator-helpers/-/es-iterator-helpers-1.4.0.tgz 7140ms (cache miss)
4675 http fetch GET 200 https://registry.npmjs.org/resolve/-/resolve-2.0.0-next.7.tgz 7109ms (cache miss)
4676 http fetch GET 200 https://registry.npmjs.org/@babel/core/-/core-7.29.7.tgz 7456ms (cache miss)
4677 http fetch GET 200 https://registry.npmjs.org/eslint-plugin-import/-/eslint-plugin-import-2.32.0.tgz 7429ms (cache miss)
4678 http fetch GET 200 https://registry.npmjs.org/axobject-query/-/axobject-query-4.1.0.tgz 7713ms (cache miss)
4679 http fetch GET 200 https://registry.npmjs.org/@supabase/realtime-js/-/realtime-js-2.112.3.tgz 7701ms (cache miss)
4680 http fetch GET 200 https://registry.npmjs.org/@img/sharp-win32-x64/-/sharp-win32-x64-0.35.3.tgz 7846ms (cache miss)
4681 http fetch GET 200 https://registry.npmjs.org/@babel/types/-/types-7.29.8.tgz 8120ms (cache miss)
4682 http fetch GET 200 https://registry.npmjs.org/@babel/runtime/-/runtime-7.29.7.tgz 8252ms (cache miss)
4683 http fetch GET 200 https://registry.npmjs.org/aria-query/-/aria-query-5.3.0.tgz 8320ms (cache miss)
4684 http fetch GET 200 https://registry.npmjs.org/aria-query/-/aria-query-5.3.2.tgz 8417ms (cache miss)
4685 http fetch GET 200 https://registry.npmjs.org/@supabase/auth-js/-/auth-js-2.112.3.tgz 8617ms (cache miss)
4686 http fetch GET 200 https://registry.npmjs.org/@babel/helpers/-/helpers-7.29.7.tgz 8700ms (cache miss)
4687 http fetch GET 200 https://registry.npmjs.org/eslint-plugin-jsx-a11y/-/eslint-plugin-jsx-a11y-6.10.2.tgz 8665ms (cache miss)
4688 http fetch GET 200 https://registry.npmjs.org/typescript/-/typescript-5.9.3.tgz 8849ms (cache miss)
4689 http fetch GET 200 https://registry.npmjs.org/@swc/helpers/-/helpers-0.5.15.tgz 9213ms (cache miss)
4690 http fetch GET 200 https://registry.npmjs.org/@typescript-eslint/scope-manager/-/scope-manager-8.67.0.tgz 9385ms (cache miss)
4691 http fetch GET 200 https://registry.npmjs.org/eslint-plugin-react/-/eslint-plugin-react-7.37.5.tgz 9588ms (cache miss)
4692 http fetch GET 200 https://registry.npmjs.org/eslint/-/eslint-9.39.5.tgz 9869ms (cache miss)
4693 http fetch GET 200 https://registry.npmjs.org/@typescript-eslint/eslint-plugin/-/eslint-plugin-8.67.0.tgz 10168ms (cache miss)
4694 http fetch GET 200 https://registry.npmjs.org/jsdom/-/jsdom-25.0.1.tgz 11135ms (cache miss)
4695 http fetch GET 200 https://registry.npmjs.org/@next/swc-win32-x64-msvc/-/swc-win32-x64-msvc-16.3.0.tgz 11384ms (cache miss)
4696 http fetch GET 200 https://registry.npmjs.org/zod/-/zod-4.4.3.tgz 11777ms (cache miss)
4697 http fetch GET 200 https://registry.npmjs.org/caniuse-lite/-/caniuse-lite-1.0.30001809.tgz 11789ms (cache miss)
4698 http fetch GET 200 https://registry.npmjs.org/es-abstract/-/es-abstract-1.24.2.tgz 15470ms (cache miss)
4699 http fetch GET 200 https://registry.npmjs.org/monaco-editor/-/monaco-editor-0.56.0.tgz 21065ms (cache miss)
4700 http fetch GET 200 https://registry.npmjs.org/lucide-react/-/lucide-react-0.468.0.tgz 24860ms (cache miss)
4701 http fetch GET 200 https://registry.npmjs.org/date-fns/-/date-fns-4.4.0.tgz 25122ms (cache miss)
4702 http fetch GET 200 https://registry.npmjs.org/next/-/next-16.3.0.tgz 44131ms (cache miss)
4703 info run esbuild@0.21.5 postinstall node_modules/esbuild node install.js
4704 info run unrs-resolver@1.12.2 postinstall node_modules/unrs-resolver node postinstall.js
4705 info run unrs-resolver@1.12.2 postinstall { code: 0, signal: null }
4706 info run esbuild@0.21.5 postinstall { code: 0, signal: null }
4707 silly ADD node_modules/stackback
4708 silly ADD node_modules/siginfo
4709 silly ADD node_modules/is-weakset
4710 silly ADD node_modules/is-weakmap
4711 silly ADD node_modules/is-map
4712 silly ADD node_modules/generator-function
4713 silly ADD node_modules/async-function
4714 silly ADD node_modules/which-collection
4715 silly ADD node_modules/is-generator-function
4716 silly ADD node_modules/is-finalizationregistry
4717 silly ADD node_modules/is-async-function
4718 silly ADD node_modules/is-number-object
4719 silly ADD node_modules/is-boolean-object
4720 silly ADD node_modules/is-bigint
4721 silly ADD node_modules/isexe
4722 silly ADD node_modules/tr46
4723 silly ADD node_modules/safer-buffer
4724 silly ADD node_modules/iconv-lite
4725 silly ADD node_modules/es-module-lexer
4726 silly ADD node_modules/cac
4727 silly ADD node_modules/@rollup/rollup-win32-x64-msvc
4728 silly ADD node_modules/@rollup/rollup-win32-x64-gnu
4729 silly ADD node_modules/@esbuild/win32-x64
4730 silly ADD node_modules/rollup
4731 silly ADD node_modules/esbuild
4732 silly ADD node_modules/pathval
4733 silly ADD node_modules/deep-eql
4734 silly ADD node_modules/check-error
4735 silly ADD node_modules/assertion-error
4736 silly ADD node_modules/loupe
4737 silly ADD node_modules/tinyspy
4738 silly ADD node_modules/estree-walker
4739 silly ADD node_modules/why-is-node-running
4740 silly ADD node_modules/vite-node
4741 silly ADD node_modules/vite
4742 silly ADD node_modules/tinyrainbow
4743 silly ADD node_modules/tinypool
4744 silly ADD node_modules/tinyexec
4745 silly ADD node_modules/tinybench
4746 silly ADD node_modules/std-env
4747 silly ADD node_modules/pathe
4748 silly ADD node_modules/magic-string
4749 silly ADD node_modules/expect-type
4750 silly ADD node_modules/chai
4751 silly ADD node_modules/@vitest/utils
4752 silly ADD node_modules/@vitest/spy
4753 silly ADD node_modules/@vitest/snapshot
4754 silly ADD node_modules/@vitest/runner
4755 silly ADD node_modules/@vitest/pretty-format
4756 silly ADD node_modules/@vitest/mocker
4757 silly ADD node_modules/@vitest/expect
4758 silly ADD node_modules/punycode
4759 silly ADD node_modules/escalade
4760 silly ADD node_modules/napi-postinstall
4761 silly ADD node_modules/@unrs/resolver-binding-win32-x64-msvc
4762 silly ADD node_modules/which-boxed-primitive
4763 silly ADD node_modules/has-bigints
4764 silly ADD node_modules/@typescript-eslint/tsconfig-utils
4765 silly ADD node_modules/@typescript-eslint/project-service
4766 silly ADD node_modules/@typescript-eslint/types
4767 silly ADD node_modules/ts-api-utils
4768 silly ADD node_modules/@typescript-eslint/visitor-keys
4769 silly ADD node_modules/@typescript-eslint/visitor-keys/node_modules/eslint-visitor-keys
4770 silly ADD node_modules/@typescript-eslint/type-utils
4771 silly ADD node_modules/@typescript-eslint/scope-manager
4772 silly ADD node_modules/@typescript-eslint/utils
4773 silly ADD node_modules/@typescript-eslint/typescript-estree
4774 silly ADD node_modules/@typescript-eslint/typescript-estree/node_modules/balanced-match
4775 silly ADD node_modules/@typescript-eslint/typescript-estree/node_modules/brace-expansion
4776 silly ADD node_modules/@typescript-eslint/typescript-estree/node_modules/semver
4777 silly ADD node_modules/@typescript-eslint/typescript-estree/node_modules/minimatch
4778 silly ADD node_modules/@typescript-eslint/parser
4779 silly ADD node_modules/@typescript-eslint/eslint-plugin
4780 silly ADD node_modules/@typescript-eslint/eslint-plugin/node_modules/ignore
4781 silly ADD node_modules/which-builtin-type
4782 silly ADD node_modules/reflect.getprototypeof
4783 silly ADD node_modules/for-each
4784 silly ADD node_modules/strip-bom
4785 silly ADD node_modules/minimist
4786 silly ADD node_modules/@types/json5
4787 silly ADD node_modules/tldts-core
4788 silly ADD node_modules/tldts
4789 silly ADD node_modules/is-number
4790 silly ADD node_modules/has-flag
4791 silly ADD node_modules/client-only
4792 silly ADD node_modules/min-indent
4793 silly ADD node_modules/side-channel-weakmap
4794 silly ADD node_modules/side-channel-map
4795 silly ADD node_modules/side-channel-list
4796 silly ADD node_modules/shebang-regex
4797 silly ADD node_modules/@emnapi/runtime
4798 silly ADD node_modules/@img/sharp-wasm32
4799 silly ADD node_modules/detect-libc
4800 silly ADD node_modules/@img/sharp-win32-x64
4801 silly ADD node_modules/@img/colour
4802 silly ADD node_modules/xmlchars
4803 silly ADD node_modules/isarray
4804 silly ADD node_modules/queue-microtask
4805 silly ADD node_modules/supports-preserve-symlinks-flag
4806 silly ADD node_modules/path-parse
4807 silly ADD node_modules/node-exports-info
4808 silly ADD node_modules/strip-indent
4809 silly ADD node_modules/indent-string
4810 silly ADD node_modules/scheduler
4811 silly ADD node_modules/object-assign
4812 silly ADD node_modules/loose-envify
4813 silly ADD node_modules/react-is
4814 silly ADD node_modules/ansi-regex
4815 silly ADD node_modules/source-map-js
4816 silly ADD node_modules/nanoid
4817 silly ADD node_modules/entities
4818 silly ADD node_modules/callsites
4819 silly ADD node_modules/yocto-queue
4820 silly ADD node_modules/p-limit
4821 silly ADD node_modules/word-wrap
4822 silly ADD node_modules/fast-levenshtein
4823 silly ADD node_modules/deep-is
4824 silly ADD node_modules/styled-jsx
4825 silly ADD node_modules/sharp
4826 silly ADD node_modules/sharp/node_modules/semver
4827 silly ADD node_modules/postcss
4828 silly ADD node_modules/@swc/helpers
4829 silly ADD node_modules/@next/swc-win32-x64-msvc
4830 silly ADD node_modules/@next/env
4831 silly ADD node_modules/@types/trusted-types
4832 silly ADD node_modules/marked
4833 silly ADD node_modules/dompurify
4834 silly ADD node_modules/concat-map
4835 silly ADD node_modules/balanced-match
4836 silly ADD node_modules/brace-expansion
4837 silly ADD node_modules/mime-db
4838 silly ADD node_modules/to-regex-range
4839 silly ADD node_modules/fill-range
4840 silly ADD node_modules/picomatch
4841 silly ADD node_modules/braces
4842 silly ADD node_modules/yallist
4843 silly ADD node_modules/p-locate
4844 silly ADD node_modules/type-check
4845 silly ADD node_modules/prelude-ls
4846 silly ADD node_modules/language-subtag-registry
4847 silly ADD node_modules/json-buffer
4848 silly ADD node_modules/agent-base
4849 silly ADD node_modules/delayed-stream
4850 silly ADD node_modules/mime-types
4851 silly ADD node_modules/combined-stream
4852 silly ADD node_modules/asynckit
4853 silly ADD node_modules/@csstools/color-helpers
4854 silly ADD node_modules/@csstools/css-color-parser
4855 silly ADD node_modules/@csstools/css-parser-algorithms
4856 silly ADD node_modules/@csstools/css-tokenizer
4857 silly ADD node_modules/@csstools/css-calc
4858 silly ADD node_modules/@asamuzakjp/css-color
4859 silly ADD node_modules/@asamuzakjp/css-color/node_modules/lru-cache
4860 silly ADD node_modules/xml-name-validator
4861 silly ADD node_modules/ws
4862 silly ADD node_modules/whatwg-url
4863 silly ADD node_modules/whatwg-mimetype
4864 silly ADD node_modules/whatwg-encoding
4865 silly ADD node_modules/webidl-conversions
4866 silly ADD node_modules/w3c-xmlserializer
4867 silly ADD node_modules/tough-cookie
4868 silly ADD node_modules/symbol-tree
4869 silly ADD node_modules/saxes
4870 silly ADD node_modules/rrweb-cssom
4871 silly ADD node_modules/parse5
4872 silly ADD node_modules/nwsapi
4873 silly ADD node_modules/is-potential-custom-element-name
4874 silly ADD node_modules/https-proxy-agent
4875 silly ADD node_modules/http-proxy-agent
4876 silly ADD node_modules/html-encoding-sniffer
4877 silly ADD node_modules/form-data
4878 silly ADD node_modules/decimal.js
4879 silly ADD node_modules/data-urls
4880 silly ADD node_modules/cssstyle
4881 silly ADD node_modules/cssstyle/node_modules/rrweb-cssom
4882 silly ADD node_modules/argparse
4883 silly ADD node_modules/set-function-name
4884 silly ADD node_modules/is-extglob
4885 silly ADD node_modules/side-channel
4886 silly ADD node_modules/resolve-from
4887 silly ADD node_modules/parent-module
4888 silly ADD node_modules/hermes-estree
4889 silly ADD node_modules/resolve-pkg-maps
4890 silly ADD node_modules/dunder-proto
4891 silly ADD node_modules/is-document.all
4892 silly ADD node_modules/functions-have-names
4893 silly ADD node_modules/keyv
4894 silly ADD node_modules/flatted
4895 silly ADD node_modules/path-exists
4896 silly ADD node_modules/locate-path
4897 silly ADD node_modules/flat-cache
4898 silly ADD node_modules/reusify
4899 silly ADD node_modules/run-parallel
4900 silly ADD node_modules/fastq
4901 silly ADD node_modules/@nodelib/fs.scandir
4902 silly ADD node_modules/micromatch
4903 silly ADD node_modules/merge2
4904 silly ADD node_modules/@nodelib/fs.walk
4905 silly ADD node_modules/@nodelib/fs.stat
4906 silly ADD node_modules/acorn-jsx
4907 silly ADD node_modules/acorn
4908 silly ADD node_modules/esrecurse
4909 silly ADD node_modules/update-browserslist-db
4910 silly ADD node_modules/node-releases
4911 silly ADD node_modules/electron-to-chromium
4912 silly ADD node_modules/caniuse-lite
4913 silly ADD node_modules/baseline-browser-mapping
4914 silly ADD node_modules/@jridgewell/resolve-uri
4915 silly ADD node_modules/@jridgewell/sourcemap-codec
4916 silly ADD node_modules/@babel/helper-string-parser
4917 silly ADD node_modules/@babel/helper-globals
4918 silly ADD node_modules/@babel/helper-module-imports
4919 silly ADD node_modules/lru-cache
4920 silly ADD node_modules/browserslist
4921 silly ADD node_modules/@babel/helper-validator-option
4922 silly ADD node_modules/@babel/compat-data
4923 silly ADD node_modules/jsesc
4924 silly ADD node_modules/@jridgewell/trace-mapping
4925 silly ADD node_modules/@jridgewell/gen-mapping
4926 silly ADD node_modules/json5
4927 silly ADD node_modules/gensync
4928 silly ADD node_modules/convert-source-map
4929 silly ADD node_modules/@jridgewell/remapping
4930 silly ADD node_modules/@babel/types
4931 silly ADD node_modules/@babel/traverse
4932 silly ADD node_modules/@babel/template
4933 silly ADD node_modules/@babel/helpers
4934 silly ADD node_modules/@babel/helper-module-transforms
4935 silly ADD node_modules/@babel/helper-compilation-targets
4936 silly ADD node_modules/@babel/generator
4937 silly ADD node_modules/zod-validation-error
4938 silly ADD node_modules/zod
4939 silly ADD node_modules/hermes-parser
4940 silly ADD node_modules/@babel/parser
4941 silly ADD node_modules/@babel/core
4942 silly ADD node_modules/iterator.prototype
4943 silly ADD node_modules/string.prototype.repeat
4944 silly ADD node_modules/string.prototype.matchall
4945 silly ADD node_modules/prop-types
4946 silly ADD node_modules/prop-types/node_modules/react-is
4947 silly ADD node_modules/object.entries
4948 silly ADD node_modules/estraverse
4949 silly ADD node_modules/es-iterator-helpers
4950 silly ADD node_modules/array.prototype.tosorted
4951 silly ADD node_modules/array.prototype.findlast
4952 silly ADD node_modules/string.prototype.includes
4953 silly ADD node_modules/language-tags
4954 silly ADD node_modules/jsx-ast-utils
4955 silly ADD node_modules/emoji-regex
4956 silly ADD node_modules/damerau-levenshtein
4957 silly ADD node_modules/axobject-query
4958 silly ADD node_modules/axe-core
4959 silly ADD node_modules/ast-types-flow
4960 silly ADD node_modules/is-symbol
4961 silly ADD node_modules/is-date-object
4962 silly ADD node_modules/es-abstract-get
4963 silly ADD node_modules/has-tostringtag
4964 silly ADD node_modules/possible-typed-array-names
4965 silly ADD node_modules/which-typed-array
4966 silly ADD node_modules/unbox-primitive
4967 silly ADD node_modules/typed-array-length
4968 silly ADD node_modules/typed-array-byte-offset
4969 silly ADD node_modules/typed-array-byte-length
4970 silly ADD node_modules/typed-array-buffer
4971 silly ADD node_modules/string.prototype.trimstart
4972 silly ADD node_modules/string.prototype.trim
4973 silly ADD node_modules/stop-iteration-iterator
4974 silly ADD node_modules/set-proto
4975 silly ADD node_modules/safe-regex-test
4976 silly ADD node_modules/safe-push-apply
4977 silly ADD node_modules/safe-array-concat
4978 silly ADD node_modules/regexp.prototype.flags
4979 silly ADD node_modules/own-keys
4980 silly ADD node_modules/object.assign
4981 silly ADD node_modules/object-inspect
4982 silly ADD node_modules/is-weakref
4983 silly ADD node_modules/is-typed-array
4984 silly ADD node_modules/is-shared-array-buffer
4985 silly ADD node_modules/is-set
4986 silly ADD node_modules/is-regex
4987 silly ADD node_modules/is-negative-zero
4988 silly ADD node_modules/is-data-view
4989 silly ADD node_modules/is-callable
4990 silly ADD node_modules/is-array-buffer
4991 silly ADD node_modules/internal-slot
4992 silly ADD node_modules/has-symbols
4993 silly ADD node_modules/has-proto
4994 silly ADD node_modules/globalthis
4995 silly ADD node_modules/get-symbol-description
4996 silly ADD node_modules/get-proto
4997 silly ADD node_modules/function.prototype.name
4998 silly ADD node_modules/es-to-primitive
4999 silly ADD node_modules/es-set-tostringtag
5000 silly ADD node_modules/data-view-byte-offset
5001 silly ADD node_modules/data-view-byte-length
5002 silly ADD node_modules/data-view-buffer
5003 silly ADD node_modules/available-typed-arrays
5004 silly ADD node_modules/arraybuffer.prototype.slice
5005 silly ADD node_modules/array-buffer-byte-length
5006 silly ADD node_modules/gopd
5007 silly ADD node_modules/object-keys
5008 silly ADD node_modules/has-property-descriptors
5009 silly ADD node_modules/define-data-property
5010 silly ADD node_modules/function-bind
5011 silly ADD node_modules/set-function-length
5012 silly ADD node_modules/es-define-property
5013 silly ADD node_modules/call-bind-apply-helpers
5014 silly ADD node_modules/es-shim-unscopables
5015 silly ADD node_modules/es-errors
5016 silly ADD node_modules/math-intrinsics
5017 silly ADD node_modules/is-string
5018 silly ADD node_modules/get-intrinsic
5019 silly ADD node_modules/es-object-atoms
5020 silly ADD node_modules/es-abstract
5021 silly ADD node_modules/define-properties
5022 silly ADD node_modules/call-bound
5023 silly ADD node_modules/call-bind
5024 silly ADD node_modules/tsconfig-paths
5025 silly ADD node_modules/tsconfig-paths/node_modules/json5
5026 silly ADD node_modules/string.prototype.trimend
5027 silly ADD node_modules/semver
5028 silly ADD node_modules/object.values
5029 silly ADD node_modules/object.groupby
5030 silly ADD node_modules/object.fromentries
5031 silly ADD node_modules/hasown
5032 silly ADD node_modules/eslint-module-utils
5033 silly ADD node_modules/eslint-module-utils/node_modules/debug
5034 silly ADD node_modules/doctrine
5035 silly ADD node_modules/array.prototype.flatmap
5036 silly ADD node_modules/array.prototype.flat
5037 silly ADD node_modules/array.prototype.findlastindex
5038 silly ADD node_modules/array-includes
5039 silly ADD node_modules/@rtsao/scc
5040 silly ADD node_modules/unrs-resolver
5041 silly ADD node_modules/tinyglobby
5042 silly ADD node_modules/tinyglobby/node_modules/picomatch
5043 silly ADD node_modules/tinyglobby/node_modules/fdir
5044 silly ADD node_modules/stable-hash
5045 silly ADD node_modules/is-bun-module
5046 silly ADD node_modules/is-bun-module/node_modules/semver
5047 silly ADD node_modules/get-tsconfig
5048 silly ADD node_modules/@nolyfill/is-core-module
5049 silly ADD node_modules/resolve
5050 silly ADD node_modules/is-core-module
5051 silly ADD node_modules/fast-glob
5052 silly ADD node_modules/fast-glob/node_modules/glob-parent
5053 silly ADD node_modules/typescript-eslint
5054 silly ADD node_modules/eslint-plugin-react-hooks
5055 silly ADD node_modules/eslint-plugin-react
5056 silly ADD node_modules/eslint-plugin-jsx-a11y
5057 silly ADD node_modules/eslint-plugin-jsx-a11y/node_modules/aria-query
5058 silly ADD node_modules/eslint-plugin-import
5059 silly ADD node_modules/eslint-plugin-import/node_modules/debug
5060 silly ADD node_modules/eslint-import-resolver-typescript
5061 silly ADD node_modules/eslint-import-resolver-node
5062 silly ADD node_modules/eslint-import-resolver-node/node_modules/debug
5063 silly ADD node_modules/@next/eslint-plugin-next
5064 silly ADD node_modules/@next/eslint-plugin-next/node_modules/eslint-visitor-keys
5065 silly ADD node_modules/@next/eslint-plugin-next/node_modules/@eslint-community/eslint-utils
5066 silly ADD node_modules/which
5067 silly ADD node_modules/shebang-command
5068 silly ADD node_modules/path-key
5069 silly ADD node_modules/color-name
5070 silly ADD node_modules/color-convert
5071 silly ADD node_modules/supports-color
5072 silly ADD node_modules/ansi-styles
5073 silly ADD node_modules/@humanfs/types
5074 silly ADD node_modules/@humanfs/core
5075 silly ADD node_modules/levn
5076 silly ADD node_modules/@types/json-schema
5077 silly ADD node_modules/@eslint/object-schema
5078 silly ADD node_modules/optionator
5079 silly ADD node_modules/natural-compare
5080 silly ADD node_modules/lodash.merge
5081 silly ADD node_modules/json-stable-stringify-without-jsonify
5082 silly ADD node_modules/is-glob
5083 silly ADD node_modules/imurmurhash
5084 silly ADD node_modules/glob-parent
5085 silly ADD node_modules/find-up
5086 silly ADD node_modules/file-entry-cache
5087 silly ADD node_modules/esutils
5088 silly ADD node_modules/esquery
5089 silly ADD node_modules/eslint-visitor-keys
5090 silly ADD node_modules/eslint-scope
5091 silly ADD node_modules/escape-string-regexp
5092 silly ADD node_modules/cross-spawn
5093 silly ADD node_modules/chalk
5094 silly ADD node_modules/@types/estree
5095 silly ADD node_modules/@humanwhocodes/retry
5096 silly ADD node_modules/@humanwhocodes/module-importer
5097 silly ADD node_modules/@humanfs/node
5098 silly ADD node_modules/@eslint/plugin-kit
5099 silly ADD node_modules/@eslint/js
5100 silly ADD node_modules/@eslint/core
5101 silly ADD node_modules/@eslint/config-helpers
5102 silly ADD node_modules/@eslint/config-array
5103 silly ADD node_modules/@eslint-community/regexpp
5104 silly ADD node_modules/@eslint-community/eslint-utils
5105 silly ADD node_modules/@eslint-community/eslint-utils/node_modules/eslint-visitor-keys
5106 silly ADD node_modules/ms
5107 silly ADD node_modules/dequal
5108 silly ADD node_modules/uri-js
5109 silly ADD node_modules/json-schema-traverse
5110 silly ADD node_modules/fast-json-stable-stringify
5111 silly ADD node_modules/fast-deep-equal
5112 silly ADD node_modules/csstype
5113 silly ADD node_modules/undici-types
5114 silly ADD node_modules/redent
5115 silly ADD node_modules/css.escape
5116 silly ADD node_modules/@adobe/css-tools
5117 silly ADD node_modules/js-tokens
5118 silly ADD node_modules/@babel/helper-validator-identifier
5119 silly ADD node_modules/pretty-format
5120 silly ADD node_modules/pretty-format/node_modules/ansi-styles
5121 silly ADD node_modules/picocolors
5122 silly ADD node_modules/lz-string
5123 silly ADD node_modules/dom-accessibility-api
5124 silly ADD node_modules/aria-query
5125 silly ADD node_modules/@types/aria-query
5126 silly ADD node_modules/@babel/runtime
5127 silly ADD node_modules/@babel/code-frame
5128 silly ADD node_modules/iceberg-js
5129 silly ADD node_modules/@supabase/phoenix
5130 silly ADD node_modules/tslib
5131 silly ADD node_modules/@supabase/storage-js
5132 silly ADD node_modules/@supabase/realtime-js
5133 silly ADD node_modules/@supabase/postgrest-js
5134 silly ADD node_modules/@supabase/functions-js
5135 silly ADD node_modules/@supabase/auth-js
5136 silly ADD node_modules/state-local
5137 silly ADD node_modules/@monaco-editor/loader
5138 silly ADD node_modules/strip-json-comments
5139 silly ADD node_modules/minimatch
5140 silly ADD node_modules/js-yaml
5141 silly ADD node_modules/import-fresh
5142 silly ADD node_modules/ignore
5143 silly ADD node_modules/globals
5144 silly ADD node_modules/espree
5145 silly ADD node_modules/debug
5146 silly ADD node_modules/ajv
5147 silly ADD node_modules/vitest
5148 silly ADD node_modules/typescript
5149 silly ADD node_modules/next
5150 silly ADD node_modules/lucide-react
5151 silly ADD node_modules/jsdom
5152 silly ADD node_modules/eslint-config-next
5153 silly ADD node_modules/eslint-config-next/node_modules/globals
5154 silly ADD node_modules/eslint
5155 silly ADD node_modules/date-fns
5156 silly ADD node_modules/@types/react-dom
5157 silly ADD node_modules/@types/react
5158 silly ADD node_modules/@types/node
5159 silly ADD node_modules/@testing-library/dom
5160 silly ADD node_modules/@testing-library/react
5161 silly ADD node_modules/@testing-library/jest-dom
5162 silly ADD node_modules/@testing-library/jest-dom/node_modules/dom-accessibility-api
5163 silly ADD node_modules/@supabase/supabase-js
5164 silly ADD node_modules/monaco-editor
5165 silly ADD node_modules/react-dom
5166 silly ADD node_modules/react
5167 silly ADD node_modules/@monaco-editor/react
5168 silly ADD node_modules/@eslint/eslintrc
5169 verbose cwd C:\Users\Administrator\Desktop\새 폴더 (2)\project\algostudy
5170 verbose os Windows_NT 10.0.26200
5171 verbose node v26.1.0
5172 verbose npm  v11.11.0
5173 verbose exit 0
5174 info ok
